# .PCD v0.7 - Point Cloud Data file format
VERSION 0.7
FIELDS x y z intensity
SIZE 4 4 4 4
TYPE F F F F
COUNT 1 1 1 1
WIDTH 13457
HEIGHT 1
VIEWPOINT 0 0 0 1 0 0 0
POINTS 13457
DATA ascii
-10.998 0.398 -1.114 1
-11.039 0.66600001 -1.119 1
-11.072 0.93699998 -1.124 1
-11.105 1.21 -1.13 1
6.1820002 2.691 -0.801 5
6.085 3.191 -0.80500001 48
6.6630001 3.701 -0.88800001 11
6.6430001 3.8789999 -0.84899998 14
6.6399999 3.902 -0.89200002 10
-11.007 0.838 -0.736 37
-11.038 1.101 -0.73799998 10
-7.4359999 1.359 -0.76200002 1
6.1950002 2.1589999 -0.74599999 40
6.2290001 2.3505001 -0.77600002 3
6.198 2.503 -0.75599998 3
6.2069998 2.5250001 -0.79900002 5
6.1900001 2.674 -0.75999999 4
6.191 2.8540001 -0.76499999 0
6.0890002 3.174 -0.76499999 50
6.092 3.3640001 -0.77200001 9
-6.3909998 3.846 -0.71399999 9
-10.945 0.428 -0.61500001 44
-10.979 0.68599999 -0.61799997 41
5.263 0.76599997 -0.653 17
-11.006 0.94700003 -0.62099999 75
-11.487 1.263 -0.65100002 107
-7.724 1.303 -0.685 38
-7.5630002 1.327 -0.648 24
-7.0929999 1.375 -0.63 28
-10.838 1.449 -0.616 12
-6.7940001 1.411 -0.69800001 30
6.829 1.941 -0.62099999 3
6.8540001 2.1229999 -0.62699997 31
6.842 2.299 -0.63 51
-4.8309999 2.4719999 -0.62099999 18
6.8189998 2.471 -0.63200003 27
6.7880001 2.6440001 -0.634 29
6.7870002 2.829 -0.639 28
6.7610002 3.007 -0.64200002 25
6.7420001 3.1919999 -0.64600003 22
6.7160001 3.375 -0.64899999 21
6.665 3.7550001 -0.65799999 25
-6.2800002 3.8499999 -0.60600001 11
6.6269999 3.9430001 -0.662 9
-6.9490004 4.0450001 -0.65499997 2
-10.949 0.52399999 -0.53200001 73
-10.989 0.778 -0.53600001 75
-7.664 1.3150001 -0.514 28
-6.9809999 1.396 -0.60000002 23
-6.5879998 1.441 -0.58600003 3
6.8410001 1.92 -0.56199998 2
-4.7750001 2.141 -0.51300001 74
6.9180002 2.1275001 -0.56449997 0
6.8379998 2.2845001 -0.56 51
-4.8150001 2.3 -0.52100003 17
-4.8309999 2.4519999 -0.52600002 18
6.8175001 2.46 -0.56050003 31.5
-4.8540001 2.6110001 -0.53299999 18
6.7925 2.635 -0.56099999 33
-4.8649998 2.7709999 -0.53799999 13
6.7735 2.8164999 -0.56200004 30.5
6.756 2.9809999 -0.57599998 32
6.7639999 3.023 -0.551 25
6.744 3.168 -0.57999998 25
6.0910001 3.2449999 -0.59500003 0
6.7340002 3.2049999 -0.55000001 21
6.7220001 3.3529999 -0.583 37
6.724 3.4030001 -0.551 37
6.6815004 3.7665 -0.57099998 19.5
-6.2950001 3.8770001 -0.59100002 14
6.6329999 3.918 -0.59200001 12
-2.7249999 4.461 -0.50400001 10
1.6735001 6.4770002 -0.5485 43.5
1.848 6.487 -0.54900002 5
5.2553329 0.82733327 -0.43799999 57.666668
5.4296665 0.98766667 -0.45299998 85
-8.0790005 1.275 -0.461 23
-11.716 1.324 -0.417 13
-7.4239998 1.351 -0.42500001 18
-7.0549998 1.383 -0.47299999 22
-4.9159999 2.128 -0.44599998 59.5
-4.7719998 2.2005 -0.4355 60
-3.5869999 2.277 -0.40400001 67
6.8520002 2.263 -0.417 23
-4.8184996 2.3629999 -0.44300002 18
6.8200002 2.4389999 -0.417 27
-4.8354998 2.5155001 -0.44850001 18
-4.8520002 2.6725001 -0.45349997 19
6.8049998 2.6210001 -0.419 33
6.7810001 2.803 -0.419 33
6.7459998 2.9809999 -0.419 33
6.7470002 3.178 -0.42199999 26
6.724 3.2420001 -0.403 24
6.7069998 3.3610001 -0.42199999 48
6.704 3.425 -0.40799999 53
-2.6140001 3.665 -0.447 12
6.6739998 3.6070001 -0.41299999 36
-6.3460002 3.8559999 -0.46399999 11
-6.3080001 3.918 -0.414 17
-2.6459999 3.9030001 -0.46399999 12
-2.6824999 4.1540003 -0.44300002 11
-2.717 4.4200001 -0.419 11
-1.204 4.895 -0.41800001 16
-1.071 4.849 -0.40599999 13
-1.623 5.0370002 -0.456 1
-1.499 5.0609999 -0.449 1
-1.369 5.053 -0.43900001 0
1.558 6.4219995 -0.44533333 48
1.722 6.4389997 -0.45033336 45
1.885 6.448 -0.42899999 5
-10.946501 0.46349999 -0.366 85.5
-10.9765 0.72299999 -0.36650002 84.5
5.5229998 0.82999998 -0.32699999 1
-11.0235 0.98750001 -0.36750001 75.5
6.2789998 0.94599998 -0.33000001 15
6.2443333 1.0793333 -0.33700001 92
-7.8740001 1.291 -0.391 5
-11.702 1.329 -0.36500001 11
-7.3969998 1.387 -0.37 7
-7.02 1.483 -0.354 2
-6.8699999 1.416 -0.39500001 31
-9.5950003 1.5549999 -0.34200001 25
-4.954 2.1240001 -0.345 60
-4.7709999 2.1789999 -0.33399999 97
-3.5275002 2.2839999 -0.33849999 65
-3.4300001 2.2950001 -0.38999999 10
-4.8210001 2.3695002 -0.32099998 18
-3.3790002 2.3035002 -0.32800001 71
-3.2354999 2.3200002 -0.31699997 73.5
-3.1099999 2.3340001 -0.31600001 74
-4.8330002 2.4890001 -0.34400001 16
-4.8340001 2.549 -0.30599999 19
-2.322 2.5339999 -0.301 34
-4.8569999 2.6470001 -0.34799999 14
-2.3499999 2.6900001 -0.31 16
6.7919998 2.6889999 -0.31200001 34
-4.855 2.7519999 -0.331 1
6.789 2.711 -0.391 33
6.8309999 2.724 -0.35800001 3
-2.3629999 2.8399999 -0.31799999 14
6.764667 2.8760002 -0.35533333 34
-2.3835001 3.0114999 -0.31449997 15
6.7423339 3.0539999 -0.35800001 32
6.0770001 3.2309999 -0.38499999 59
6.7279997 3.2344999 -0.33950001 26
-2.5714998 3.4124999 -0.347 13.5
6.3039999 3.425 -0.34599999 40
6.5209999 3.4960001 -0.315 51
6.7059999 3.4200001 -0.3425 53
6.1059999 3.506 -0.338 1
-2.6015 3.6275001 -0.36000001 12
-2.619 3.724 -0.30399999 12
-6.3200002 3.8989999 -0.389 18
-2.6405001 3.8715 -0.37549999 11.5
-2.655 3.9719999 -0.315 14
-2.674 4.1269999 -0.38100001 10
-2.697 4.2509999 -0.32800001 12
-2.7119999 4.3559999 -0.30399999 11
-2.7149999 4.4120002 -0.39899999 11
-2.7320001 4.54 -0.34 11
-1.2265 4.8959999 -0.35299999 16.5
-1.2970001 4.9710002 -0.33199999 0
-1.001 4.9239998 -0.36199999 29
-1.6636667 5.0373335 -0.36699998 1
-1.5353333 5.0423336 -0.36300001 1
-1.447 5.0599999 -0.338 1
-1.3915 5.0495005 -0.37 1
1.4530001 6.3724999 -0.34799999 56
1.602 6.3730001 -0.30199999 51
1.625 6.402 -0.38999999 49
1.788 6.4159999 -0.38600001 46
1.952 6.4310002 -0.382 40
-3.177 0.092 -0.212 7
-2.2679999 0.050999999 -0.20100001 9
-8.3970003 0.182 -0.266 1
-2.302 0.107 -0.204 4
-2.2939999 0.163 -0.20299999 5
-10.933 0.33000001 -0.25099999 74
-10.954 0.583 -0.255 94
-10.992 0.83700001 -0.25999999 76
-11.03 1.0930001 -0.26499999 9
-9.5500002 1.531 -0.296 26
-8.0159998 1.5 -0.28600001 20
-9.4799995 1.601 -0.23999999 32
-8.8249998 1.623 -0.273 19
-4.8385 2.1300001 -0.28299999 57.5
-4.8039999 2.2490001 -0.271 18
-4.7989998 2.2490001 -0.29699999 18
-3.5306666 2.2863333 -0.23900001 64.666664
-3.4119999 2.299 -0.25400001 68
-4.8270001 2.3959999 -0.27700001 18
-3.3600001 2.3014998 -0.22049999 68
-3.2373333 2.3183334 -0.22566666 69
-3.135 2.3329999 -0.23899999 73
-3.0583334 2.3413334 -0.24799998 30
-2.9660001 2.359 -0.28999999 12
-4.835 2.5409999 -0.28200001 17
-2.3169999 2.5420001 -0.273 27
-1.5044999 2.5805001 -0.2335 84
-1.4384999 2.5815001 -0.25474998 93.5
-1.3463334 2.5899999 -0.24033333 97.333336
-1.262 2.5899999 -0.266 137
-1.1445 2.5774999 -0.25650001 150
-2.3500001 2.6606665 -0.21933334 17.666666
-1.24625 2.6117499 -0.21949999 98.25
-1.1415 2.6265001 -0.21450001 95.5
-1.0495 2.628 -0.22074999 119
-0.95920002 2.6544001 -0.222 61.200001
0.234 2.687 -0.20299999 78
-2.3515 2.7249999 -0.26899999 16.5
-0.62300003 2.7379999 -0.20299999 0
0.29899999 2.701 -0.208 98
0.36699998 2.7030001 -0.20649999 83.5
0.45466664 2.714 -0.21466666 89.666664
0.5478 2.7217999 -0.21239999 80.199997
0.63699996 2.73 -0.22600001 13.5
-2.3559999 2.8280001 -0.23733334 15.666667
-2.3743334 2.9576666 -0.23266666 15
-2.4059999 3.079 -0.20999999 14
-0.331 3.0810001 -0.219 78
0.057999998 3.0550001 -0.206 8
-0.62400001 3.1529999 -0.234 2
-0.55799997 3.1796002 -0.22400001 13.2
-0.45919999 3.1844001 -0.2256 16.200001
-0.38199997 3.1526668 -0.22133332 31.666666
-0.25166667 3.1719999 -0.21533333 18.333334
-0.19400001 3.197 -0.22400001 15
-2.4860001 3.2 -0.278 15
-0.3195 3.2014999 -0.228 18.5
-0.25799999 3.2105 -0.2335 19.5
-0.1542 3.2172 -0.22139999 16.4
-0.057000004 3.2327499 -0.22337499 11.375
0.015999999 3.2335 -0.2235 9.5
-2.5675001 3.3825002 -0.243 12.5
-2.5815001 3.4795001 -0.26300001 13.5
6.0560002 3.428 -0.296 40
-2.6010001 3.5969999 -0.257 12
-2.5999999 3.5969999 -0.25099999 12
-2.6110001 3.6849999 -0.241 13
-6.5029998 3.845 -0.241 4
-6.3740001 3.878 -0.229 6
-2.6389999 3.8340001 -0.26700002 12
-6.3860002 3.901 -0.22 8
-6.2709999 3.905 -0.23899999 7
-2.6500001 3.931 -0.252 10
-2.6694999 4.0784998 -0.27900001 10.5
-2.681 4.1540003 -0.236 12
-2.6960001 4.2940001 -0.21600001 11
-2.7049999 4.3559999 -0.28400001 11
-2.7220001 4.4440002 -0.25 11
-2.7620001 4.7140002 -0.23899999 7
-1.2426667 4.8930001 -0.25333333 11
-1.1815 4.8955002 -0.278 24
-2.507 4.974 -0.219 0
-2.4590001 4.9549999 -0.25099999 0
-2.326 4.9770002 -0.25299999 0
-2.098 4.9879999 -0.234 0
-1.183 4.9039998 -0.266 23
1.367 4.941 -0.21675 31.75
1.4879999 4.9583335 -0.22133332 6
1.521 4.9580002 -0.212 3
-2.2490001 5.0219998 -0.23100001 0
-2.0639999 5.0050001 -0.25600001 0
-1.9646667 5.0153332 -0.25800002 0.66666669
-1.8423333 5.0153332 -0.25933334 1
-1.72825 5.0237498 -0.27574998 1
-1.66 5.0323334 -0.26666668 1
-1.5653334 5.0450006 -0.27216664 1
-1.4493999 5.0405998 -0.2728 1.8
-1.35025 5.0459995 -0.27675003 0.5
1.4505 6.3340001 -0.25400001 55
1.5693334 6.3536668 -0.26733333 48.666668
1.6556667 6.3526669 -0.24466665 49
-1.003 -0.31099999 -0.103 25
-1.0025001 -0.259 -0.1025 15.5
-0.98900002 -0.205 -0.101 11
-2.1800001 -0.108 -0.19400001 0
-1.0155001 -0.14749999 -0.10275 20
-3.207 -0.025 -0.17900001 10
-1.118 -0.080499999 -0.1125 15
-3.1763332 0.044333335 -0.16166668 9.333333
-2.8759999 0.015 -0.192 0
-2.2665 0.046999998 -0.19150001 18
-1.4529999 0.057999998 -0.17399999 1
-1.399 0.021 -0.168 1
-8.2679996 0.153 -0.126 12
-2.5439999 0.133 -0.17 0
-2.3069999 0.184 -0.19499999 7
-2.3 0.12899999 -0.19499999 7
-1.288 0.145 -0.155 4
-8.3290005 0.20299999 -0.107 15
-1.28 0.206 -0.155 4
-10.942 0.447 -0.168 77
-10.953 0.52999997 -0.139 77
-10.968 0.69599998 -0.171 77
-0.90200001 0.63499999 -0.103 0
-0.87349999 0.66299999 -0.1015 0.5
-10.997 0.801 -0.138 77
-11.012 0.94400001 -0.17299999 76
-11.035 1.071 -0.13600001 77
-11.053 1.197 -0.176 80
-11.698 1.419 -0.142 62
-10.989 1.441 -0.178 7
-10.383 1.516 -0.124 2
-9.9840002 1.535 -0.16500001 4
-7.7620001 1.553 -0.133 17
-9.5270004 1.626 -0.111 1
-9.2609997 1.636 -0.156 11
-5.1440001 2.102 -0.164 11
-5.0235004 2.1104999 -0.13500001 54.5
-4.9780002 2.1159999 -0.17900001 56
-4.8790002 2.125 -0.15700001 55
-4.7753334 2.1453333 -0.14533333 75.333336
-4.8114996 2.2839999 -0.13749999 17.5
-4.777 2.2130001 -0.155 27
-3.5475001 2.2789998 -0.12549999 61
-3.4935 2.2865 -0.12199999 61
-3.3965001 2.2965002 -0.121 64
-4.8255 2.3515 -0.1655 15.5
-3.3525 2.3045001 -0.12100001 69.5
-3.2370002 2.3187499 -0.11875 70.25
-3.1259999 2.3344998 -0.1135 8.5
-3.0810001 2.3369999 -0.133 6
-4.8263335 2.4433334 -0.15266667 17
6.1960001 2.4489999 -0.163 13
6.4439998 2.464 -0.15800001 45
-4.8396664 2.5533333 -0.15166666 16.666666
-2.3200002 2.5285001 -0.1965 35.5
-1.5225 2.5809999 -0.17200001 30
-1.4540001 2.5935998 -0.17399999 58.799999
-1.373 2.5970001 -0.168 58
6.1615 2.5110002 -0.147 127.5
6.8210001 2.595 -0.149 3
-4.8564997 2.6560001 -0.16850001 1.5
-2.3503332 2.6496665 -0.14133333 16
-1.419 2.6010001 -0.155 8
-1.3246667 2.6056669 -0.16966666 65.666664
-1.2494999 2.6185 -0.16083333 46.166668
-1.1518 2.6329999 -0.16339999 62.400002
-1.0608333 2.6498334 -0.16066667 43
-0.97249997 2.665 -0.1585 29.25
0.044500001 2.6775 -0.19 38.5
0.138375 2.6930001 -0.17975 62.5
0.241 2.698 -0.193 50
0.30500001 2.698 -0.197 54
6.1643333 2.654 -0.15500002 109.33334
-4.8570004 2.7255001 -0.153 17.5
-2.3566668 2.7506666 -0.149 16
-0.63020003 2.7454 -0.1584 0
-0.58433336 2.7421665 -0.15466666 2
0.077500001 2.7659998 -0.19150001 94.5
0.14563636 2.7075455 -0.13672727 107.81818
0.24900003 2.7118003 -0.1476 100.26667
0.35314283 2.724714 -0.14228572 91.785713
0.45214286 2.7352145 -0.14507143 94.14286
0.55309087 2.744909 -0.13736364 79.36364
0.61000001 2.7420001 -0.184 11
6.1389999 2.7690001 -0.161 103
-2.359 2.8476667 -0.16033334 17
-0.34799999 2.846 -0.102 150
0.071666665 2.816 -0.13433333 86
6.1285 2.8299999 -0.155 127
-2.3759999 2.97 -0.121 14.666667
-0.583 2.937 -0.149 6
6.1093335 2.9713333 -0.16033334 128
-2.3900001 3.026 -0.155 15
-0.36000001 3.0439999 -0.14399999 130
-0.60775 3.1515 -0.161 8.75
-0.54244447 3.1765554 -0.16255553 17.444445
-0.44987503 3.1752501 -0.166375 24.25
-0.34512499 3.1537499 -0.16474999 48.75
-0.24659999 3.1487002 -0.15790001 46.900002
-0.16925001 3.1859999 -0.14875001 22.75
6.0939999 3.1559999 -0.176 47
6.0999999 3.164 -0.153 47
-0.1205 3.2177501 -0.1655 17.25
-0.046750005 3.2331252 -0.14725 12.625
0.033666667 3.2341669 -0.14666666 10
-2.5683334 3.365 -0.13833334 13
6.0960002 3.342 -0.15800001 64
6.1100001 3.3410001 -0.183 76
-2.5799999 3.4260001 -0.175 15
6.0576668 3.4829998 -0.16966666 24.333334
6.7059999 3.415 -0.176 52
-2.5933332 3.5633333 -0.14733334 12.333333
6.6620002 3.592 -0.175 38
-2.6040001 3.6300001 -0.185 13
-2.6275001 3.783 -0.1645 13
-2.6360002 3.839 -0.171 12
-6.329 3.9360001 -0.185 2
-2.6656666 4.039 -0.16966666 11.666667
-2.7049999 4.296 -0.15899999 11
-2.71 4.335 -0.17399999 11
-2.7535 4.6230001 -0.18000001 9
-1.226 4.8920002 -0.104 21
-2.5209999 4.9699998 -0.17900001 0
-2.391 4.9949999 -0.17900001 0
-2.237 4.9679999 -0.177 7
1.349 4.9390001 -0.15000001 36
1.4383334 4.9359999 -0.17233334 102
1.526 4.9390001 -0.15899999 84
-1.983 5.0079999 -0.178 0
-1.86 5.0370002 -0.178 1
-1.723 5.02 -0.177 1
-1.604 5.052 -0.178 1
-1.472 5.0409999 -0.178 1
-1.37 5.0524998 -0.141 2.5
1.402 6.2909999 -0.17399999 46
1.568 6.323 -0.184 49
-1.0058333 -0.30900002 -0.033333335 15.666667
-0.96020007 -0.35653338 -0.037866667 7.8666668
-1.0092647 -0.24720587 -0.03514706 18.264706
-0.99166673 -0.28233334 -0.068333335 20.666666
-3.233 -0.123 -0.071000002 0
-1.124 -0.10842858 -0.047285713 22
-1.0167879 -0.1519697 -0.037303034 20.424242
-0.99849999 -0.186 -0.023500001 22
-1.3279999 -0.063000001 -0.017000001 13
-1.1386249 -0.083125003 -0.039000001 19.125
-1.099 -0.079000004 -0.014 27
-3.2750001 0.037 -0.017999999 2
0.98799998 0.28600001 -0.026000001 0
1.09 0.25099999 -0.086999997 7
1.1133333 0.24033333 -0.047000002 12.333333
-10.932 0.37900001 -0.059 94
1.187 0.41999999 -0.012 1
1.262 0.465 -0.033 2
-10.973 0.63800001 -0.057 74
-11.01 0.90200001 -0.054000001 74
-11.052 1.165 -0.052000001 68
-11.741 1.516 -0.052999999 10
-5.1529999 2.098 -0.0070000002 35
-4.9720001 2.115 -0.02 57
-4.8885002 2.1244998 -0.023 52.5
-4.7600002 2.151 -0.024 64
-4.7703338 2.2346668 -0.023666665 10
-3.6199999 2.2650001 -0.045000002 12
-3.5090001 2.286 -0.017000001 69
-3.477 2.286 -0.048 63
-4.8150001 2.369 -0.018499998 20
-3.3460002 2.3025 -0.032499999 69
-3.2079999 2.316 -0.011 17
-3.197 2.3150001 -0.054000001 10
-3.089 2.345 -0.057 3
-4.8179998 2.4430001 -0.035 17
6.165 2.4979999 -0.068999998 141
-4.8410001 2.562 -0.037500001 18
-4.8559999 2.688 -0.032000002 19
-2.352 2.6930001 -0.090000004 17
0.115 2.698 -0.0040000002 97
6.152 2.655 -0.07 131
-4.8559999 2.743 -0.046999998 18
-2.3529999 2.7525001 -0.050500002 16.5
-0.63440001 2.7420001 -0.0546 1
-0.57133335 2.7519999 -0.027333334 3.6666667
-0.37200001 2.7980001 -0.022 154
0.088 2.7720001 -0.068499997 128
0.15899999 2.7019999 -0.048666667 104.33334
0.245 2.7126 -0.061399996 108.2
0.34200001 2.7245002 -0.045000002 100.5
0.44174999 2.7335 -0.061000004 100.25
0.5424 2.7434001 -0.0592 95.400002
-2.362 2.8515 -0.089500003 15
-0.33899999 2.8215001 -0.048999999 153
-0.178 2.8570001 -0.034000002 150
0.055 2.8559999 -0.003 150
6.1370001 2.8150001 -0.071999997 130
-2.368 2.928 -0.022 14
-0.176 2.9070001 -0.082000002 150
6.1100001 2.97 -0.074000001 136
-2.404 3.069 -0.082999997 14
-0.58700001 3.0639999 -0.0060000001 22
-0.47499999 3.033 -0.02 150
-0.331 3.092 -0.081 90
-0.26499999 3.0929999 -0.033 150
-0.55266666 3.1503334 -0.031333335 43
-0.484 3.135 -0.077 21
-0.26499999 3.1659999 -0.086000003 29
-0.050000001 3.187 -0.046 21
-2.5120001 3.2550001 -0.027000001 12
-0.1215 3.2024999 -0.067500003 21.5
-0.028000001 3.2249999 -0.049000002 15
0.024 3.2309999 -0.050999999 12
6.382 3.283 -0.079000004 48
6.0809999 3.3570001 -0.003 120
6.2399998 3.3889999 -0.079999998 41
-2.5829999 3.467 -0.088 12
-2.5869999 3.5139999 -0.030999999 13
-2.6210001 3.6989999 -0.089000002 13
-2.6210001 3.7349999 -0.035999998 13
-2.6494999 3.9489999 -0.064500004 11.5
-7.3369999 4.296 -0.045000002 1
-2.6890001 4.2174997 -0.068000004 11
-7.2579999 4.3179998 -0.079999998 1
-7.1149998 4.3969998 -0.039000001 1
-2.7385001 4.5255003 -0.071000002 8.5
-2.7409999 4.7775002 -0.0735 0.5
-1.2410001 4.8920002 -0.0060000001 15
-2.6989999 4.9640002 -0.064000003 0
-2.536 4.9399996 -0.0735 0.5
-2.4130001 4.9679999 -0.071000002 0
-2.2595 4.9565001 -0.071500003 12.5
1.4 4.9369998 -0.039000001 109
1.534 4.961 -0.043000001 7
-2.414 5.0019999 -0.074000001 0
-1.8815 5.0314999 -0.068999998 0.5
-1.755 5.0515003 -0.068000004 1
-1.6259999 5.0565004 -0.067000002 1
-1.515 5.0489998 -0.098999999 1
-1.471 5.04 -0.033 1
-1.342 5.04 -0.027000001 1
1.457 6.237 -0.041999999 52
1.618 6.2550001 -0.046 50
-1.001857 -0.31257144 0.053285714 19.285715
-0.96756256 -0.36149999 0.059687506 9.6875
-1.0089413 -0.24823529 0.046852943 19.411764
-0.99699998 -0.296 0.013 25
-1.336 -0.127 0.098999999 1
-1.2535 -0.108 0.060000002 20.5
-1.1385 -0.109 0.014 18.5
-1.0187143 -0.15410714 0.045321435 20.5
-0.99800003 -0.15099999 0.068000004 22
-1.304 -0.081 0.067000002 1
-1.251 -0.077 0.029999999 5
-1.1606668 -0.08866667 0.018666668 16.666666
-3.2804999 0.049000002 0.024 0
-11.566 0.26300001 0.093000002 53
1.113 0.20900001 0.090999998 0
-10.9485 0.456 0.044499997 76.5
1.187 0.414 0.037999999 1
-10.975 0.667 0.0099999998 76
-10.982 0.73900002 0.077 76
-11.0145 0.95249999 0.042000003 76.5
-11.046 1.166 0.015 77
-11.717 1.3150001 0.068999998 10
-11.72 1.5039999 0.018999999 18
-10.59 1.599 0.018999999 1
-9.6549997 1.677 0.018999999 4
-11.166 1.761 0.052000001 1
-5.1279998 2.1040001 0.071999997 43
-5.0580001 2.112 0.012 55
-4.8310003 2.1300001 0.039499998 54.5
-11.184 2.2030001 0.024 3
-4.7865 2.244 0.039000001 18.5
-3.5226667 2.2846668 0.020333333 62
-4.822 2.3870001 0.068999998 18
-3.3760002 2.302 0.019666666 62.333332
-3.242667 2.3226666 0.019666666 5.6666665
6.1880002 2.3959999 0.030999999 141
-4.8299999 2.4089999 0.0089999996 18
6.1739998 2.4649999 0.068999998 126
-4.836 2.536 0.026000001 16.333334
6.1630001 2.5255001 0.044 133.5
6.816 2.5599999 0.068999998 24.5
-4.8474998 2.681 0.036000002 2
0.11566667 2.6960001 0.064000003 94
6.1605 2.6505001 0.068499997 117
-2.3540001 2.7550001 0.012 18
-0.72399998 2.73 0.033999998 0
-0.65700001 2.7381668 0.040000003 0.83333331
-0.57524997 2.7459998 0.03875 3.5
-0.333 2.7869999 0.003 156
-0.27000001 2.7780001 0.0060000001 154
0.088500001 2.7744999 0.052000001 149.5
0.1672 2.7054 0.060399998 112.6
0.24399999 2.7111433 0.059428569 102.42857
0.33974999 2.717875 0.066624999 97.5
0.43914285 2.7348573 0.064000003 98.285713
0.53874999 2.7442498 0.072625004 101.875
0.60799998 2.7515001 0.059500001 4.5
6.1590004 2.7590001 0.048500001 104.5
-2.3603332 2.8400002 0.048666667 15
-0.40799999 2.825 0.0099999998 152
-0.32249999 2.8274999 0.024 151.5
-0.2484 2.8658001 0.035 151
0.061000001 2.8399999 0.024 150
6.1280003 2.842 0.041000001 131
-2.3746669 2.9296665 0.061000001 14.333333
-0.45199999 2.9260001 0.041000001 150
-0.36600003 2.9630001 0.052666664 150
-0.146 2.9000001 0.0020000001 150
6.1094999 2.9775 0.075000003 120
-2.3824999 3.0235 0.039000001 14.5
-0.56550002 3.0502501 0.043499999 50
-0.45950001 3.076 0.028999999 117.5
-0.222 3.0899999 0.011 150
6.1069999 3.0209999 0.0089999996 110
-2.4495001 3.1515 0.057 11.5
-0.52450001 3.1265001 0.038500004 60
-0.44600001 3.112 0.066 46
-0.37200001 3.109 0.068000004 63
-0.229 3.151 0.072999999 147
-0.17524999 3.1887498 0.050750002 45
0.061999999 3.1170001 0.081 25
6.0854998 3.1665001 0.036499999 55.5
-0.1205 3.2160001 0.057499997 21.5
-0.051142853 3.2197139 0.045428574 17.285715
0.028000001 3.23 0.059500001 11
-2.566 3.355 0.079000004 11
6.0925002 3.3330002 0.081500001 62.5
6.4629998 3.3340001 0.090000004 49
-2.5796669 3.4486666 0.062333334 12.333333
-2.602 3.5699999 0.079000004 15
-2.5869999 3.5050001 0.024 12
-2.6113336 3.6653335 0.063666664 13.666667
-2.6289999 3.7645001 0.053999998 13
-2.6405001 3.8829999 0.0515 13.5
-2.651 3.951 0.063500002 13
-2.671 4.0419998 0.079999998 14
-2.6706665 4.1423335 0.06666667 13
-2.6930001 4.25 0.037999999 11
-7.0935001 4.3655 0.0074999998 1.5
-2.7130001 4.3210001 0.081 11
-2.7186668 4.4396667 0.068999998 10.333333
-2.7350001 4.5679998 0.063000001 11
-2.744 4.7462502 0.065750003 7.25
-2.721 4.8119998 0.079999998 1
-2.7116668 4.928 0.071666665 0.66666669
-2.6525002 4.9400001 0.066 0
-2.5562501 4.9460001 0.07 0.25
-2.4430001 4.967 0.069499999 0
-2.303 4.98 0.074000001 0
-2.237 4.9819999 0.064000003 0
1.3380001 4.954 0.074000001 13
1.4579999 4.9429998 0.074000001 107
1.584 4.9419999 0.075000003 28
-2.4549999 5.0029998 0.063000001 0
-2.3889999 5.007 0.068999998 0
-2.26 5.0139999 0.066 0
-1.9066666 5.0096669 0.059 0
-1.851 5.0320001 0.052000001 0
-1.7596668 5.0300002 0.064999998 0
-1.6526667 5.0346665 0.055333335 0.33333334
-1.5522 5.04 0.057599999 0.80000001
-1.4350001 5.0495 0.052499998 0.75
-1.398 5.0549998 0.071999997 1
1.518 6.1880002 0.092 52
-1.0039999 -0.31400001 0.16150001 17.5
-0.98762488 -0.35887501 0.140625 14.5625
-1.0090588 -0.25011763 0.14241178 17.17647
-1.7709999 -0.14833333 0.13666666 2.3333333
-1.684 -0.12800001 0.154 6
-1.0180835 -0.16375001 0.14283334 17.333334
1.119 0.199 0.142 0
0.99900001 0.208 0.133 3
1.1175001 0.21675 0.14300001 7.25
-10.932 0.41299999 0.16 91
-10.98 0.67199999 0.15899999 76
-11.009 0.93199998 0.15800001 91
-11.055 1.199 0.15800001 9
-11.715 1.831 0.16500001 1
-11.155 2.0109999 0.15700001 3
-5.0999999 2.098 0.186 46
-5.0570002 2.102 0.17299999 47
-4.8245001 2.125 0.17199999 51
-4.8070002 2.2505 0.17199999 19.5
-3.526 2.2783334 0.14866666 64.333336
-3.4030001 2.2950001 0.175 70
-3.3629999 2.2980001 0.138 65
-4.8270001 2.385 0.17200001 15
-3.3889999 2.3 0.115 61
-3.2446668 2.3116667 0.13666667 68.666664
-3.1199999 2.332 0.131 6
-4.822 2.4030001 0.175 13
-4.8494997 2.5455 0.17550001 16.5
-4.8629999 2.6860001 0.17 17
0.142 2.6989999 0.121 107
-4.8520002 2.7019999 0.183 14
-0.57700002 2.7484999 0.124 3
-0.33700001 2.7820001 0.1 8
0.082999997 2.7950001 0.127 108
0.23800001 2.7090001 0.1185 112.5
0.336 2.724 0.117 98
0.43349999 2.7335 0.114 105.5
0.53500003 2.747 0.112 105
0.602 2.7490001 0.111 12
-2.3640001 2.826 0.131 15
-0.426 2.832 0.124 3
-0.375 2.8280001 0.14399999 4
-2.3829999 2.984 0.13699999 14
-0.50400001 2.9890001 0.109 19
-0.317 2.911 0.146 5
-0.55199999 3.079 0.162 26
-0.59899998 3.1140001 0.114 16
-0.31 3.1700001 0.114 43
-0.25400001 3.1675 0.1345 73
-0.16233332 3.1860001 0.13966666 27.666666
-0.090000004 3.1960001 0.113 17
0.056000002 3.1329999 0.11 23
-0.034499999 3.224 0.13249999 14
0.021 3.233 0.149 11
-2.5669999 3.3699999 0.152 11
-2.605 3.5899999 0.15899999 12
-2.6359999 3.813 0.167 13
-2.665 4.0500002 0.175 12
-7.0749998 4.3720002 0.106 4
-2.71 4.3330002 0.185 11
-2.7579999 4.6430001 0.19499999 12
-1.1799999 4.9000001 0.182 25
1.154 4.9920001 0.176 17
1.2415 4.973 0.18149999 40.5
1.36025 4.9467502 0.17199999 63
1.439 4.9436669 0.15333334 80.666664
1.5362499 4.9489999 0.15749998 35.5
-1.841 5.0170002 0.19400001 0
-1.715 5.027 0.192 0
-1.59 5.04 0.191 0
-1.47 5.0609999 0.191 1
-1.334 5.0219998 0.18799999 0
1.281 5.0079999 0.177 18
1.452 6.1810002 0.126 62
1.511 6.1459999 0.182 58
1.6059999 6.1880002 0.13500001 61
-3.6329999 8.3599997 0.123 1
-3.4555001 8.4769993 0.123 0.5
-2.4430001 -0.233 0.28600001 3
-10.917 0.32300001 0.28200001 95
-10.976 0.574 0.289 76
-10.999 0.82599998 0.29499999 76
-6.8340001 1.937 0.26100001 2
-5.086 2.1029999 0.294 53
-4.822 2.1210001 0.27500001 54
-4.7470002 2.2149999 0.26800001 14
-3.4809999 2.283 0.26499999 66
6.2379999 2.2750001 0.26800001 85
-4.829 2.3870001 0.26899999 18
-3.3469999 2.303 0.259 78
-3.234 2.3225 0.27499998 9.5
6.2410002 2.345 0.206 4
6.2309999 2.431 0.27200001 96
-4.836 2.526 0.266 17
6.1929998 2.5780001 0.27399999 96
-4.8600001 2.678 0.264 17
0.13800001 2.6224999 0.29699999 125.5
0.207 2.6329999 0.29699999 49
6.1719999 2.658 0.207 65
6.5380001 2.6329999 0.21799999 45
-0.31600001 2.776 0.292 3
0.47999999 2.7379999 0.29899999 97
0.54799998 2.7420001 0.29800001 103
6.1789999 2.7349999 0.278 97
6.1540003 2.8559999 0.24450001 80.5
-2.3759999 2.9560001 0.236 14
6.1350002 2.9909999 0.211 44
6.0910001 3.2 0.28600001 85
-2.55 3.322 0.259 12
6.1440001 3.362 0.21600001 32
6.4109998 3.3150001 0.223 47
-2.5880001 3.533 0.27000001 12
-2.6259999 3.7609999 0.28099999 13
-2.651 3.984 0.29100001 11
-7.4335003 4.3470001 0.27250001 8
-7.1020002 4.3569999 0.245 3
-7.092 4.3850002 0.27900001 3
-2.7539999 4.888 0.20299999 0
-1.229 4.8909998 0.271 16
-2.6370001 4.9439998 0.20299999 0
-2.4990001 4.9559999 0.20100001 0
-1.115 4.908 0.26699999 25
-1.642 5.0440001 0.294 0
-1.521 5.059 0.28999999 0
-1.397 5.0599999 0.285 1
1.419 6.1389999 0.2 30
-11.035 1.08 0.30000001 76
-11.721 1.42 0.32499999 9
-11.193 1.874 0.32100001 10
-6.4190001 2.006 0.389 18
-6.046 2.04 0.36199999 35
-5.8930001 2.059 0.384 36
-5.723 2.073 0.338 35
-5.5710001 2.085 0.368 37
-5.3449998 2.0710001 0.31299999 40
-5.2224998 2.086 0.37200001 43.5
-11.174 2.1359999 0.32699999 3
-4.9625001 2.1160002 0.3585 56.5
-4.7659998 2.164 0.34899998 83.5
-3.5380001 2.28 0.30899999 68
-3.3800001 2.296 0.30199999 63
-4.822 2.3410001 0.382 16
-4.7979999 2.3 0.33399999 9
6.2270002 2.3599999 0.354 85
-4.8274999 2.4679999 0.36500001 16.5
-4.8410001 2.5910001 0.347 1
6.1690001 2.5 0.34999999 115
-4.8610001 2.6570001 0.39899999 15
0.156 2.6298568 0.3545714 73.14286
0.23199999 2.6626666 0.35866666 108.33334
6.1490002 2.6589999 0.34900001 108
-4.862 2.744 0.354 19
-0.62099999 2.767 0.34299999 0
-0.42200002 2.7826669 0.36500001 0
-0.38999999 2.7750001 0.38800001 0
0.085666664 2.7596667 0.32633331 79.666664
0.27633333 2.7160003 0.32433334 100
0.348625 2.7258749 0.35012501 101.625
0.44985715 2.7374284 0.35871428 77.85714
0.54879999 2.7435999 0.36440003 84.800003
0.60950005 2.7590001 0.36049998 9.5
-2.3670001 2.8959999 0.30500001 13
-0.31799999 2.882 0.35499999 0
0.064999998 2.8239999 0.37599999 42
6.1279998 2.8180001 0.34799999 125
6.21 3.029 0.35299999 31
-2.4489999 3.1459999 0.32800001 11
-0.54766673 3.1330001 0.34566665 4.6666665
-0.33199999 3.1730001 0.396 4
-0.2825 3.1935 0.3635 10.5
-0.208 3.2165 0.36500001 10.5
-0.132 3.2165 0.36449999 9.5
-0.056499999 3.2319999 0.366 8
0.017999999 3.2150002 0.36400002 7
6.1279998 3.346 0.34900001 21
6.4520001 3.3340001 0.366 46
6.7220001 3.3429999 0.31099999 56
-2.585 3.493 0.361 12
-2.618 3.7190001 0.382 10
-2.691 4.2490001 0.30399999 11
-7.1040001 4.3400002 0.37599999 3
-2.734 4.5419998 0.31900001 11
-2.7590001 4.8260002 0.33199999 0
-1.893 5.0240002 0.303 0
-1.776 5.0580001 0.30000001 0
-3.529 8.3950005 0.331 12
-10.871 -0.463 0.48300001 74
-3.4130001 -0.30599999 0.479 5
-10.901 -0.21600001 0.47799999 75
-10.926 0.030999999 0.47400001 74
-11.44 0.29300001 0.49000001 39
-10.956 0.52899998 0.465 75
-10.986 0.78299999 0.461 75
6.3470001 0.89899999 0.484 82
-11.028 1.038 0.458 76
6.3410001 1.0549999 0.486 96
-11.718 1.372 0.48100001 15
-11.231 1.837 0.45199999 6
-7.1729999 1.897 0.44499999 1
-6.9689999 1.926 0.43700001 19
-6.7574997 1.957 0.44950002 24
-6.5840001 1.977 0.41800001 30
-11.174 2.092 0.44400001 2
-6.401 2.03 0.465 16
-6.2249999 2.02 0.40000001 26
-5.9759998 2.0550001 0.43900001 13
-5.6529999 2.0969999 0.421 19
-4.3070002 2.2720001 0.49000001 5
-4.1009998 2.2869999 0.47400001 4
-3.4990001 2.2869999 0.428 72
-3.3410001 2.2980001 0.417 62
-11.215 2.365 0.442 1
-3.2219999 2.329 0.41100001 5
6.23 2.372 0.48500001 55
6.1729999 2.5090001 0.47799999 122
0.141 2.6412501 0.41249999 87.5
0.214 2.6370001 0.419 93
6.1440001 2.658 0.47299999 111
-11.899 2.793 0.46399999 3
-2.352 2.711 0.491 13
0.086000003 2.7690001 0.45899999 67
0.27466667 2.7153332 0.42733335 106.66666
0.35960001 2.7235999 0.433 101
0.45875001 2.7432501 0.43049997 73.5
0.55560005 2.7406001 0.43980002 75.199997
-2.369 2.8840001 0.40700001 13
0.072999999 2.8039999 0.433 41
6.132 2.819 0.46900001 134
0.052000001 2.97 0.42199999 7
-11.955 3.0969999 0.46200001 1
-2.3989999 3.0639999 0.426 13
-0.58899999 3.073 0.442 6
-0.229 3.0699999 0.43599999 7
6.2020001 3.02 0.47299999 31
-0.61199999 3.1700001 0.493 4
-0.54960001 3.1516001 0.4474 6
-0.308 3.1589999 0.449 7
-0.292 3.1359999 0.43099999 7
0.052000001 3.145 0.47499999 7
-0.317 3.2079999 0.49000001 6
-0.24333334 3.2143335 0.4436667 9.333333
-0.15620001 3.2220001 0.43900004 9.1999998
-0.055666666 3.2279999 0.45633331 7.3333335
0.0185 3.2090001 0.419 7
6.3670001 3.28 0.48300001 46
-2.5810001 3.4590001 0.47499999 12
-2.6099999 3.675 0.49900001 10
-2.658 3.9749999 0.405 10
-2.697 4.2509999 0.43099999 10
-7.46 4.3319998 0.40000001 13
-2.658 4.9400001 0.495 0
-2.5020001 4.928 0.49200001 16
-2.369 4.9559999 0.49399999 19
-2.243 4.9949999 0.498 0
-1.2869999 4.9239998 0.498 1
-1.1569999 4.9039998 0.49900001 25
-10.876 -0.43700001 0.56900001 101
-3.437 -0.29300001 0.565 4
-10.893 -0.197 0.57700002 78
-10.91 0.044 0.58600003 96
-1.0095 0.1235 0.52600002 2
6.3429999 0.89999998 0.528 25
-5.3699999 2.073 0.56699997 37
-5.0939999 2.1040001 0.54500002 45
-4.8239999 2.1270001 0.523 53
-4.8119998 2.257 0.52999997 18
-3.6010001 2.263 0.56300002 43
-3.461 2.286 0.55000001 72
-3.3379998 2.3004999 0.56449997 73
-3.22 2.3199999 0.579 79
-3.1960001 2.326 0.528 6
-3.0899999 2.3399999 0.56699997 7
6.2389998 2.3440001 0.51200002 64
-4.829 2.404 0.54000002 17
6.1669998 2.4890001 0.51300001 122
-2.3369999 2.5804999 0.56349999 19.5
-2.3503335 2.6853333 0.56733334 16.333334
6.1539998 2.6589999 0.51899999 120
-2.3529999 2.7543333 0.56133336 15.666667
-2.3677499 2.8670001 0.56025004 14.25
6.1360002 2.8299999 0.52499998 121
-2.3759999 2.9560001 0.58899999 14
-2.418 3.0969999 0.59399998 12
-2.392 3.0250001 0.52899998 14
6.3109999 3.099 0.54900002 40
-0.56650001 3.175 0.51600003 6.5
-0.338 3.181 0.52200001 0
6.085 3.1760001 0.53799999 53
-0.25299999 3.2086666 0.51133329 7
-0.14966667 3.221 0.52033335 7
-0.054499999 3.2305002 0.51699996 6.5
0.0185 3.2249999 0.51600003 5.5
-2.5780001 3.4170001 0.58899999 12
6.6230001 3.6010001 0.5 15
-2.6400001 3.908 0.52499998 14
-2.6849999 4.1799998 0.55599999 10
-7.4349999 4.4159999 0.54900002 1
-2.72 4.4619999 0.58700001 10
-1.039 4.9229999 0.50400001 34
-0.68400002 4.9549999 0.51800001 15
-1.839 5.0310001 0.50300002 1
-1.704 5.027 0.50300002 1
-1.5779999 5.0489998 0.50700003 1
-1.45 5.0580001 0.50999999 1
-3.4300001 8.507 0.523 2
-3.4719999 -0.301 0.68900001 10
-11.432 0.29899999 0.62199998 35
-10.965 0.52899998 0.60500002 77
-10.958 0.773 0.61199999 95
-11.024 1.023 0.62400001 77
-11.707 1.347 0.671 11
-11.187 1.7920001 0.65799999 6
-11.161 2.0420001 0.66500002 4
-4.9569998 2.1099999 0.69599998 47
-4.7690001 2.1589999 0.67900002 101
-3.5450001 2.2773333 0.65033334 75.333336
-3.4420002 2.2876666 0.66966671 73
-11.193 2.306 0.67500001 2
-4.8189998 2.3150001 0.69599998 18
-3.3510001 2.3010001 0.67799997 78
-3.2593334 2.3123333 0.64533335 74.666664
-3.1576664 2.3276665 0.64300001 55
-3.0603333 2.3416669 0.64099997 6
6.1900001 2.4219999 0.699 108
-11.292 2.5880001 0.69 2
0.123 2.697 0.67299998 86
0.15833333 2.7046669 0.68233341 88
0.24700001 2.7105 0.68349999 93
0.33366665 2.721 0.68533331 95.333336
0.44400001 2.7409999 0.685 95
0.54700005 2.7455001 0.68599999 75
-11.253 2.842 0.69599998 3
-2.365 2.8429999 0.60399997 14
0.061999999 2.8169999 0.69800001 14
-2.3789999 2.993 0.625 14
-2.424 3.0899999 0.61299998 11
-2.3929999 3.0120001 0.602 14
-2.5646667 3.3696668 0.66966671 14
-2.5769999 3.4530001 0.66050005 12
-2.5829999 3.5369999 0.67900002 12
-2.60725 3.64325 0.67025 12.25
-2.642 3.855 0.64499998 13
-2.6789999 4.1069999 0.67799997 10
-7.5110002 4.3449998 0.62900001 9
-7.1069999 4.342 0.60699999 2
-2.7420001 4.744 0.61900002 4
-1.2360001 4.8940001 0.63249999 22
-2.701 4.9369998 0.63999999 1
-2.536 4.902 0.63 5
-2.415 4.947 0.63200003 19
-2.293 4.9910002 0.634 1
-1.133 4.901 0.64999998 28
-1.016 4.921 0.64200002 27
-0.986 4.9260001 0.611 22
-0.64899999 4.9375 0.616 12
-0.57700002 4.9320002 0.68400002 11
-1.892 5.0170002 0.62800002 1
-1.762 5.0219998 0.62699997 1
-1.641 5.0510001 0.62900001 1
-1.5140001 5.0599999 0.62900001 1
-1.419 5.0560002 0.69199997 1
-1.382 5.0419998 0.62599999 2
1.331 5.9180002 0.63999999 73
1.484 5.9390001 0.639 72
1.64 5.9559999 0.63800001 61
1.801 5.9759998 0.63800001 44
-10.84 -0.57449996 0.75849998 96
-10.879499 -0.324 0.75699997 88
-3.503 -0.26899999 0.773 0
-10.915 -0.0735 0.75450003 78.5
-10.945 0.177 0.75300002 79
-1.001 0.13 0.75700003 16
0.97000003 0.245 0.76599997 1
-10.9515 0.4325 0.74950004 76.5
-10.987 0.64999998 0.75300002 75
-10.992 0.72299999 0.74400002 74
-11.01 0.89600003 0.74599999 77
-11.02 0.99199998 0.74800003 76
-11.049 1.147 0.74000001 8
-11.208 1.836 0.773 6
-11.15 1.913 0.72299999 6
-5.2189999 2.0840001 0.72399998 40
-5.158 2.0969999 0.792 55
-11.1495 2.1345 0.74449998 2
-4.8899999 2.125 0.75999999 59
-4.7680001 2.21 0.75 56
-3.6289999 2.2539999 0.71899998 12
-3.563 2.2679999 0.74900001 66
-3.425 2.289 0.72600001 69
-11.195 2.392 0.78200001 2
-4.8169999 2.3729999 0.76899999 19
-3.2909999 2.3080001 0.70200002 77
-3.0090001 2.3340001 0.79500002 59
-2.8759999 2.345 0.77700001 55
-2.7590001 2.362 0.76300001 80
-2.6370001 2.3699999 0.74699998 99
-2.527 2.3840001 0.73500001 99
-11.216 2.441 0.71100003 2
-4.829 2.4549999 0.70700002 18
-2.4289999 2.405 0.72600001 74
-2.3199999 2.4100001 0.71200001 71
-4.8390002 2.53 0.78399998 19
-2.3169999 2.526 0.73299998 38
6.1680002 2.582 0.70499998 113
-4.8575001 2.6485 0.76050001 10.5
-2.346 2.6849999 0.76499999 14
0.16600001 2.6990001 0.78099996 100.33334
-4.8660002 2.7579999 0.73500001 18
0.086000003 2.7539999 0.74666667 55
0.13624999 2.704 0.74675 91.5
0.24788886 2.7136667 0.75477779 90
0.35875002 2.7303751 0.75712502 83.5
0.44833332 2.7387779 0.7641111 83.777779
0.55266666 2.7481668 0.74749994 68.833336
0.602 2.756 0.78799999 19
6.1420002 2.744 0.71200001 107
-11.896 2.8659999 0.74599999 4
-2.3629999 2.8399999 0.796 14
6.1240001 2.9100001 0.72000003 112
6.1020002 3.0799999 0.72899997 114
-0.61400002 3.181 0.76700002 0
-0.53899997 3.197 0.77100003 4
-0.46200001 3.2 0.773 0
-0.3475 3.214 0.77899998 2.5
-0.233 3.223 0.78500003 4
-0.156 3.2279999 0.78899997 4
-0.079999998 3.2349999 0.79400003 4
-2.596 3.5799999 0.722 12
-2.6259999 3.779 0.713 14
-2.6356666 3.8409998 0.7286666 14
-2.6370001 3.9159999 0.722 14
-2.6603334 4.0413332 0.75999999 11.333333
-2.6815 4.1680002 0.7525 11
-2.6949999 4.2880001 0.78299999 11
-2.7164998 4.375 0.74950004 10
-2.724 4.4330001 0.77399999 10
-2.77 4.7020001 0.75800002 10
-1.183 4.8979998 0.76999998 25
-2.763 4.9429998 0.787 0
-2.6159999 4.9439998 0.77899998 1
-2.483 4.961 0.773 0
-2.3344998 4.9779997 0.77349997 0.5
-2.22 4.994 0.764 1
-1.2915001 4.9155002 0.71950001 7
-1.1675 4.9049997 0.71200001 28.5
-1.044 4.9184999 0.74599999 26
-0.722 4.9619999 0.76300001 9
-0.602 4.9260001 0.755 1
-0.57249999 4.9324999 0.74150002 9
1.603 4.915 0.76800001 12
-2.4749999 5.006 0.79900002 0
-2.0880001 5.0149999 0.79799998 1
-1.9499999 5.0230002 0.76099998 1
-1.8216667 5.0363336 0.75266665 0.66666669
-1.7049999 5.0430002 0.75849998 1
-1.668 5.0289998 0.71399999 1
-1.5650001 5.0429997 0.73466665 1
-1.4565001 5.0669999 0.74800003 1
-1.3380001 5.0300002 0.796 1
1.398 5.8759999 0.76599997 59
1.425 5.8829999 0.745 68
1.5470001 5.8889999 0.76899999 58
1.8710001 5.895 0.78500003 25
1.576 5.901 0.75999999 64
1.714 5.9095001 0.77250004 34.5
1.857 5.9239998 0.77499998 2
-1.015 0.14833334 0.86166668 18
-0.99950004 0.15000001 0.85500002 10.5
1.0039999 0.175 0.88200003 62
0.98799998 0.26800001 0.847 1
-11.716 1.342 0.80000001 90
-11.751 1.633 0.80500001 13
-5.4229999 2.056 0.82300001 30
-5.3330002 2.0699999 0.89700001 40
-5.2049999 2.0899999 0.88999999 42
-5.0879998 2.1059999 0.86699998 48
-4.9439998 2.119 0.85299999 52
-4.8239999 2.1210001 0.83200002 53
-4.77 2.178 0.82999998 89
-4.8000002 2.237 0.83899999 19
-3.5869999 2.266 0.875 58
-3.437 2.2880001 0.85399997 62
-4.8179998 2.375 0.85299999 19
-4.7969999 2.3269999 0.84299999 23
-3.2909999 2.3069999 0.833 66
-3.151 2.325 0.815 71
-2.957 2.336 0.88999999 66
-2.839 2.3510001 0.87300003 73
-2.7219999 2.3640001 0.85600001 77
-2.6110001 2.3759999 0.84100002 83
-2.5079999 2.392 0.82700002 83
6.1890001 2.3779998 0.86800003 68.5
-4.8379998 2.487 0.85900003 19
-2.411 2.4100001 0.81599998 76
-2.312 2.4200001 0.80299997 62
-4.836 2.5179999 0.86900002 19
-2.322 2.5469999 0.829 20
6.1625004 2.5345001 0.875 118
-4.8494997 2.6500001 0.8775 19.5
-2.3429999 2.694 0.861 14
0.116 2.698 0.81999999 93
-4.8660002 2.796 0.88499999 9
0.077 2.7920001 0.80699998 28
0.177 2.7 0.82200003 102
0.23899999 2.7179999 0.829 84
0.33200002 2.7255001 0.83599997 93.5
0.4585 2.7365 0.84600002 88
0.55274999 2.7485001 0.81674999 74.75
0.616 2.7590001 0.81 4
6.1609998 2.73 0.86299998 94
-11.918 2.8510001 0.84100002 3
-2.3610001 2.846 0.89399999 15
6.118 2.888 0.86900002 115
-11.302 2.993 0.80400002 1
0.059999999 2.9579999 0.89700001 7
-2.381 3.007 0.82999998 14
6.1040001 3.0639999 0.88 107
-0.54900002 3.1865001 0.85425001 4
-0.47049999 3.1940002 0.86949998 4
-0.41033337 3.2083333 0.88000005 4
-0.3405 3.2102501 0.86650002 4
-0.25439999 3.2206001 0.86160004 4.1999998
-0.15383333 3.2318332 0.87516665 4
-0.043500002 3.2421668 0.84966666 4
0.035666671 3.243 0.8536666 4
6.1020002 3.2479999 0.89399999 32
-2.698 4.296 0.82700002 11
-7.395 4.3540001 0.87099999 6
-7.0970001 4.4070001 0.852 2
-2.721 4.48 0.80599999 11
-2.76 4.6750002 0.824 10
-2.7449999 4.7360001 0.8265 2
-1.223 4.8850002 0.80550003 25
-1.1160001 4.8990002 0.801 30
-2.727 4.967 0.852 0
-2.635 4.9490004 0.85300004 0
-2.5566666 4.9666667 0.84566665 0
-2.4779999 4.9510002 0.82700002 0
-2.3716667 4.9726667 0.85366672 0.66666669
-2.2467499 4.9784999 0.84674996 1
-2.1070001 4.9990001 0.83399999 1
-1.102 4.9120002 0.81 35
-0.986 4.921 0.80900002 16
-2.4349999 5.006 0.86799997 0
-2.148 5.0085001 0.86849999 0.5
-2.0139999 5.0085001 0.861 0.5
-1.979 5.0180001 0.829 1
-1.8763332 5.028667 0.84566671 1
-1.7473334 5.033 0.83933336 0.66666669
-1.638 5.0474997 0.84799999 1
-1.541 5.052 0.833 1
-1.466 5.0419998 0.80400002 1
-1.392 5.0664997 0.84100002 1
1.318 5.7969999 0.88800001 65
1.357 5.8169999 0.87199998 61
1.4683334 5.8443336 0.85633332 64.666664
1.529 5.8340001 0.898 60
1.6194999 5.8709998 0.84549999 56
1.7685 5.8769999 0.85399997 55.5
-10.842 -0.56800002 0.99900001 99
-3.55 -0.345 0.94199997 13
-3.494 -0.30899999 0.995 27
-3.177 -0.27500001 0.98400003 42
-2.8239999 -0.25099999 0.94800001 98
-2.6589999 -0.227 0.93300003 26
-2.5799999 -0.234 0.93099999 33
-2.467 -0.226 0.92699999 33
-2.313 -0.219 0.93099999 33
-2.1659999 -0.204 0.92299998 34
-2.4300001 -0.176 0.97799999 36
-2.2305 -0.154 0.97650003 41
-2.0599999 -0.184 0.92699999 38
-1.947 -0.12549999 0.96500003 45
-1.819 -0.148 0.93400002 48
-1.745 -0.131 0.93099999 47
-1.661 -0.133 0.92500001 53
-1.567 -0.12 0.93000001 56
-1.485 -0.102 0.93300003 52
-1.393 -0.103 0.93400002 56
-1.717 -0.097999997 0.95599997 25
-1.61 -0.086999997 0.95599997 26
-1.5695 -0.069499999 0.98500001 38.5
-1.449 -0.084999993 0.93799996 44
-1.3203334 -0.058666665 0.95466661 42.333332
-1.2357142 -0.06542857 0.94471437 31.571428
-1.1532857 -0.051428568 0.9568572 9.2857141
-1.0505455 -0.04690909 0.94045448 21.727272
-1 -0.034000002 0.93400002 11
-1.051 0.039499998 0.99449998 22.5
-1.0160002 0.13133334 0.94716662 12.333333
1.0281667 0.18033333 0.92383337 18.333334
1.107 0.1865 0.93050003 33
0.98940003 0.23600002 0.96380007 6
1.0450001 0.23638462 0.95784611 6
1.1616666 0.25100002 0.96499997 5
6.3530002 0.87099999 0.995 26
-5.4619999 2.0469999 0.92699999 14
-5.2789998 2.0699999 0.99000001 46
-5.0310001 2.105 0.94800001 46
-4.8720002 2.122 0.99299997 57
-4.7849998 2.131 0.90700001 71
-4.8179998 2.279 0.91799998 19
-4.77 2.2060001 0.97600001 51
-3.5190001 2.2820001 0.98100001 67
-3.3640001 2.2939999 0.95499998 59
-4.823 2.3610001 0.99000001 19
-3.23 2.3150001 0.93400002 69
-3.096 2.3299999 0.91299999 73
-2.924 2.3399999 0.99400002 67
-2.8069999 2.352 0.97299999 71
-2.7019999 2.369 0.95700002 71
-2.589 2.375 0.93699998 72
-2.4909999 2.3934999 0.96100003 80.5
6.1859999 2.372 0.958 91
-4.8280001 2.4200001 0.926 19
-2.3531666 2.4251666 0.96016669 68
-4.8415003 2.536 0.96649998 19
-2.339 2.5699999 0.93300003 14
6.1729999 2.5339999 0.96399999 75
6.1960001 2.6930001 0.91399997 57
-4.8579998 2.7190001 0.94599998 20
-2.349 2.701 0.963 14
-2.368 2.8499999 0.99800003 14
6.138 2.8509998 0.94800001 76.5
6.105 2.993 0.92799997 117
-2.385 3.0150001 0.93199998 15
6.1149998 3.029 0.98299998 67
-0.55257142 3.188143 0.9471429 3.8571429
6.0819998 3.1745 0.96399999 40.5
-0.442 3.2049999 0.95433331 4
-0.3545 3.2145 0.95149994 4
-0.24960001 3.2260003 0.95539999 4
-0.15066667 3.2383335 0.95466667 4
-0.051599998 3.2374001 0.95640004 4
0.032333333 3.2530003 0.93000001 4
6.0960002 3.342 0.95499998 66
-2.572 3.4119999 0.92799997 12
6.0739999 3.421 0.90399998 63
6.073 3.5109999 0.96700001 73
-2.6040001 3.6329999 0.97399998 13
6.052 3.6440001 0.94800001 31
6.0629997 3.8455 0.96650004 1
-2.6630001 4.947 0.91399997 0
-2.543 4.9899998 0.91000003 0
1.382 5.7610002 0.99900001 71
1.645 5.8415003 0.90200001 66
1.763 5.855 0.91000003 56
1.829 5.8569999 0.90600002 5
-10.908 -0.317 1.007 78
-4.1719999 -0.36899999 1.02 42
-3.8329999 -0.28799999 1.02 7
-2.957 -0.204 1.062 7
-2.7539999 -0.126 1.035 3
-2.674 -0.184 1.005 45
-2.5090001 -0.12800001 1.073 17
-2.1849999 -0.104 1.046 76
-1.915 -0.106 1.001 45
-10.956 -0.063000001 1.0140001 81
-1.9295 -0.080499999 1.0599999 49.5
-1.748 -0.056000002 1.039 28
-1.646 -0.041999999 1.038 35
-1.5250001 -0.028000001 1.044 48.5
-1.4225 -0.039000001 1.007 47
-1.3395 -0.020500001 1.013 33
-1.2609999 -0.0095000006 1.013 41.5
-1.075 -0.0085000005 1.0039999 9
-1.423 0 1.081 10
-1.1826667 0.0040000002 1.0216666 29.666666
-1.0488888 0.046777777 1.0303333 13.666667
-0.99900001 0.052000001 1.003 25
-11.104 0.19599999 1.0319999 95
-1.0186666 0.11283333 1.0438334 9.5
0.97799999 0.26899999 1 0
1.094 0.278 1.01 12
1.146 0.2845 1.038 13
1.152 0.32499999 1.091 0
-10.986 0.44999999 1.024 79
-11.024 0.71100003 1.034 77
-11.321 0.99599999 1.067 104
-5.369 2.0599999 1.09 42
-5.1209998 2.0969999 1.0420001 48
-4.7969999 2.1329999 1.066 58
-4.809 2.28 1.084 18
-3.444 2.28 1.087 63
-3.309 2.3 1.063 61
-3.178 2.3169999 1.04 67
-3.056 2.3340001 1.0190001 74
-2.9549999 2.352 1.087 83
-2.8515 2.349 1.074 78
-2.7556667 2.3610001 1.0650001 80
-2.6716669 2.3706667 1.0673333 77.666664
-2.5681999 2.3807998 1.0452 84.599998
-2.4619999 2.3934999 1.0309999 84.75
-2.3445001 2.4446666 1.0190001 73.333336
-2.3315001 2.5774999 1.0174999 17
-4.8569999 2.6530001 1.005 20
-2.3393333 2.6136665 1.0506667 14.333333
-4.8499999 2.79 1.0089999 4
-2.3539999 2.7420001 1.0713999 14.4
-2.3695002 2.868 1.0915 14.5
6.5100002 2.8540001 1.026 42
-2.3940001 3.017 1.038 15
-2.5699999 3.4100001 1.038 12
6.3569999 3.53 1.0470001 43
-2.6010001 3.6240001 1.087 13
-2.645 3.8859999 1.029 9
-2.674 4.1389999 1.0829999 12
5.9759998 4.303 1.057 1
1.525 5.7779999 1.0089999 70
1.668 5.789 1.0190001 72
1.812 5.7969999 1.029 62
-3.619 8.3859997 1.059 1
-3.434 8.4940004 1.068 3
-3.335 -0.221 1.1160001 0
-2.7750001 -0.139 1.118 3
-2.1554999 -0.074000001 1.113 6
-2.043 -0.056000002 1.104 2
-1.767 -0.032000002 1.105 9
-1.674 -0.0089999996 1.117 3
-1.562 -0.0020000001 1.115 3
-1.405 0.017999999 1.122 4
-1.3363333 0.029333333 1.1296667 4.6666665
-1.205 0.037 1.118 10
-1.192 0.037 1.109 6
1.084 0.32499999 1.115 3
6.9464998 1.263 1.146 12.5
-11.707 1.306 1.11 13
-5.3319998 2.0699999 1.1569999 50
-11.814 2.165 1.145 6
-5.0580001 2.105 1.11 45
-3.5880001 2.2620001 1.114 61
-3.4979999 2.2820001 1.197 73
-3.381 2.293 1.191 63
-3.3499999 2.3 1.165 71
-3.2305 2.3130002 1.1505001 68
-3.1475 2.3234999 1.1570001 67.5
-3.0332 2.3370001 1.1488001 75.800003
-2.914 2.3499999 1.117 83
-2.8934999 2.346 1.1525 77
-2.7709999 2.3534999 1.1205 77.5
-2.6600001 2.3670001 1.102 81
-11.66 2.421 1.14 5
-4.8210001 2.4289999 1.102 16
-4.8390002 2.5869999 1.123 18
6.8245001 2.562 1.186 12
0.1388 2.6947999 1.1546 81
-11.64 2.7019999 1.148 6
-4.849 2.7449999 1.143 19
0.089000002 2.7490001 1.1895001 47
0.18849999 2.7059999 1.1305 83.5
0.24314287 2.7087142 1.1674286 84
0.35657144 2.7232857 1.1632859 81.85714
0.45450002 2.733 1.175 81.75
0.5575 2.7405 1.166 55.25
6.7859998 2.747 1.189 34
6.8000002 2.704 1.193 34
-2.375 2.9123333 1.119 14.333333
6.777 2.925 1.194 34
-11.749 3.0179999 1.17 6
-2.404 3.0650001 1.136 14
-2.3889999 3.013 1.137 15
6.3629999 3.098 1.135 38
-2.4536667 3.154 1.1863333 12
6.7579999 3.1029999 1.197 34
6.0830002 3.2349999 1.141 32
6.1129999 3.2609999 1.1900001 33
-2.573 3.3970001 1.151 12
6.473 3.3380001 1.163 46
6.3249998 3.4460001 1.146 40
-2.5550001 3.536 1.1799999 29
-11.349 3.7809999 1.168 4
-2.592 3.7950001 1.124 8
6.6469998 3.8989999 1.108 37
6.6269999 4.098 1.12 32
-11.418 4.105 1.1900001 1
-7.2220001 4.3119998 1.109 1
6.6059999 4.3010001 1.133 28
-2.711 4.4239998 1.145 10
6.5770001 4.427 1.103 3
6.5700002 4.5019999 1.1440001 23
-1.188 4.8860002 1.179 28
6.533 4.8449998 1.138 1
-1.071 4.9089999 1.184 27
6.5120001 4.9250002 1.171 5
6.336 1.001 1.212 119
-5.1209998 2.096 1.27 43
-4.8800001 2.132 1.225 45
-4.7950001 2.2290001 1.219 29
-3.5510001 2.27 1.2444999 55.5
-3.4359999 2.2895 1.257 71
-4.816 2.378 1.242 14
-3.8429999 2.381 1.294 17
-3.3039999 2.306 1.205 73
-3.273 2.303 1.2525001 63
-3.1465001 2.3225 1.2195001 71
-2.5450001 2.3900001 1.286 81
-2.438 2.404 1.265 83
-2.3369999 2.418 1.2460001 77
-4.8340001 2.5280001 1.2640001 15
-2.3080001 2.5050001 1.265 63
-4.8559999 2.6849999 1.289 15
0.1505 2.6935 1.223 86
0.086999997 2.7349999 1.2079999 64
0.13466667 2.7073333 1.2570001 76.333336
0.2475 2.7113333 1.2353334 79.666664
0.35185716 2.7217143 1.2475713 82.714287
0.4526 2.7347999 1.2354 81.199997
0.555125 2.74175 1.237375 62
0.60299999 2.747 1.262 20
0.082000002 2.8050001 1.276 48
6.7800002 2.8699999 1.204 34
0.067000002 3.033 1.252 10
6.7540002 3.036 1.215 32
6.7480001 3.2149999 1.2309999 34
-11.96 3.3740001 1.204 7
6.7060003 3.3825002 1.27 53.5
-2.5795002 3.4254999 1.26 6
-2.6043332 3.5113335 1.294 8.333333
-2.5267999 3.5525997 1.2850001 21.799999
-11.974 3.681 1.2180001 5
-2.5280001 3.6700001 1.207 13
6.6739998 3.74 1.271 29
6.664 3.8310001 1.2180001 26
6.6570001 3.925 1.2869999 27
6.6399999 4.0229998 1.225 27
-2.6689999 4.1100001 1.201 11
5.9819999 4.2810001 1.237 25
6.6129999 4.2160001 1.232 28
-2.7049999 4.3860002 1.266 10
5.9710002 4.3060002 1.2079999 11
-7.1490002 4.414 1.215 2
6.5749998 4.408 1.238 27
6.5570002 4.6160002 1.249 26
-2.747 4.7350001 1.214 2
-1.247 4.882 1.285 12
6.527 4.8239999 1.258 69
-2.71 4.941 1.255 0
-2.569 4.9640002 1.25 0
-2.434 4.993 1.248 0
-2.145 4.993 1.232 1
-1.132 4.902 1.286 28
-1.013 4.9089999 1.286 26
-2.302 5.0229998 1.247 0
-2.0079999 5.0019999 1.228 1
-1.886 5.0409999 1.2309999 0
-1.745 5.0289998 1.224 1
-1.617 5.0479999 1.225 1
-1.493 5.0710001 1.227 1
-1.358 5.0580001 1.222 0
1.706 5.0019999 1.261 13
6.4879999 5.0289998 1.267 69
6.4679999 5.2540002 1.281 43
5.2090001 5.3470001 1.27 1
5.9390001 5.3930001 1.265 1
6.4130001 5.4559999 1.289 5
-3.526 8.4460001 1.281 1
-3.47 8.4510002 1.2690001 1
-11.147 -0.80800003 1.312 110
-11.495 -0.57300001 1.358 119
-11.509 -0.31200001 1.3660001 113
-11.538 -0.052999999 1.376 111
-11.57 0.207 1.388 113
6.2909999 0.958 1.331 14
-9.533 1.643 1.355 12
-8.7110004 1.722 1.346 7
6.3379998 1.768 1.3839999 72
-8.2250004 1.825 1.35 7
-7.5580001 1.8279999 1.392 27
-7.3390002 1.954 1.354 3
-6.7979999 1.9400001 1.376 31
-6.4840002 1.9910001 1.364 20
-8.467 2.089 1.395 1
-6.7800002 2.0969999 1.373 1
-5.7259998 2.039 1.3890001 34
-5.3930001 2.063 1.322 40
-9.6409998 2.141 1.388 1
-7.527 2.187 1.392 1
-6.5479999 2.1849999 1.391 0
-4.9260001 2.1129999 1.387 42
-4.7649999 2.1730001 1.359 101
-4.3969998 2.1789999 1.399 61
-8.3509998 2.267 1.383 1
-6.8610001 2.2909999 1.39 1
-4.2395 2.2379999 1.3759999 49.5
-3.9990001 2.2720001 1.38 48
-3.7445002 2.2715001 1.3865 53
-3.5555 2.2684999 1.3305 69.5
-3.4070001 2.2909999 1.308 59
-9.6020002 2.3770001 1.392 1
-7.4860001 2.362 1.388 1
-6.5089998 2.349 1.397 1
-4.7950001 2.3180001 1.385 13
-4.2199998 2.346 1.3789999 10
-4.1339998 2.3099999 1.3710001 16
-3.9300001 2.3559999 1.374 14
-3.029 2.339 1.397 73
-2.8989999 2.352 1.3660001 70
-2.7750001 2.365 1.337 75
-2.654 2.375 1.309 74
-2.4960001 2.3959999 1.376 70
-8.3620005 2.48 1.392 1
-6.8410001 2.4530001 1.388 1
-4.7709999 2.4389999 1.396 12
-4.2020001 2.4679999 1.393 9
-4.1269999 2.424 1.388 8
-2.352 2.4194999 1.3455 73.5
-2.102 2.454 1.39 63
-2.023 2.471 1.376 59
-1.729 2.49 1.383 73
-1.6756667 2.4943335 1.3926667 72.333336
-4.086 2.52 1.395 9
-2.273 2.5079999 1.353 41
-2.2 2.5439999 1.348 13
-1.961 2.507 1.373 58
-1.8605001 2.5504999 1.364 39
-1.749 2.575 1.347 21
-1.645 2.5080001 1.3793334 65
-1.5572001 2.5379 1.3734 57.099998
-1.4687999 2.5882001 1.3698 56
6.8860002 2.5610001 1.3150001 0
-8.5640001 2.6930001 1.391 1
-8.3219995 2.6830001 1.393 1
-4.6079998 2.6229999 1.388 6
-2.345 2.6719999 1.324 12
-2.1385 2.6539998 1.3695 11.5
-1.7 2.6270001 1.355 15
-1.4082501 2.608 1.3627501 42.75
-1.3413333 2.6175001 1.351 31
-1.24 2.6537144 1.3462857 20.857143
-4.5650001 2.737 1.396 9
-2.0450001 2.727 1.374 12
-1.987 2.7820001 1.38 12
-1.6335 2.72 1.3755 12
-1.545 2.7809999 1.381 12
-1.309 2.7 1.365 10
-1.2555001 2.756 1.3785 12
-1.1467142 2.7725716 1.3785714 14.571428
0.45749998 2.734 1.3050001 79
0.55199999 2.7420001 1.318 82
6.7909999 2.701 1.3 34
-9.4280005 2.8180001 1.3890001 1
-8.4289999 2.8559999 1.386 1
-8.302 2.891 1.399 1
-2.358 2.8199999 1.373 15
-2.296 2.8859999 1.381 10
-1.916 2.819 1.3789999 12
-1.844 2.8529999 1.377 12
-1.778 2.8959999 1.381 12
-1.449 2.8270001 1.381 12.5
-1.353 2.872 1.382 13
-1.2455 2.8540001 1.3805 14
-1.135 2.8334999 1.381 14.5
-1.059 2.8378003 1.3822 15.6
-0.96071428 2.853143 1.381857 15.714286
-0.85766667 2.8770001 1.3809999 15.666667
-0.75349998 2.882 1.3805001 16.5
-0.65499997 2.8989999 1.38 19
0.064999998 2.8929999 1.3559999 19
6.7810001 2.872 1.301 34
-5.125 2.993 1.382 7
-2.23 2.944 1.387 10
-2.1530001 2.99 1.388 10
-1.705 2.9289999 1.3789999 12
-1.63 2.9549999 1.376 13
-1.562 2.993 1.38 12
-1.216 2.915 1.377 13
-1.155 2.9530001 1.383 13
-1.0403333 2.9630001 1.3813334 12.333333
-0.94099998 2.927 1.378 13
-0.84100002 2.9492502 1.38175 14.25
-0.74849999 2.9377501 1.3824999 14.5
-0.64899999 2.9453335 1.38 15.333333
-0.55560005 2.9492002 1.3816 15.6
-0.454 2.9735 1.3800001 15
-0.359 2.9394999 1.3805 16
-0.25999999 2.948 1.381 16
-0.162 2.951 1.3815 16
-0.064000003 2.954 1.383 16
0.001 2.9530001 1.383 20
-9.3769999 3.05 1.3940001 1
-2.0699999 3.027 1.385 10
-1.995 3.073 1.388 10
-1.448 3.0279999 1.376 12
-1.3380001 3.0680001 1.376 12
-1.263 3.089 1.375 13
-0.94999999 3.0109999 1.381 13
-0.83500004 3.0273333 1.3780001 13
-0.745 3.0574999 1.38 12.5
-0.65574998 3.0615001 1.3794999 13.25
-0.55366665 3.0533333 1.3776668 13
-0.45899999 3.056 1.375 13
-0.35479999 3.0423999 1.3816 13.6
-0.25366667 3.0240002 1.3823333 14.666667
-0.152 3.0346668 1.3836666 14
-0.050999999 3.0436668 1.3826666 14.666667
0.033999998 3.0495 1.3845 14.5
6.7540002 3.039 1.3 29
-5.0739999 3.1229999 1.39 6
-1.913 3.108 1.387 10
-1.831 3.142 1.386 10
-1.751 3.177 1.387 10
-1.155 3.1329999 1.3805001 14.5
-1.043 3.1619999 1.38 18
-0.96600002 3.1760001 1.3789999 19
-0.8495 3.1865001 1.3745 24.5
-0.73400003 3.197 1.372 26
-0.60600001 3.1099999 1.381 12
-0.53500003 3.138 1.382 12
-0.46350002 3.138 1.382 12.5
-0.36833334 3.1416667 1.381 12.333333
-0.25049999 3.1215 1.3805 13
-0.14299999 3.1352501 1.38225 13
-0.035500001 3.1420002 1.3815 13
0.035499997 3.1440001 1.3815 13
-9.3109999 3.276 1.398 1
-1.666 3.204 1.385 12
-1.5829999 3.23 1.3839999 10
-1.4585 3.2690001 1.3839999 11.5
-1.329 3.293 1.3789999 12
-1.238 3.293 1.372 8
-0.64999998 3.2509999 1.3559999 15.5
-0.54799998 3.2379999 1.38 12
-0.43599999 3.253 1.3839999 12
-0.33649999 3.2309999 1.3829999 12
-0.24300002 3.2480001 1.3846668 12
-0.14649999 3.2479999 1.3835 12
-0.048999999 3.2603333 1.383 12
0.044500001 3.2609999 1.3824999 12.5
6.7319999 3.2130001 1.3 25
-10.393 3.352 1.39 1
-1.164 3.3369999 1.382 6
-1.074 3.3329999 1.374 6
-0.94949996 3.355 1.3759999 6
-0.82499999 3.3759999 1.378 6
-0.74000001 3.375 1.375 6
-0.56099999 3.3039999 1.3430001 6
-0.44550002 3.3470001 1.3605001 7.5
-0.32699999 3.3710001 1.372 9
-0.24699999 3.3859999 1.38 11
-0.16500001 3.3789999 1.381 12
-0.045000002 3.3705001 1.3835 12
-5.8210001 3.4820001 1.396 2
-10.149 3.5280001 1.373 1
-2.5209999 3.6459999 1.312 13
-2.5504999 3.7775002 1.3410001 13
6.6690001 3.7509999 1.3049999 28
-2.572 3.823 1.3525 13
-2.553 3.9744 1.3928 10.8
6.6479998 3.9389999 1.308 28
-6.6589999 4.0320001 1.393 2
-2.6700001 4.0710001 1.3200001 11
-2.5899999 4.0489998 1.399 10
-2.45825 4.0527496 1.3957499 10
-7.0700002 4.171 1.3890001 3
-2.3823335 4.1209998 1.3976666 10.333333
-2.2679999 4.1573334 1.3976666 10.666667
1.7640001 4.1789999 1.39 53
1.869 4.1680002 1.399 65
6.6215 4.1155005 1.306 28
-7.369 4.2589998 1.363 1
-2.303 4.2129998 1.398 11
-2.2119999 4.2810001 1.398 11
-2.1705 4.2025003 1.3975 10.5
-2.073 4.2465 1.3975 11
-1.9765 4.2895002 1.397 11
1.487 4.2989998 1.392 22
1.579 4.2589998 1.391 22
1.669 4.2119999 1.387 32
2.4580002 4.2834997 1.3885 29.5
2.5352499 4.2567501 1.38675 43.75
6.605 4.2979999 1.319 30
-7.1475 4.3375001 1.3295 2.5
-2.6989999 4.3239999 1.3839999 13
-2.119 4.3439999 1.398 10
-2.0220001 4.3990002 1.396 11
-1.881 4.342 1.397 10
-1.7774999 4.3670001 1.3959999 11
-1.679 4.3920002 1.397 11
1.196 4.3850002 1.39 22
1.293 4.3590002 1.391 21
1.3890001 4.3249998 1.39 22
2.2920001 4.3699999 1.393 23
2.352 4.3547502 1.3890001 21.25
2.4463332 4.3309999 1.3873333 22
3.4319999 4.369 1.395 45
6.599 4.3189998 1.316 34
-2.6270001 4.427 1.399 11
-1.679 4.4200001 1.397 11
-1.58 4.4435 1.3975 11
-1.477 4.4700003 1.3959999 11.5
-1.369 4.4770002 1.396 11
0.99800003 4.4239998 1.385 23
1.1 4.4169998 1.391 22
1.9809999 4.4990001 1.3940001 22
2.0599999 4.4745002 1.3915 20
2.1516669 4.4416671 1.3893334 20
2.2363331 4.4166665 1.3863333 20.333334
2.3699999 4.454 1.3890001 17
3.2019999 4.494 1.393 21
3.3139999 4.428 1.392 26
6.5819998 4.494 1.337 28
-2.4170001 4.5279999 1.399 11
-1.83 4.5219998 1.398 10
-1.485 4.5409999 1.399 10
-1.382 4.52 1.3940001 13
-1.2745 4.5325003 1.3965 11
-1.1735001 4.5620003 1.398 11
-1.058 4.5510001 1.399 11
-0.95200002 4.5650001 1.398 10
1.7425001 4.5845003 1.3925 19.5
1.8475 4.5509996 1.3915 19
1.9219999 4.54 1.3870001 19.5
2.0345001 4.5395002 1.387 20.5
2.1389999 4.5 1.385 20
2.286 4.5409999 1.393 18
3.0910001 4.5609999 1.3940001 20
4.368 4.5539999 1.399 21
6.5780001 4.5209999 1.321 27
-1.627 4.625 1.397 11
-1.527 4.684 1.399 11
-1.082 4.6209998 1.396 11
1.273 4.678 1.385 20
1.359 4.6680002 1.387 20
1.4715 4.6545 1.391 19.5
1.5549999 4.632 1.392 22
1.6243334 4.6369996 1.39 19.666666
1.711 4.645 1.387 21
1.832 4.6455002 1.388 21
1.952 4.6360002 1.392 21
2.0940001 4.6880002 1.393 18
2.1889999 4.612 1.391 18
2.8499999 4.664 1.391 20
2.98 4.6290002 1.397 20
-2.7509999 4.7030001 1.3430001 12
-1.77 4.783 1.399 13
-1.316 4.776 1.398 11
1.142 4.7135 1.388 19.5
1.2535 4.7460003 1.388 20
1.387 4.7509999 1.3839999 21
1.497 4.723 1.387 21
1.747 4.7519999 1.393 18
1.993 4.7540002 1.391 18
2.6159999 4.7709999 1.392 20
2.733 4.7179999 1.391 20
-1.659 4.8179998 1.399 13
-1.545 4.8369999 1.396 11
-1.4395001 4.8575001 1.3875 6.5
-1.3185 4.8614998 1.3770001 8
-1.21 4.8870001 1.359 25
-1.2 4.882 1.385 27
-1.086 4.8940001 1.382 26
1.1719999 4.8455 1.372 28.5
1.296 4.8759999 1.372 42
1.419 4.882 1.386 32
1.5335 4.8734999 1.373 24.5
1.642 4.8070002 1.393 18
1.79 4.8969998 1.392 24
1.892 4.8260002 1.391 18
2.3789999 4.8660002 1.393 20
2.4979999 4.8200002 1.392 20
6.5139999 4.8839998 1.3710001 111
-2.023 4.9250002 1.335 5
-1.628 4.915 1.309 4
-1.516 4.96 1.3150001 2
-1.0930001 4.9060001 1.349 27
-0.97599995 4.9265003 1.3640001 16.5
1.1389999 4.9295001 1.3269999 17.5
1.2309999 4.9460001 1.345 18
1.324 4.9329996 1.3395 18
1.4545 4.9530001 1.355 18
1.599 4.9219999 1.354 27
1.6720001 4.927 1.381 29
1.73 4.9299998 1.362 26
1.864 4.9390001 1.373 27
2.003 4.954 1.386 28
2.131 4.9320002 1.3890001 27
2.2590001 4.908 1.3940001 20
6.5019999 4.915 1.327 100
-1.4069999 5.0170002 1.325 0
2.7609999 5.0830002 1.3380001 8
2.9159999 5.0700002 1.347 18
3.4400001 5.086 1.397 20
6.4829998 5.0869999 1.391 69
2.6470001 5.165 1.348 5
3.1159999 5.1269999 1.376 24
3.2780001 5.1090002 1.387 24
6.48 5.1300001 1.336 96
2.2409999 5.2870002 1.352 8
2.5150001 5.2140002 1.35 8
1.978 5.368 1.359 13
2.119 5.3530002 1.3609999 12
2.405 5.3099999 1.3660001 11
5.941 5.335 1.354 34
6.2420001 5.3610001 1.393 48
6.4640002 5.3579998 1.346 102
1.2920001 5.4569998 1.364 15
1.429 5.447 1.363 14
1.5650001 5.427 1.36 13
1.699 5.402 1.358 14
5.7800002 5.428 1.346 27
6.2659998 5.4359999 1.319 31
5.6339998 5.5320001 1.3430001 16
-11.604 0.47099999 1.4 111
-11.646 0.736 1.414 111
-11.674 1.003 1.426 111
-11.708 1.275 1.441 116
-9.2180004 1.614 1.411 24
-8.6309996 1.706 1.4119999 28
-8.0319996 1.752 1.478 29
-7.1259999 1.864 1.443 31
-6.7849998 1.905 1.414 31
-6.0250001 1.988 1.446 34
-5.1810002 2.0869999 1.443 37
-11.832 2.108 1.492 5
-4.7449999 2.135 1.493 57
-4.618 2.154 1.452 60
-4.5279999 2.1559999 1.442 54
-4.3460002 2.1860001 1.402 56
-4.2690001 2.1845 1.474 55.5
-4.1160002 2.2149999 1.404 62
-4.0430002 2.2094998 1.47 58
-3.8759999 2.234 1.4215 56.5
-3.2969999 2.302 1.461 60
-3.1689999 2.3269999 1.432 62
-2.9579999 2.3529999 1.492 67
-2.8329999 2.3629999 1.459 69
-2.7079999 2.368 1.425 67
-2.6029999 2.385 1.401 84
-2.5510001 2.381 1.493 72
-2.454 2.3959999 1.469 76
-2.3629999 2.4119999 1.448 73
-2.2515001 2.4225001 1.4605 77.5
-2.1570001 2.4336665 1.4556667 81
-2.0487499 2.45225 1.47875 74.5
-1.951143 2.4629998 1.4572858 72.14286
-1.84 2.4744287 1.4248571 74
-1.7459999 2.4855001 1.41 77.25
6.3559999 2.4590001 1.442 9
-4.7259998 2.552 1.403 10
-9.6020002 2.6210001 1.402 1
6.3600001 2.641 1.46 104
6.348 2.8180001 1.475 117
6.335 2.997 1.4910001 119
-8.4659996 3.0769999 1.408 0
-2.513 4.138 1.401 10
-2.3380001 4.1090002 1.4 11
1.985 4.178 1.418 86
2.105 4.1880002 1.436 86
2.227 4.198 1.456 91
-2.428 4.2129998 1.4 11
-2.3440001 4.2950001 1.401 11
-2.184 4.2249999 1.4 10
-2.0880001 4.2800002 1.401 10
2.3570001 4.2160001 1.479 99
2.6571999 4.2528 1.4069999 78.400002
2.75 4.2550001 1.423 87
2.8190002 4.2715001 1.43725 85.5
2.9532502 4.2892499 1.4684999 88
-2.263 4.3870001 1.405 10
-1.9910001 4.3330002 1.401 10
3.0409999 4.3030005 1.4695001 94
3.1819999 4.3239999 1.489 83
3.599 4.3660002 1.4170001 75
3.786 4.381 1.446 78
-2.53 4.493 1.404 11
-2.171 4.4580002 1.404 10
-1.931 4.473 1.4 10
-1.794 4.428 1.402 10
-1.6900001 4.4640002 1.4 10
3.99 4.402 1.48 81
4.5110002 4.48 1.405 39
4.7340002 4.48 1.4349999 61
-2.322 4.598 1.405 11
-2.076 4.5300002 1.404 11
-1.978 4.5939999 1.402 11
-1.732 4.5840001 1.4 10
-1.5880001 4.507 1.4 10
-1.382 4.5830002 1.4 10
5.0019999 4.5089998 1.479 59
-2.214 4.6430001 1.405 11
-2.1029999 4.678 1.402 11
-1.881 4.664 1.402 11
-1.278 4.6160002 1.4 11
-1.175 4.6539998 1.402 11
-1.069 4.6859999 1.403 10
-0.98400003 4.6659999 1.402 11
4.2550001 4.6589999 1.404 18
-1.9910001 4.7129998 1.4 11
-1.882 4.7529998 1.401 12
-1.784 4.7399998 1.404 11
-1.423 4.7350001 1.4 11
-0.963 4.7160001 1.403 10
4.1279998 4.7470002 1.405 18
-1.683 4.8099999 1.405 12
-1.573 4.8600001 1.401 18
-1.211 4.8340001 1.402 13
-1.102 4.8730001 1.401 15
3.859 4.8990002 1.403 16
4.0009999 4.8319998 1.406 17
-0.99299997 4.9239998 1.404 17
3.7279999 4.9759998 1.404 18
3.5869999 5.0359998 1.401 18
6.4510002 5.296 1.411 61
-10.79 -1.016 1.51 11
-11.443 -0.801 1.598 95
6.329 0.98299998 1.501 115
6.5149999 1.4859999 1.574 6
-9.2810001 1.609 1.5140001 26
-8.6529999 1.684 1.591 27
6.4749999 1.637 1.575 107
6.461 1.796 1.585 109
-7.5830002 1.806 1.5369999 27
-7.2649999 1.853 1.503 26
-6.408 1.95 1.524 30
-5.75 2.0209999 1.567 35
-5.4450002 2.053 1.5 37
-5.1160002 2.0969999 1.573 46
-4.974 2.1099999 1.5470001 42
-4.8470001 2.1229999 1.506 58
-4.7249999 2.1340001 1.561 56
-4.5040002 2.161 1.503 54
-4.4349999 2.1570001 1.554 56
-4.211 2.1919999 1.5470001 57
-3.786 2.2550001 1.592 57
-3.605 2.266 1.541 66
-3.451 2.2869999 1.501 64
-11.86 2.3900001 1.508 4
-3.345 2.3 1.5930001 60
-3.2079999 2.3169999 1.556 64
-3.079 2.335 1.522 62
-2.885 2.3529999 1.587 63
-2.773 2.3670001 1.556 71
-2.658 2.372 1.523 70
-2.5170002 2.3889999 1.58 81
-2.4233334 2.4033334 1.5653334 78.333336
-2.3325 2.4137499 1.5525 79
-2.2467499 2.4222498 1.54825 78.5
-2.1600001 2.4336667 1.5323333 76.666664
-2.0799999 2.4445 1.517 79
-1.108 2.5599999 1.591 77
-1.041 2.573 1.587 71
-0.93849999 2.5805001 1.5775 76.5
-0.838 2.5910001 1.571 78
-11.918 2.6819999 1.53 3
-0.73949999 2.6015 1.5675001 73
-0.64099997 2.609 1.564 75
-0.54649997 2.6230001 1.5669999 75
-0.44999999 2.6340001 1.5700001 75
-0.35549998 2.6440001 1.575 73.5
-0.26100001 2.655 1.5829999 71
-0.16600001 2.664 1.5905 72
-11.939 2.974 1.5470001 4
6.3179998 3.1789999 1.508 125
-11.949 3.2639999 1.564 2
6.2989998 3.3640001 1.526 117
-12.03 3.5799999 1.592 2
6.2870002 3.556 1.5470001 120
6.2690001 3.7509999 1.569 124
6.2490001 3.948 1.591 111
-11.509 4.2969999 1.577 1
2.4849999 4.223 1.501 90
2.6199999 4.237 1.525 87
2.7650001 4.2600002 1.5549999 89
2.915 4.2820001 1.585 84
3.1346667 4.3156667 1.511 85
3.2595 4.3245001 1.5295 84
3.323 4.3379998 1.5370001 83
3.4573333 4.3516669 1.5689999 82.333336
3.5549998 4.3625002 1.5615001 80.5
3.72 4.3800001 1.585 86
4.2069998 4.427 1.517 78
4.4299998 4.448 1.556 66
5.2979999 4.5479999 1.529 57
5.6110001 4.5830002 1.581 52
-11.475 -0.77600002 1.619 113
-11.490499 -0.5255 1.6170001 115
-11.525499 -0.26100001 1.6265 101.5
-11.548 -0.021 1.66 111
-11.57 0.026000001 1.613 89
-11.579 0.233 1.677 90
-11.589 0.30399999 1.617 90
-11.615 0.48800001 1.693 90
-11.631 0.58700001 1.625 90
-11.659 0.86900002 1.632 90
6.3439999 0.87900001 1.665 27
6.3260002 1.022 1.67 112
-11.682 1.156 1.64 14
-8.1330004 1.75 1.65 26
-7.7930002 1.79 1.6 26
-6.8150001 1.902 1.6059999 30
-6.072 1.983 1.638 36
-5.4770002 2.049 1.666 35
-5.3899999 2.062 1.64 40
-5.2220001 2.0829999 1.6059999 36
-4.9790001 2.1099999 1.63 44
-4.8969998 2.1129999 1.6900001 44
-4.6350002 2.141 1.6465001 52
-4.3969998 2.1670001 1.605 53
-4.1529999 2.21 1.692 56
-3.9660001 2.234 1.64 58
-3.6400001 2.2609999 1.676 59
-3.493 2.2850001 1.635 61
-11.859 2.3369999 1.696 4
-3.2539999 2.3099999 1.694 60
-3.1240001 2.3239999 1.656 66
-3.003 2.3399999 1.6210001 68
-2.8445001 2.3600001 1.6789999 74.5
-2.7366667 2.3703334 1.6593332 75.666664
-2.6263332 2.3806667 1.6253334 80.333336
-2.5439999 2.3859999 1.6570001 77.666664
-2.4530001 2.3975 1.641 81.5
-2.3629999 2.408 1.6210001 82
-1.711 2.4979999 1.6900001 72
-1.63 2.5079999 1.674 74
-1.549 2.513 1.656 72
-1.474 2.5250001 1.6440001 72
-1.3605001 2.536 1.6255 73
-1.25 2.5500002 1.652 70.5
-1.1573334 2.5610001 1.6526667 70.333336
-1.045 2.572 1.664 69
-0.94749999 2.5855 1.6554999 69.5
-0.85100001 2.595 1.645 74
-0.75599998 2.6069999 1.64 71.5
-0.65866667 2.6163332 1.6756667 74.333336
-0.55379999 2.6264 1.6662 74
-0.45299998 2.6362 1.6599998 76.400002
-0.34928575 2.6437144 1.6714287 72.285713
-0.25049999 2.6546667 1.6613332 74.5
-0.15085714 2.666857 1.6624285 71.285713
-0.048750002 2.6817498 1.6593751 70.125
0.044142853 2.691143 1.66 71.285713
0.1305 2.698 1.637 75
6.3769999 2.6099999 1.6440001 113
0.15225001 2.7050002 1.67825 70
0.23900001 2.7128334 1.6718334 70.833336
0.34566665 2.7250001 1.6703334 67.666664
0.442 2.7319999 1.655 68.5
0.546 2.744 1.665 75
6.3699999 2.7820001 1.6619999 113
6.3449998 2.9519999 1.677 114
6.322 3.1229999 1.694 115
6.2290001 4.1500001 1.615 116
3.073 4.3060002 1.618 87
3.2279999 4.3200002 1.648 82
3.4380002 4.3540001 1.6424999 85.5
3.6660001 4.3783336 1.6313334 82.333336
3.7620001 4.3800001 1.607 78
3.848 4.3909998 1.679 77
6.2049999 4.3559999 1.641 113
3.862 4.402 1.6735001 82.5
3.9430001 4.4060001 1.6355 79
4.0749998 4.4190001 1.696 75
4.1490002 4.4260001 1.675 77.5
4.6739998 4.4770002 1.6 62
4.9310002 4.5079999 1.649 56
6.184 4.5689998 1.668 117
5.9419999 4.6170001 1.637 52
-11.654 0.74400002 1.711 91
6.335 0.99000001 1.707 110
-11.673 1.005 1.728 90
6.5310001 1.182 1.767 121
-11.703 1.265 1.7460001 14
6.5219998 1.206 1.733 121
-9.3140001 1.5930001 1.712 27
6.4945002 1.5035 1.7639999 10.5
-8.6700001 1.665 1.762 23
6.4729996 1.6585 1.7709999 114
-8.4309998 1.722 1.719 27
-7.2839999 1.851 1.702 25
6.4545002 1.8150001 1.7795 113.5
-6.4310002 1.9400001 1.7180001 30
6.4530001 1.965 1.784 47
-5.7750001 2.02 1.738 35
-5.6939998 2.0250001 1.716 33
-5.5219998 2.0450001 1.778 35
-5.2490001 2.0829999 1.704 35
-5.1399999 2.0799999 1.762 40
-4.842 2.1229999 1.747 44
-4.3470001 2.1819999 1.747 52
-3.997 2.234 1.785 52
-3.8239999 2.2550001 1.733 55
-3.526 2.2739999 1.776 57
-3.3829999 2.2909999 1.733 57
-3.2490001 2.3099999 1.795 71
-3.1424999 2.3264999 1.7725 68
-3.0409999 2.335 1.75 61
-2.9663334 2.3443334 1.7313334 71.333336
-2.8735001 2.3565001 1.7555 76
-2.7719998 2.3615 1.7574999 75
-2.6654999 2.3775001 1.7195001 79.5
-2.1440001 2.4419999 1.7920001 81
-2.049 2.451 1.766 80
-1.961 2.4630001 1.744 80
-1.873 2.4719999 1.723 74
-1.7775 2.4875 1.7520001 77.5
-1.6494999 2.507 1.7735 73
-1.536 2.52 1.748 74
-1.459 2.5220001 1.729 67
-1.3423333 2.5409999 1.7396666 72.333336
-1.25 2.543 1.775 70
-1.154 2.5585001 1.76 67
-1.0298001 2.5717998 1.7835999 70.400002
-0.95449996 2.5795 1.7690001 72
-0.85063642 2.5920908 1.762 71.545456
-0.80900002 2.5999999 1.711 68
-0.7474286 2.6037142 1.746143 72.571426
-0.65844452 2.6126666 1.7371111 70
-0.54587501 2.6264999 1.737125 72.125
-0.44899997 2.6366 1.7309999 73.400002
-0.354 2.6483333 1.7361666 70.5
-0.24600001 2.6570001 1.7358 72.800003
-0.14860001 2.6698 1.7388 71.199997
-0.052200001 2.6804001 1.7364 74.400002
0.05366667 2.6919997 1.743 69.666664
0.13233334 2.698333 1.7266668 69.333336
0.15833333 2.7060001 1.7733332 70.666664
0.24366666 2.7133331 1.7396666 69.5
0.35500002 2.7265556 1.7354444 67
0.44742855 2.7351432 1.7460001 69.571426
0.5497272 2.7441816 1.7565453 54.18182
6.3109999 3.303 1.714 113
6.2930002 3.484 1.734 118
6.27 3.6670001 1.755 117
6.2529998 3.8559999 1.779 111
0.95866662 4.0580001 1.7556667 95
1.056 4.0615001 1.75 92
1.204 4.086 1.722 94
1.314 4.0929999 1.732 90
1.433 4.1209998 1.752 94
1.549 4.1279998 1.765 94
1.6670001 4.1370001 1.78 86
1.791 4.151 1.7970001 87
3.5669999 4.362 1.721 86
3.753 4.3889999 1.762 81
4.0555 4.4224997 1.7385 77.5
4.2680001 4.4419999 1.781 75
4.3483334 4.4526668 1.7293333 70
4.5585003 4.4755001 1.7774999 62.5
4.6139998 4.4770002 1.777 56
5.211 4.5430002 1.702 57
5.4970002 4.5700002 1.755 53
-11.481 -0.70700002 1.88 111
-11.507 -0.44 1.878 113
-11.543 -0.17299999 1.88 113
-11.564 0.097000003 1.88 112
-11.593 0.36700001 1.882 114
-11.647 0.64300001 1.8890001 106
-11.667 0.917 1.892 113
6.3404999 0.94150001 1.8364999 48
6.4159999 1.074 1.862 150
-10.144 1.5 1.865 15
-9.1190004 1.636 1.848 22
-7.8049998 1.791 1.8099999 26
-6.8280001 1.895 1.808 31
-6.0669999 1.9855 1.8099999 29
6.4499998 1.988 1.802 69
-5.842 2.01 1.868 36
-5.4130001 2.05 1.8430001 38
-5.0770001 2.092 1.822 37
-4.822 2.1359999 1.887 48
-4.5879998 2.165 1.818 53
-4.3709998 2.1830001 1.898 51
-4.171 2.2060001 1.836 52
-3.8399999 2.2409999 1.877 52
-3.6849999 2.263 1.8279999 51
-3.5450001 2.279 1.895 65
-3.4130001 2.289 1.87 65
-3.395 2.296 1.844 64
-3.2625 2.3095 1.844 65
-3.1139998 2.3245001 1.841 69
-3.0220001 2.336 1.877 65
-2.997 2.3369999 1.823 66
-2.8989999 2.348 1.826 70
-2.4489999 2.415 1.883 79
-2.3380001 2.4189999 1.847 74
-2.2379999 2.4300001 1.817 76
-2.102 2.451 1.892 74
-2.01 2.457 1.863 79
-1.927 2.47 1.841 79
-1.848 2.484 1.822 80
-1.744 2.4879999 1.897 73
6.3959999 2.4849999 1.837 9
-1.6720001 2.5 1.878 72
-1.5549999 2.513 1.8623333 69
-1.4419999 2.5236666 1.8586668 72
-1.3565001 2.533875 1.8645 72.5
-1.2535714 2.545857 1.8517143 72.14286
-1.158125 2.5575001 1.8264999 72.125
-1.0594 2.5700002 1.812 72
6.3850002 2.595 1.841 9
-11.904 2.6270001 1.857 2
6.3769999 2.655 1.851 119
0.24600001 2.711 1.802 66
0.33700001 2.7195001 1.8164999 68.5
0.45899999 2.7325001 1.8395 67
0.57200003 2.7449999 1.8335 47
6.3610001 2.7550001 1.8559999 110
6.3520002 2.8239999 1.865 117
-11.929 2.9070001 1.8789999 3
6.3390002 2.9170001 1.872 111
6.3379998 3.0465 1.8894999 113.5
0.97649997 4.0620003 1.8585 94.75
1.0769999 4.0738001 1.8605999 89.800003
1.1705 4.0875006 1.849 89
1.237 4.0949998 1.823 91
6.2389998 4.0539999 1.806 90
1.2939999 4.1044998 1.875 84.5
1.346 4.1079998 1.839 91
1.4305 4.119 1.8705001 87.5
1.573 4.1370001 1.875 83
1.686 4.1420002 1.89 79
1.919 4.1680002 1.819 80
2.0469999 4.178 1.839 83
2.1830001 4.1939998 1.862 91
2.3239999 4.2129998 1.8890001 85
6.217 4.25 1.832 93
3.9460001 4.415 1.8049999 78
4.1360002 4.4299998 1.846 78
4.263 4.4510002 1.802 74
4.3439999 4.4499998 1.892 66
4.4860001 4.4749999 1.862 70
4.5009999 4.4710002 1.84 60
4.7515001 4.4954996 1.875 55.5
6.2010002 4.4549999 1.862 92
4.8505001 4.507 1.819 54
5.1210003 4.5430002 1.8775001 52
5.8140001 4.6059999 1.817 53
6.1609998 4.651 1.886 79
-4.4169998 0.236 1.978 69
-4.1609998 0.28200001 1.985 29
-3.931 0.29499999 1.993 72
-4.5679998 0.35699999 1.9910001 3
-4.4109998 0.34099999 1.978 86
-3.9349999 0.384 1.995 6
-4.4464998 0.44700003 1.9725001 8
-4.165 0.47600001 1.9910001 7
-4.46 0.639 1.974 55
-4.4000001 0.65799999 1.988 61
-4.1230001 0.66500002 1.98 58
-4.4489999 0.73500001 1.98 24
-4.3870001 0.76200002 1.99 31
-4.0929999 0.75700003 1.972 44
-4.7680001 0.83099997 1.989 7
-3.6689999 0.94499999 1.999 16
-3.369 0.99199998 1.9859999 13
6.336 0.92400002 1.99 38
-3.0710001 1.02 1.967 3
-2.99 1.035 1.978 2
-2.8299999 1.058 1.979 2.5
-2.5910001 1.069 1.995 13
-2.0109999 1.0039999 1.997 9
-11.712 1.1950001 1.901 10
-2.5079999 1.1059999 1.9859999 0
-2.3310001 1.11 1.977 6
-2.187 1.13 1.977 5
-2.0485001 1.1440001 1.969 3.5
-1.9115 1.155 1.979 5
-1.858 1.171 1.976 0
-1.7336665 1.1750001 1.9810001 4
-1.6619999 1.176 1.989 5
-1.5555 1.1819999 1.995 10
-1.462 1.1900001 1.988 7
3.5179999 1.138 1.99 5
6.527 1.15 1.905 108
-1.551 1.205 1.983 3
-1.4423333 1.209 1.9833332 3
-1.324 1.2 1.988 10
-1.2743334 1.2183334 1.9813334 5
-1.104 1.229 1.989 12
6.5300002 1.24 1.908 119
1.0304999 1.48 1.9974999 5.5
-9.3760004 1.589 1.908 23
4.0289998 1.597 1.993 0
6.5019999 1.531 1.9299999 11
3.7019999 1.648 1.998 44
3.993 1.683 1.9960001 7
6.4794998 1.6454999 1.9265 66
-8.4040003 1.724 1.9349999 25
3.8499999 1.717 1.998 8
6.461 1.773 1.919 106
-7.2810001 1.846 1.911 26
-6.8210001 1.899 1.995 27
6.4650002 1.821 1.952 121
-6.4300003 1.9445 1.902 30.5
-6.1869998 1.97 1.965 36
6.4495001 1.9514999 1.9460001 115
-5.71 2.0150001 1.934 35
-5.619 2.03 1.999 26
-5.3299999 2.0599999 1.904 33
-5.0739999 2.102 1.962 34
-4.5960002 2.165 1.97 45
6.4640002 2.102 1.943 2
-4.1929998 2.204 1.994 56
-4.013 2.224 1.934 54
-3.7049999 2.2620001 1.96 62.5
-3.5415001 2.279 1.942 63
-3.3815 2.2915001 1.9405 69.5
-3.263 2.303 1.9505 65.5
-3.1500001 2.322 1.929 65
-2.783 2.3740001 1.99 69
-2.664 2.3870001 1.95 72
-2.5550001 2.401 1.915 74
-2.3889999 2.425 1.9859999 78
-2.28 2.424 1.944 72
-2.1930001 2.441 1.92 79
-2.066 2.454 1.997 71
-1.9356667 2.4663334 1.9683334 75.666664
-1.8295 2.473 1.9405 79
-1.7425001 2.4842501 1.98125 77
-1.6602499 2.49525 1.9512501 78.5
-1.6335 2.5025001 1.9400001 74.5
-1.5503331 2.5121667 1.9461666 75
-1.4543999 2.5239997 1.9139999 71.599998
6.3889999 2.586 1.965 94
4.158 2.701 1.995 7
6.368 2.7509999 1.977 111
6.348 2.9200001 1.99 111
6.3210001 3.178 1.903 116
-11.997 3.2049999 1.909 2
6.3049998 3.253 1.911 114
6.29 3.352 1.919 109
4.0300002 3.4119999 1.9910001 6
6.2979999 3.4330001 1.937 114
-12.048 3.5020001 1.937 1
6.277 3.539 1.943 106
6.2719998 3.6040001 1.9579999 111
6.2519999 3.7535 1.9725001 109
6.2449999 3.9230001 1.993 113
0.91100001 4.0609999 1.962 94
1.0089999 4.0780001 1.982 91
1.1553334 4.0893331 1.9396667 93.333336
1.2856666 4.1060004 1.9219999 89
1.3865 4.1155005 1.9405 92.5
1.4296666 4.1170001 1.9406667 87.666664
1.5278 4.1293998 1.9506 82.599998
1.6242501 4.1409998 1.9660001 83.75
1.745 4.1525002 1.9855 78
1.809 4.1609998 1.914 81
1.934 4.1789999 1.939 83
2.0569999 4.1830001 1.9579999 87
2.187 4.1989999 1.985 87
2.4679999 4.2280002 1.916 84
2.6229999 4.2509999 1.949 84
2.7839999 4.277 1.9859999 91
4.5640001 4.4770002 1.943 66
4.7539997 4.4975004 1.9595 56
4.973 4.5180001 1.9765 40
5.0450001 4.5450001 1.919 55
5.3585 4.5714998 1.964 52.5
5.4070001 4.5770001 1.932 51
5.7080002 4.6040001 1.997 49
-10.802 -0.85600001 2.0450001 105
-9.2279997 -0.278 2.0409999 28
-9.2530003 -0.064999998 2.049 80
-9.276 0.15099999 2.059 80
-4.336 0.19400001 2.0669999 31
-3.98 0.20900001 2.0179999 28
-9.0459995 0.35699999 2.013 3
-8.2410002 0.38299999 2.0480001 43
-4.191 0.382 2.0009999 33
-3.9319999 0.33899999 2.0680001 50
-7.4860001 0.412 2.0409999 29
-7.3010001 0.40599999 2.0699999 6
-3.9519999 0.435 2.085 4
-5.717 0.60100001 2.0079999 72
-3.961 0.65799999 2.0139999 46
-4.8530002 0.73500001 2.013 29
-4.0139999 0.75999999 2.046 14
-4.4840002 0.83999997 2.0079999 26
-4.3899999 0.87 2 15
-4.1690001 0.87199998 2.016 22
-3.96 0.84200001 2.0239999 16
-3.7609999 0.85933334 2.0253334 12
-3.4460001 0.84500003 2.0020001 14
-2.9784999 0.89499998 2.036 10
-3.908 0.92299998 2.003 9
-3.71 0.97000003 2 1
-3.4300001 0.92400002 2.006 21
-3.1516666 0.93033332 2.0133333 26.666666
-3.0639999 0.98199999 2.0109999 32
-2.9305 0.95099998 2.0174999 24
-2.8199999 0.90399998 2.0680001 5
-2.7420001 0.94700003 2.023 20
-2.6409998 0.95350003 2.0225 18
-2.444 0.96499997 2.006 10
-2.29 0.99000001 2.0569999 9
-2.152 0.99699998 2.023 8
-2.0799999 0.99800003 2.0239999 7
-2.9170001 1.015 2.006 24
-2.8740001 1.006 2.0120001 24
-2.7119999 1.006 2.013 25
-2.6645 1.0420001 2.0105 21
-2.5770001 1.035 2.0209999 19.5
-2.4260001 1.0550001 2.0225 26.5
-2.3150001 1 2.0209999 25
-2.2523334 1.0556667 2.0140002 20
-2.1440001 1.0686666 2.0210001 21
-2.0456667 1.0723333 2.0383332 25.333334
-1.96 1.0383333 2.03 15.333333
-1.8516668 1.0638334 2.0333331 22.333334
-1.758 1.073 2.0587499 20.25
-1.617 1.0695 2.0219998 22.5
-1.426 1.0816666 2.0306666 18.333334
-1.2589999 1.087 2.0350001 22
5.5250001 1.089 2.0510001 0
6.441 1.089 2.026 150
-2.1589999 1.1059999 2.0039999 21
-2.0650001 1.132 2.007 9
-1.9574001 1.1232001 2.0144 16.4
-1.8336668 1.1286666 2.03 21
-1.7628 1.1431999 2.0162001 18.799999
-1.6489998 1.133 2.0353334 30.666666
-1.5572857 1.1414286 2.0367143 27.428572
-1.4476 1.1462001 2.0395999 28
-1.362875 1.1706251 2.033 25.5
-1.227 1.1536666 2.0496666 26.333334
-1.17 1.197 2.026 18
4.0229998 1.173 2.0079999 13
-1.303 1.2029999 2.0050001 12
-1.136 1.211 2.0050001 28
3.526 1.235 2.013 16
3.8399999 1.221 2.017 42
3.9849999 1.26 2 44
6.527 1.256 2.056 114
1.04 1.3745 2.0425 20
1.179 1.372 2.029 21
1.2130001 1.3789999 2.0239999 15.5
1.3385 1.395 2.0265 18.5
3.826 1.3099999 2.0190001 60
3.9749999 1.3559999 2.006 44
0.95649999 1.449 2.0405002 19.5
1.0674 1.4622 2.0267997 17.4
1.16275 1.4525 2.0415001 22.625
1.2553999 1.4690001 2.0419998 24.799999
1.3218 1.4329998 2.0265999 16.200001
3.4760001 1.408 2.027 4
5.454 1.4910001 2.0650001 2
-10.222 1.503 2.085 19
-9.9499998 1.538 2.006 20
1.2459999 1.5216666 2.0410001 14
1.348 1.5504999 2.0314999 17
3.4650002 1.5515 2.056 38.5
3.75 1.571 2.0109999 62
3.9530001 1.552 2.0209999 3
6.4920001 1.558 2.056 11
-9.0609999 1.6390001 2.072 23
3.9230001 1.6440001 2.02 72
5.4559999 1.6339999 2.0829999 2
-7.7690001 1.786 2.0239999 27
6.4749999 1.709 2.0580001 106
-6.8449998 1.896 2.0150001 30
6.46 1.862 2.062 110
-6.592 1.932 2.0799999 31
-6.0300002 1.976 2.0320001 34
-5.3660002 2.0739999 2.0510001 37
6.4180002 2.01 2.0569999 75
-4.8169999 2.1329999 2.039 42
-4.3779998 2.178 2.0550001 48
-4.0255003 2.217 2.0710001 61
-3.8573332 2.2423334 2.0386667 59.333332
-3.684 2.2579999 2.059 60.5
-3.5350001 2.2709999 2.0339999 64
-3.4200001 2.29 2.0439999 66
4.0809999 2.2585001 2.0145001 22
4.2839999 2.2360001 2.0810001 17
-3.029 2.3440001 2.075 64
-2.901 2.3570001 2.029 65
-2.6960001 2.382 2.0880001 64
-2.5880001 2.395 2.05 66
3.8315001 2.3635001 2.0605001 19
3.9289999 2.3169999 2.053 12
4.053 2.3655 2.0285001 17.5
4.513 2.3640001 2.036 11
-2.484 2.408 2.0139999 71
-2.335 2.428 2.0929999 74
-2.233 2.427 2.0510001 71
-2.1670001 2.4394999 2.0514998 77
-2.039 2.4506667 2.046 79.666664
-1.9483334 2.4653332 2.0719998 75.666664
-1.85375 2.4734998 2.0469999 79
-1.774 2.4806664 2.0253334 80
-1.656 2.4949999 2 79
3.806 2.4890001 2.0439999 19
4.0444999 2.4864998 2.0545001 7
4.5079999 2.4979999 2.063 2
4.9380002 2.447 2.036 5
3.9760001 2.5680001 2.0569999 3
4.9380002 2.599 2.066 0
6.3889999 2.579 2.03 10
6.421 2.503 2.0929999 13
-0.73699999 2.6010001 2.0929999 64
-0.64200002 2.6170001 2.0955 64.5
-0.546 2.6240001 2.0940001 63
3.7939999 2.609 2.069 22
3.8989999 2.6570001 2.04 3
3.9030001 2.648 2.053 7
4.0419998 2.619 2.0799999 1
4.3720002 2.697 2.0639999 1
4.4650002 2.612 2.0739999 1
6.3709998 2.6530001 2.0910001 110
3.779 2.7290001 2.0929999 24
3.8225 2.7290001 2.0395 10
4.8979998 2.7309999 2.0799999 0
6.3629999 2.7309999 2.0450001 124
3.7795 2.832 2.053 10.5
4.0664997 2.8485 2.0025001 19.5
4.7779999 2.819 2.0610001 1
6.3499999 2.8889999 2.0639999 122
3.766 2.9580002 2.0840001 14.5
4.7119999 2.9349999 2.066 1
4.0040002 3.0190001 2.0280001 18
4.632 3.0450001 2.0680001 1
6.3284998 3.0699999 2.0444999 117.5
3.984 3.152 2.0580001 10
4.539 3.1429999 2.063 2
5.6370001 3.1800001 2.01 28
3.783 3.293 2.039 11
3.8729999 3.214 2.0420001 4
4.4889998 3.2720001 2.0799999 2
6.3080001 3.2639999 2.02 112
4.3959999 3.3699999 2.079 1
5.573 3.309 2.0050001 22
3.7360001 3.4089999 2.0599999 14
4.2870002 3.454 2.0710001 0
5.5190001 3.447 2.0039999 25
6.2930002 3.4449999 2.039 112
3.71 3.5480001 2.095 17
3.9660001 3.5280001 2.006 15
5.4720001 3.5910001 2.007 26
3.9170001 3.6570001 2.03 17
6.2680001 3.6229999 2.0569999 112
3.8710001 3.7939999 2.0580001 7
5.4289999 3.7390001 2.0120001 23
5.533 3.7950001 2.017 12
3.7309999 3.8399999 2.0380001 3
6.244 3.8069999 2.076 107
5.4375 3.9184999 2.027 24.5
6.2410002 3.9719999 2.01 102
5.3899999 4.0690002 2.0395 29.5
5.6170001 4.0289998 2.0420001 14
1.207 4.1009998 2.0179999 90
1.309 4.1110001 2.0369999 90
1.41 4.1149998 2.0550001 83
1.518 4.1339998 2.0799999 85
1.7263333 4.1533332 2.0049999 82.666664
1.8548 4.1705999 2.0274003 82.400002
1.9754 4.1806002 2.0553999 85.800003
2.0809999 4.1900001 2.0869999 82.5
2.1119998 4.1939998 2.0853336 88
5.4520001 4.1020002 2.0109999 31
6.2245002 4.1399999 2.0295 102.5
2.323 4.217 2.0150001 78
2.4630001 4.2329998 2.0450001 78
2.6099999 4.2540002 2.0799999 78
2.9419999 4.29 2.0179999 82
3.115 4.3140001 2.0580001 78
6.1989999 4.3520002 2.066 85
6.2030001 4.3200002 2.049 105
5.0110002 4.5040002 2.0439999 18
5.2574997 4.5614996 2.0555 43
5.6830001 4.5949998 2.0050001 52
6.1815 4.5374999 2.0885 93.5
5.6110001 4.6009998 2.053 52
6.033 4.6470003 2.0785 56.5
-11.493 -0.65100002 2.165 112
-11.516 -0.391 2.1600001 113
-11.538 -0.131 2.155 109
-8.7519999 -0.183 2.1530001 75
-7.75 -0.125 2.1949999 7
-6.1820002 -0.024 2.1960001 7
-8.7639999 0.013 2.1630001 70
-8.1169996 0.093999997 2.1919999 4
-7.7620001 0.059 2.198 7
-7.1370001 0.046 2.191 4
-6.6199999 0.0070000002 2.1949999 7
-6.2379999 0.061000001 2.1860001 6
-5.8379998 0.0020000001 2.198 5
-5.3769999 0.090000004 2.1789999 7
-11.573 0.13 2.1530001 111
-6.2090001 0.11 2.198 3
-5.816 0.13699999 2.194 11
-5.0549998 0.177 2.1860001 1
-4.8600001 0.145 2.175 4
-8.8079996 0.20999999 2.1800001 52
-8.0760002 0.26800001 2.191 3
-7.1550002 0.212 2.1949999 2
-6.2309999 0.228 2.1935 4.5
-5.763 0.26899999 2.178 8
-5.039 0.28400001 2.187 1
-4.0409999 0.252 2.1199999 20
-3.9435 0.228 2.1599998 13.5
-3.632 0.28400001 2.1819999 8
-3.5039999 0.266 2.1949999 11
-3.4119999 0.27599999 2.1800001 11
-11.599 0.39199999 2.151 87
-5.3740001 0.329 2.1900001 8
-3.9155002 0.315 2.1465001 27.5
-3.0515001 0.33399999 2.1665001 1
-2.8329999 0.35800001 2.1559999 6
-5.756 0.40099999 2.1819999 6
-3.9519999 0.40599999 2.1140001 4
-3.0325 0.4725 2.164 10
-2.8416665 0.44933334 2.1676667 5
-2.6385 0.45899999 2.1620002 6
-2.4516666 0.44133338 2.1611667 6.8333335
-2.316 0.43933332 2.1780002 7
-2.2459998 0.44840002 2.164 8.1999998
-2.1440001 0.46450001 2.1654999 7
-2.049 0.46299997 2.1581666 9.333333
-1.928 0.43799999 2.1800001 10
-1.84925 0.47375 2.16225 15.25
-1.74 0.486 2.171 16
-1.6619999 0.47400001 2.198 5
-5.7750001 0.537 2.1960001 5
-3.523 0.59100002 2.152 2
-3.434 0.588 2.175 1
-3.3239999 0.55599999 2.1619999 2
-3.217 0.53799999 2.1654999 5
-3.0244999 0.54299998 2.1659999 8.5
-2.842 0.53833336 2.1673334 4.3333335
-2.6489999 0.5675 2.1624999 5
-2.5875001 0.528 2.1595001 5
-2.4439998 0.55124998 2.15975 5.75
-2.3915 0.54499996 2.1605 5.5
-2.2633333 0.53816664 2.1636667 6.1666665
-2.1612501 0.56650001 2.1682501 6
-2.043 0.55575001 2.1582499 8
-1.9895 0.54750001 2.1570001 8
-1.8536667 0.54716665 2.1534998 13.166667
-1.7484 0.55720007 2.1608 12.6
-1.6176667 0.53366661 2.161 13.333333
2.79 0.56999999 2.1760001 7
-11.637 0.65499997 2.1530001 113
-3.9664998 0.64999998 2.1164999 34.5
-3.8150001 0.66100001 2.1760001 3
-3.516 0.67000002 2.1589999 3
-3.408 0.667 2.168 2
-3.2576666 0.65466666 2.1593335 2.6666667
-3.0095 0.64050001 2.1645 5.5
-2.98 0.64849997 2.152 5
-2.8400002 0.65750003 2.1620002 4
-2.7735 0.64349997 2.1595001 5
-2.622 0.65799999 2.1589999 5
-2.559 0.63950002 2.161 5.5
-2.4405 0.66050005 2.1630001 6
-2.372 0.65324998 2.1565001 7
-2.2456 0.63780004 2.165 6.1999998
-2.1462002 0.66080004 2.1642001 6.4000001
-2.0266666 0.64300001 2.1600001 7.6666665
-1.9712499 0.65399998 2.1575 8
-1.8356667 0.64433336 2.1536667 10.666667
-1.7739999 0.65759999 2.1587999 9
-1.693 0.65200001 2.1570001 12
-1.5843334 0.63366669 2.1559999 14
1.6270001 0.64100003 2.1824999 20
1.738 0.67500001 2.1689999 17
2.0444999 0.65700001 2.1654999 2.5
2.1865001 0.6595 2.1725001 4
2.237 0.68200004 2.1659999 4
2.3510001 0.67200005 2.1835001 1
2.4070001 0.65899998 2.1659999 7
2.5669999 0.63800001 2.1860001 5
2.7679999 0.63200003 2.1719999 7
-3.9860001 0.72899997 2.131 22
-3.777 0.74400002 2.1670001 3
-3.4505 0.74800003 2.1680002 4
-3.263 0.76200002 2.161 1
-3.1775 0.75749999 2.164 3.5
-2.9755001 0.74849999 2.1609998 5
-2.8310001 0.75400001 2.164 5
-2.734 0.76699996 2.1575 5
-2.602 0.71799999 2.1570001 5
-2.5453334 0.75866669 2.1606667 6
-2.4130001 0.77200001 2.1655002 5.5
-2.3356667 0.741 2.1566668 5.3333335
-2.2329998 0.74566668 2.165 6
-2.1434283 0.75 2.1647143 5.8571429
-2.0555 0.75999999 2.1585002 7
-1.9497999 0.74580002 2.1568 8
-1.8519999 0.75766665 2.1576667 8.666667
-1.7428 0.75339997 2.1570001 9
-1.6752501 0.75924999 2.1572499 11
-1.5506667 0.73366666 2.1583331 14
1.5695 0.77400005 2.1719999 12
1.79 0.70099998 2.1659999 16
1.9530001 0.78400004 2.1719999 1.5
2.062 0.77399999 2.171 1
2.3569999 0.70850003 2.168 7
2.5239999 0.72350001 2.1795001 1
2.7160001 0.74150002 2.174 4
-3.5050001 0.82999998 2.1789999 7
-3.3900001 0.829 2.1789999 10
-3.26 0.83399999 2.174 6
-2.9403334 0.84100002 2.1576667 6
-2.8179998 0.852 2.1665001 7
-2.7079999 0.86000001 2.1619999 5
-2.5549998 0.86650002 2.1585002 6
-2.4875002 0.85749996 2.1630001 5.5
-2.3483334 0.83699995 2.1599998 6.3333335
-2.2497499 0.84900004 2.1607499 6
-2.1375 0.84899998 2.1615 6
-2.0745001 0.85625005 2.1672499 6
-1.9523335 0.83200002 2.1566665 7.3333335
-1.868 0.8524 2.1570001 9
-1.7460001 0.85575002 2.155 8.75
-1.6466 0.85679996 2.1565998 10.8
-1.5185001 0.8175 2.1599998 12.5
-1.497 0.86699998 2.1600001 15
1.5359999 0.86033326 2.176667 15
1.684 0.84899998 2.1715 7.5
1.7228 0.84680003 2.1675999 8.6000004
1.8492501 0.86125004 2.1637499 6
1.92 0.84649998 2.1672502 7.25
2.0413334 0.84500003 2.1530001 7.6666665
2.147125 0.84525001 2.163625 3.75
2.2539999 0.87199998 2.164 1
2.3239999 0.87800002 2.165 1
2.6919999 0.88 2.174 1
-11.68 0.92500001 2.1559999 89
-2.6889999 0.92199999 2.165 8
-2.4649999 0.94099998 2.1719999 9
-2.3610001 0.90499997 2.1589999 9
-2.273 0.93324995 2.1642501 6.5
-2.1423333 0.9326666 2.1643333 7.6666665
-2.0518334 0.95583338 2.1705 7.3333335
-1.9166666 0.94766665 2.1563334 10.666667
-1.8398001 0.95779991 2.1633999 8.3999996
-1.7495 0.9465 2.1634998 8.5
-1.6457142 0.9414286 2.1597145 9.7142859
-1.5880001 0.972 2.165 9
-1.467 0.9326666 2.1623335 11.666667
1.4840001 0.958 2.1730001 18.333334
1.6605556 0.94422221 2.1662221 15
1.788 0.95000005 2.1595001 14.5
1.8582001 0.95859993 2.1614001 12.8
1.9676666 0.94899994 2.154 8.333333
2.0701666 0.95066667 2.1576667 7.8333335
2.1340001 0.96233338 2.1633332 7
2.2493999 0.94939995 2.1690001 6
2.302 0.93199998 2.1670001 7
2.4229999 0.96700001 2.1675 5
2.8863335 0.96566671 2.1720002 2.3333333
-2.2449999 1.007 2.184 7
-2.096 1.006 2.1760001 17
-1.9119999 1.044 2.112 13
-1.834 1.027 2.1719999 10
-1.756 1.0225 2.1694999 14.5
-1.6275001 1.025 2.1605 13
-1.5755 1.0339999 2.1665001 17.75
-1.4206667 1.0336667 2.1710002 14.333333
1.4323334 1.0583333 2.1780002 15.666667
1.5792501 1.077 2.1602499 15.5
1.6158001 1.0297999 2.164 14.2
1.7591667 1.0623333 2.1578333 11.5
1.842 1.0443333 2.1559999 11.333333
1.9646667 1.0736666 2.1576664 7.6666665
2.0491428 1.0501429 2.1587143 7.8571429
2.1830001 1.0345 2.1675 7
2.2202499 1.04775 2.1617498 7.25
2.3830001 1.061 2.168 6.6666665
2.4059999 1.01 2.1700001 7
2.5695 1.0585001 2.168 5.5
2.608 1.056 2.1659999 6
3.0090001 1.053 2.1559999 13
3.112 1.061 2.171 10
6.342 1.015 2.125 11
-11.726 1.1950001 2.161 11
1.37 1.1533333 2.1763334 10.666667
1.499 1.1950001 2.154 16
1.5390002 1.1502501 2.16275 14.5
1.6795 1.1454999 2.1575 14
1.7360001 1.1534001 2.1586001 9.6000004
1.858 1.142 2.1525002 9
1.9375 1.1545 2.1537499 8.5
2.0367999 1.1614001 2.1552 8
2.1561666 1.1388334 2.1615 7
2.33325 1.1504999 2.1642499 6
2.5486667 1.1426667 2.1630001 5.6666665
2.7750001 1.178 2.165 6
2.8310001 1.191 2.1670001 4
3.5090001 1.17 2.131 18
6.5339999 1.1950001 2.1900001 127
1.28 1.278 2.178 7
1.316 1.2325001 2.178 7.5
1.469125 1.25325 2.164875 15
1.595 1.278 2.1619999 11
1.6561428 1.2410001 2.1604285 11.285714
1.773 1.2625 2.1500001 9.5
1.8518 1.2478001 2.1514001 8.6000004
1.9604 1.2414 2.1542001 8
2.0643334 1.2596666 2.1596668 7
2.1213334 1.2340001 2.1603334 7
2.2762499 1.2515 2.16225 5.75
2.4779999 1.2463332 2.161 5
2.5190001 1.228 2.164 6
2.737 1.24 2.161 6
2.8069999 1.255 2.164 5
2.948 1.261 2.158 13
3.027 1.252 2.1700001 10
1.148 1.3885 2.1459999 16
1.2410001 1.35675 2.1682498 10.25
1.37625 1.37475 2.1729999 12.75
1.416 1.3264 2.1643999 13.6
1.5564287 1.3555715 2.1604285 11.142858
1.654 1.3494999 2.158 10.75
1.7562501 1.3545001 2.1507499 8.75
1.84175 1.347 2.151 8.5
1.9455999 1.3512 2.1600001 7.1999998
2.0436001 1.3346001 2.1589999 6.5999999
2.1989999 1.352 2.1589999 5
2.2243335 1.3523334 2.1646667 5.3333335
2.3929999 1.364 2.158 5
2.4313333 1.3470001 2.1600001 5
2.665 1.364 2.1589999 6
2.742667 1.3330001 2.1563332 5.3333335
2.898 1.397 2.1600001 9
2.9579999 1.3383335 2.1646667 14
3.1099999 1.34 2.1600001 16
3.221 1.3710001 2.1730001 13
1.291 1.4059999 2.108 14.5
1.3473334 1.4156666 2.1743333 9.333333
1.4694999 1.448 2.1575 10.5
1.525 1.4250001 2.1653335 9.333333
1.6449999 1.4688001 2.154 9
1.73825 1.4402499 2.1512499 8.5
1.8589998 1.4366666 2.1576667 7.6666665
1.9438571 1.4617144 2.1578572 6.8571429
2.0239999 1.401 2.158 7
2.1416001 1.4562 2.1601999 5.4000001
2.3502498 1.457 2.1582499 5
2.5869999 1.483 2.1570001 5
2.6210001 1.421 2.1530001 6
2.733 1.449 2.1589999 5
2.8759999 1.467 2.164 6
2.9219999 1.433 2.164 14
3.0595 1.4445 2.1570001 17
3.1819999 1.438 2.1700001 15
3.2665 1.4384999 2.1615 9.5
3.4649999 1.4299999 2.1670001 28
1.4725 1.5810001 2.1415 15.5
1.5583334 1.5548334 2.1569998 14.666667
1.6433334 1.5616666 2.1553333 17.666666
1.7577499 1.5625 2.1557498 15.75
1.8477142 1.5489999 2.159143 10.571428
1.9400001 1.546 2.165 7
2.0632501 1.5605 2.1575 7.5
2.27175 1.5575 2.154 6.5
2.523 1.5695 2.1545 6
2.684 1.5395 2.151 5.5
2.8366668 1.5619999 2.1623333 6
2.901 1.5 2.174 10
3.0050001 1.5470001 2.1530001 16
3.1245 1.5395 2.1689999 15
3.2130001 1.552 2.1619999 12
3.4289999 1.556 2.1820002 20.5
1.383 1.666 2.1429999 10
1.4763333 1.6636666 2.1570001 9.333333
1.559 1.66 2.155 10
1.628 1.618 2.1489999 10
1.7438334 1.6488333 2.1546667 9.833333
1.849 1.651 2.1554999 10
1.9723333 1.65 2.1499999 13.333333
2.0239999 1.633 2.1559999 16
2.1655002 1.6754999 2.148 12
2.2094998 1.6295 2.151 15
2.454 1.652 2.1500001 14
2.6210001 1.6645 2.1454999 9
2.7795 1.6670001 2.1620002 7.5
2.8310001 1.619 2.175 8
2.9619999 1.6603333 2.1476667 8.666667
3.0469999 1.6289999 2.154 9
3.151 1.614 2.1470001 10
6.4889998 1.635 2.1819999 14
-8.3319998 1.7180001 2.154 27
1.3633333 1.7290001 2.1639998 11.666667
1.4373332 1.7556667 2.1583335 8.333333
1.511 1.723 2.1570001 9
1.6498332 1.7575001 2.1636665 7.5
1.7368 1.7379999 2.1594 8.6000004
1.862 1.77 2.1609998 7
1.9246668 1.7323333 2.1563332 7
2.0875001 1.7735 2.154 8.5
2.1294999 1.7265 2.1525002 12
2.3610001 1.7589999 2.1470001 9
2.4070001 1.705 2.1470001 9
2.576 1.762 2.1470001 6
2.6954999 1.7804999 2.1539998 5.5
2.7255001 1.7155 2.148 13
2.891 1.75 2.1500001 0
6.4689999 1.7819999 2.1800001 119
-7.3319998 1.845 2.1429999 28
-7.25 1.85 2.1010001 26
1.3573333 1.821 2.168 9.333333
1.471 1.868 2.161 6
1.5575 1.8448334 2.168 6.6666665
1.6520001 1.8520001 2.1639998 6.6666665
1.7739999 1.881 2.1605 7
1.8323332 1.8299999 2.158 6.6666665
1.9725 1.872 2.1560001 8.5
2.0286667 1.8369999 2.1519997 6.3333335
2.2609999 1.859 2.1429999 12
2.3110001 1.809 2.145 19
2.5265 1.8565 2.1475 5.5
2.648 1.8596667 2.1593335 6
2.8560002 1.8673333 2.1589999 5.3333335
-6.3899999 1.936 2.1429999 31
-5.9260001 1.994 2.1010001 28
1.3545001 1.946 2.1684999 9
1.4462 1.9519999 2.1732001 6.5999999
1.5430001 1.9456667 2.1730001 5
1.6433334 1.9543333 2.168 5
1.7243334 1.9419999 2.165 5.6666665
1.855 1.972 2.154 5
1.923 1.9383334 2.154 5.6666665
2.1760001 1.971 2.1589999 4
2.2190001 1.915 2.1500001 6
2.4690001 1.9450001 2.1440001 5
2.5653334 1.9733334 2.1593332 5.3333335
2.6229999 1.911 2.151 6
2.7679999 1.9450001 2.151 6
2.813 1.933 2.1389999 2
6.448 1.932 2.178 66
-5.6719999 2.0380001 2.1459999 33
1.357 2.0449998 2.1750002 6.6666665
1.4536667 2.0576668 2.1730001 6.3333335
1.5498 2.0541999 2.1717999 5.1999998
1.6375 2.0365 2.1670001 5.5
1.7466668 2.075 2.1583331 5.6666665
1.8260001 2.017 2.1523333 5
2.0610001 2.0550001 2.1489999 6
2.118 2.0120001 2.152 5
2.4503999 2.0640001 2.152 5.4000001
2.5450001 2.0380001 2.154 6
2.684 2.075 2.1559999 4
2.7593334 2.0346668 2.1613333 5.6666665
6.323 2.0480001 2.1429999 30
-5.0630002 2.1029999 2.119 35
-4.5869999 2.1570001 2.1270001 45
-4.2389998 2.1960001 2.141 59
1.335 2.1630001 2.1789999 7.8000002
1.4347999 2.1530001 2.1743999 6.1999998
1.521 2.1259999 2.168 5
1.651 2.1526666 2.1646667 5
1.719 2.1270001 2.1619999 5
1.899 2.1860001 2.1530001 6
1.959 2.1500001 2.1570001 8
2.0179999 2.1099999 2.1600001 6
2.299 2.178 2.1329999 3
2.3829999 2.1475 2.1605 5
2.4530001 2.1530001 2.1500001 5
2.576 2.188 2.1470001 6
2.6434999 2.1645 2.1605 6.5
2.7409999 2.1424999 2.155 11
2.8959999 2.1849999 2.128 16
-4.1869998 2.2019999 2.138 55
-4.0139999 2.221 2.1500001 67
-3.8529999 2.2360001 2.165 61
-3.7130001 2.2509999 2.171 60
-3.566 2.2739999 2.1070001 65
1.3416666 2.2366667 2.1776669 7.3333335
1.4395 2.2800002 2.1745 5.5
1.54 2.2337499 2.1684999 5.25
1.619 2.204 2.1689999 5
1.789 2.2709999 2.1589999 5
1.852 2.2390001 2.165 5
2.2693331 2.2603333 2.1506665 2.3333333
2.3600001 2.24 2.1595001 4.5
2.4059999 2.2090001 2.148 5
2.5599999 2.2449999 2.1529999 6.5
2.665 2.2650001 2.1389999 27
2.724 2.2090001 2.1429999 22
2.8670001 2.2690001 2.148 7
3.119 2.253 2.112 13
3.8655 2.2744999 2.1409998 13
3.9100001 2.2809999 2.105 14
4.3280001 2.2750001 2.112 18
-3.3039999 2.312 2.177 60
-3.164 2.3299999 2.125 64
-2.921 2.3510001 2.1700001 63
-2.809 2.369 2.1300001 65
-2.6210001 2.388 2.198 66
1.3390001 2.3483334 2.1780002 7.3333335
1.4305 2.3165002 2.1705 5.5
1.643 2.3645 2.164 5
1.726 2.302 2.154 5
2.178 2.3663332 2.1560001 1.6666666
2.2160001 2.3010001 2.138 3
2.309 2.323 2.1470001 3
2.4680002 2.345 2.1566665 9.666667
2.5525 2.3445001 2.154 16
2.6040001 2.3180001 2.135 29
2.756 2.398 2.1530001 6
2.8310001 2.3499999 2.165 5
3.0780001 2.3380001 2.1259999 20
3.8299999 2.3724999 2.145 22
4.1230001 2.3050001 2.128 10
4.7709999 2.359 2.1240001 12
-2.5220001 2.401 2.1600001 74
-2.4465001 2.4070001 2.1515 78.5
-2.3729999 2.4159999 2.1470001 82
-2.2833333 2.431 2.1659999 81.666664
-2.1472001 2.4431999 2.1431999 78.599998
-2.0469999 2.4523332 2.1363332 79
-1.983 2.4579999 2.1389999 80
-1.898 2.4660001 2.0999999 75
1.4649999 2.47 2.1754999 5.5
1.553 2.4159999 2.1670001 5
2.0783334 2.4653332 2.1566665 2.3333333
2.1489999 2.4614999 2.152 2.5
2.2480001 2.4215002 2.1595001 4
2.34375 2.4602499 2.1522501 15.5
2.4523335 2.4416668 2.1446667 14.333333
2.697 2.4590001 2.154 6
2.9679999 2.49 2.1400001 5
3.0650001 2.448 2.1619999 13
3.8190002 2.4750001 2.1483333 16.666666
5.1859999 2.4159999 2.1110001 18
-1.4614999 2.5195 2.1900001 75
-1.35 2.5309999 2.165 74
-1.2445 2.5485001 2.1494999 74.5
-1.141 2.5650001 2.1370001 72
-1.0365 2.5725 2.1199999 65
-0.93599999 2.586 2.1110001 68
-0.87400001 2.5929999 2.1505001 69
1.369 2.51 2.174 8
1.9630001 2.5805001 2.1570001 6.5
2.0235 2.5415001 2.165 6
2.151 2.5695 2.1529999 11.5
2.2383335 2.5486667 2.1503334 19.666666
2.3410001 2.562 2.1355 9.5
2.5780001 2.579 2.158 5
2.6370001 2.5190001 2.155 6
2.9070001 2.5599999 2.1440001 8
3.803 2.5599999 2.1400001 16
6.3930001 2.552 2.1930001 71
-0.80949998 2.6010001 2.145 68.5
-0.75199997 2.6059999 2.1819999 58
-0.65900004 2.6174998 2.1765001 60.5
-0.53549999 2.6294999 2.1705 65.5
-0.449 2.639333 2.1246667 65.333336
-0.354 2.6466665 2.148 62
-0.24700001 2.6585 2.1459999 64.25
-0.1472 2.6673999 2.1638 63.400002
-0.048499998 2.6799998 2.1750002 62.25
0.054000001 2.6903334 2.1696665 60.333332
1.8710001 2.6399999 2.1729999 7
1.941 2.6670001 2.1659999 5
2.0542498 2.6535001 2.1534998 17.5
2.151 2.6460001 2.142 17.333334
2.256 2.645 2.1429999 7
2.4625001 2.6424999 2.1430001 3
2.753 2.6719999 2.132 4
2.8529999 2.6389999 2.1559999 6
3.8055 2.6465001 2.1655002 11.5
0.153 2.7023335 2.1823332 64.333336
0.25400001 2.71 2.181 66
0.35299999 2.7244999 2.1905 66.5
0.454 2.7290001 2.1949999 69
1.681 2.793 2.188 5
1.758 2.7195001 2.1739998 5.5
1.8673333 2.7496669 2.1643333 8.666667
1.9513334 2.7460001 2.1526668 19.666666
2.0145001 2.7195001 2.1475 21
2.125 2.7349999 2.1400001 2
2.3499999 2.7690001 2.1615 5
2.6525002 2.7680001 2.138 4.5
3.5599999 2.799 2.1530001 8
3.642 2.77 2.1630001 6.5
3.763 2.7410002 2.1735001 30.5
6.368 2.707 2.1960001 112
1.5650001 2.869 2.191 5
1.615 2.8169999 2.178 6
1.75925 2.8685 2.1672499 13.25
1.8568001 2.8306 2.1566 22.4
1.946 2.888 2.1600001 8
2.0384998 2.816 2.152 1.5
2.1730001 2.885 2.158 1
2.2449999 2.842 2.1600001 2
2.5420001 2.8529999 2.1389999 4
3.494 2.878 2.145 9
3.5840001 2.8889999 2.158 8
3.631 2.8729999 2.148 4
3.7449999 2.832 2.145 34
6.3579998 2.8169999 2.102 110
1.561 2.9616668 2.181 12
1.647 2.9645 2.1695001 19.25
1.7214999 2.9237499 2.1637499 22.75
1.8510001 2.9605 2.1694999 5.5
2.0570002 2.9384999 2.1485 3.5
2.3989999 2.97 2.1470001 3
2.473 2.914 2.1440001 4
3.424 2.9530001 2.135 5
3.5475001 2.9645 2.1550002 6.5
3.7479999 2.9779999 2.148 24
6.335 2.9820001 2.1110001 110
1.54175 3.0496249 2.1673751 13
1.67 3.0409999 2.1630001 7
1.747 3.017 2.171 5
1.89 3.0669999 2.1670001 7
1.962 3.023 2.164 7
2.2539999 3.0840001 2.158 7
2.336 3.039 2.161 6
3.3499999 3.0769999 2.138 4
3.4420002 3.0403335 2.1470001 5.6666665
3.7303333 3.0826666 2.1289999 22.333334
1.67 3.187 2.175 7
1.752 3.1630001 2.1819999 6
1.826 3.1229999 2.1789999 4
2.0869999 3.1659999 2.154 5
2.187 3.151 2.1730001 6
3.3095 3.1500001 2.1459999 3.5
3.4360001 3.125 2.142 5
3.622 3.1600001 2.155 6
3.7249999 3.1900001 2.1500001 28
6.3119998 3.148 2.122 113
1.9220001 3.2479999 2.155 4
2.0020001 3.204 2.152 4
3.2525001 3.2360001 2.152 1.5
3.3789999 3.2160001 2.1470001 4
3.5380001 3.234 2.1470001 5
3.7279999 3.237 2.1440001 32
6.3260002 3.2190001 2.1099999 120
1.853 3.312 2.1730001 7
3.082 3.3629999 2.1500001 2
3.164 3.3080001 2.1559999 2
3.2224998 3.348 2.1465001 4
3.3525 3.3494999 2.1489999 3
3.477 3.329 2.1559999 2
3.661 3.3470001 2.171 9
6.3024998 3.3529999 2.1340001 116.5
2.9920001 3.411 2.1400001 10
3.072 3.487 2.148 3
3.1575 3.4349999 2.1494999 2.5
3.3169999 3.4820001 2.151 5
3.559 3.4890001 2.1930001 4
2.8510001 3.5480001 2.1489999 4
2.9560001 3.5190001 2.168 26
3.0469999 3.553 2.1459999 4
3.25 3.5699999 2.1600001 2
3.3429999 3.5840001 2.161 1
6.2834997 3.5244999 2.1525002 110.5
2.7389998 3.6440001 2.1529999 2.5
2.948 3.671 2.1600001 36
3.0480001 3.6500001 2.1670001 6
3.161 3.6359999 2.154 4
3.24 3.635 2.1500001 1
6.263 3.678 2.168 104
2.957 3.711 2.1570001 13
3.0810001 3.7149999 2.1559999 4
3.697 3.704 2.1389999 13
6.257 3.7160001 2.177 108
3.6819999 3.8670001 2.187 13
6.2459998 3.8599999 2.1860001 109
2.138 4.0830002 2.1789999 80
2.2260001 4.0370002 2.1800001 73
2.5580001 4.0815001 2.1684999 70.5
2.6630001 4.0675001 2.1800001 68.5
2.7479999 4.0749998 2.1849999 68
2.809 4.0939999 2.181 77
6.2340002 4.0029998 2.102 90
1.626 4.1469998 2.105 86
1.7359999 4.158 2.1300001 82
1.849 4.1729999 2.158 88
1.964 4.1849999 2.1860001 91
2.573 4.1490002 2.1760001 95
2.6670001 4.119 2.1715002 81
3.142 4.1849999 2.1630001 71
3.2620001 4.1389999 2.174 71
6.2140002 4.1950002 2.1259999 93
2.1930001 4.204 2.1199999 80
2.2405 4.2122502 2.1224999 83.75
2.3652003 4.2274003 2.1592 86.800003
2.4579999 4.2360001 2.1849999 78
2.5256667 4.2340002 2.1896667 84
2.7679999 4.283 2.1210001 76
2.9200001 4.2950001 2.1559999 72
3.066 4.289 2.184 79
3.7379999 4.2410002 2.1630001 70
3.8989999 4.2119999 2.191 65
3.296 4.3379998 2.102 84
3.4820001 4.3610001 2.1470001 79
3.6670001 4.369 2.188 74
6.1929998 4.3930001 2.1530001 91
5.3049998 4.5619998 2.1199999 50
5.5560002 4.5936666 2.1513336 50.666668
5.8499999 4.6149998 2.1889999 51
5.9369998 4.6409998 2.1340001 56
6.1750002 4.6009998 2.1819999 93
-11.479 -0.71899998 2.2750001 89
-11.511 -0.44499999 2.279 91
-8.302 -0.264 2.224 3
-11.542 -0.168 2.286 90
-7.165 -0.12 2.2030001 4
-8.1920004 -0.081 2.2030001 4
-5.125 0.068000004 2.2090001 9
-4.6269999 0.098999999 2.207 16
-11.561 0.107 2.2909999 90
-6.6479998 0.156 2.2 5
-4.4660001 0.13500001 2.266 13
-4.348 0.168 2.277 10
-4.2589998 0.15800001 2.2850001 13
-7.8060002 0.24600001 2.211 2
-5.4169998 0.211 2.201 11
-3.3080001 0.28400001 2.2090001 10
-3.181 0.278 2.2650001 10
-7.2610002 0.38499999 2.227 1
-6.677 0.30700001 2.2060001 3
-6.2565002 0.37200001 2.2014999 2.5
-2.9619999 0.31999999 2.2379999 1
-2.767 0.34799999 2.2720001 1
-2.365 0.389 2.2130001 9
-6.7080002 0.46000001 2.2130001 1
-2.2449999 0.40349999 2.2195001 8
-2.177 0.41500002 2.2574999 8.5
-1.924 0.43900001 2.2249999 8
-1.9 0.43399999 2.244 10
-1.7869999 0.45899999 2.221 7
-6.2729998 0.5165 2.2084999 2
-1.983 1.094 2.2850001 19
3.3940001 1.184 2.223 0
-9.8549995 1.548 2.24 23
-7.8670001 1.7819999 2.2850001 27
-7.7249999 1.794 2.22 26
1.3316 1.7448 2.2442002 13.2
-7.0229998 1.882 2.204 26
-6.7989998 1.892 2.2720001 30
1.334 1.8603333 2.257 10
-6.2620001 1.954 2.2130001 30
-6.0040002 1.995 2.2490001 29
1.3255 1.9349999 2.253 10
-5.329 2.0699999 2.2049999 36
1.3164999 2.0165 2.253 10
3.1530001 2.003 2.2720001 13
-5.0440001 2.102 2.286 35
-4.8039999 2.1300001 2.2019999 44
-4.5809999 2.165 2.283 47
-4.448 2.174 2.2190001 56
-4.3699999 2.181 2.204 50
-4.1929998 2.1949999 2.2190001 57
1.298 2.1040001 2.2049999 11
2.9690001 2.1900001 2.25 13
-4.0149999 2.2090001 2.2320001 58
-3.8870001 2.2390001 2.2509999 57
-3.457 2.2980001 2.237 58
1.3050001 2.2480001 2.2804999 10
3.1229999 2.244 2.253 8
4.099 2.2939999 2.21 10
4.118 2.2950001 2.296 10
-3.1789999 2.326 2.273 63
-3.052 2.342 2.223 58
-2.832 2.3599999 2.2809999 62
-2.724 2.3740001 2.2379999 63
-2.675 2.3740001 2.26 68
-2.5769999 2.395 2.2260001 74
1.299 2.303 2.2360001 10
1.3055 2.3239999 2.24 10
4.151 2.302 2.2030001 12
4.4239998 2.3410001 2.256 11
5.1350002 2.391 2.257 17
5.29 2.3150001 2.2969999 14
-2.4506667 2.408 2.2749999 73
-2.3566668 2.4206667 2.2349999 76.666664
-2.2395 2.431 2.2385001 79.5
-2.161 2.4389999 2.2219999 79
-1.821 2.484 2.29 72
-1.737 2.49 2.2620001 73
1.318 2.438 2.2179999 11
5.5139999 2.4089999 2.217 3
-1.658 2.503 2.243 77
-1.579 2.5109999 2.221 74
-1.414 2.5309999 2.2980001 82
-1.342 2.536 2.277 70
-1.2385 2.5480001 2.2540002 72.5
-1.136 2.556 2.23 69
-1.0380001 2.5710001 2.2160001 71.5
-0.94949996 2.582 2.2495 65.5
-0.85649997 2.5880001 2.2844999 69
-0.75733334 2.595 2.2889998 70.666664
-0.74599999 2.6085 2.2645001 63
-0.66655558 2.6135554 2.2788887 64.333336
-0.54636365 2.6265452 2.2641819 62.18182
-0.44675002 2.6377501 2.2576251 61.5
-0.35554549 2.6491816 2.250818 62.545456
-0.25130001 2.6596999 2.2553 61.299999
-0.14725 2.672375 2.2596252 60.125
-0.044142861 2.6837144 2.2409999 61.857143
0.046999998 2.6925001 2.2541251 62.375
0.11725 2.6964998 2.2572501 64
1.358 2.6370001 2.2620001 12
3.8150001 2.6010001 2.2179999 10
0.16875 2.7042499 2.2509999 63.75
0.25244442 2.71 2.2465556 65.333336
0.34283331 2.7163334 2.2681668 68.5
0.43214282 2.7264285 2.2775714 68.428574
0.55166668 2.7363336 2.2303333 56.666668
0.61000001 2.737 2.289 1
3.786 2.7079999 2.23 23
6.3520002 2.8699999 2.2019999 110
6.336 3.0339999 2.21 104
6.3210001 3.2019999 2.22 76
6.3109999 3.3770001 2.233 38
3.691 3.5179999 2.2190001 2
3.556 3.645 2.243 5
3.697 3.6919999 2.276 1
6.2550001 3.902 2.2090001 105
2.3369999 4.0300002 2.2030001 69
2.687 4.0609999 2.2019999 70
2.8 4.0840001 2.2090001 67
2.9000001 4.099 2.23 63
6.2294998 4.0635004 2.221 73
2.0710001 4.1729999 2.2030001 96
2.9549999 4.0999999 2.2179999 69
2.513 4.223 2.2055001 79.5
2.648 4.2620001 2.21 86
3.477 4.2059999 2.247 60
6.21 4.2420001 2.2279999 69
5.8565001 4.6280003 2.2509999 52.5
-10.881 -0.79400003 2.3180001 80
-6.9980001 -0.149 2.326 2
-6.6370001 -0.092 2.3239999 3
-3.8610001 0.21600001 2.312 11
-3.296 0.28099999 2.3239999 10
-11.609 0.38699999 2.303 90
-3.04 0.31400001 2.306 20
-2.9059999 0.31 2.3310001 1
-2.493 0.36899999 2.339 4
-2.326 0.37400001 2.3380001 0
-2.1670001 0.417 2.3039999 9
-2.049 0.419 2.309 5
-1.877 0.44 2.325 6
-11.64 0.66799998 2.3139999 90
-11.666 0.94999999 2.3239999 91
-3.2509999 0.963 2.372 15
-2.5580001 1.0470001 2.3599999 11
3.2360001 1.052 2.3050001 19
-1.823 1.119 2.319 22
-11.697 1.237 2.339 12
-8.3050003 1.2640001 2.378 0
-7.7189999 1.318 2.3840001 1
-7.2399998 1.326 2.3940001 2
-6.0879998 1.436 2.3900001 10
-9.0139999 1.65 2.3139999 25
-8.2840004 1.737 2.3629999 22
-7.506 1.826 2.345 27
1.073 1.858 2.392 42
1.113 1.89 2.391 45
1.3380001 1.84025 2.36725 10.25
-6.6479998 1.915 2.3429999 26
-6.401 1.9579999 2.3759999 31
1.0615 1.9462501 2.3804998 41.5
1.329 1.9354999 2.3385 13
3.3110001 1.997 2.3499999 41
-5.625 2.0369999 2.3039999 34
-5.2969999 2.0710001 2.375 36
1.0466 2.0378001 2.3897998 42.799999
1.102 2.036 2.395 44
1.3186666 2.0500002 2.3733332 9.333333
-4.9060001 2.119 2.3940001 36
-4.7849998 2.138 2.358 42
-4.6465001 2.1524999 2.3494999 48
-4.3969998 2.174 2.302 52
-4.1989999 2.1889999 2.3110001 56
1.0622499 2.14675 2.3870001 45.25
1.312 2.1440001 2.3139999 8
-4.0409999 2.2079999 2.319 53
-3.777 2.257 2.362 60
-3.6210001 2.283 2.302 60
-3.4630001 2.2950001 2.391 59
1.0423332 2.23 2.391 48.333332
3.2060001 2.253 2.3870001 9
-3.3150001 2.309 2.3280001 54
-3.066 2.335 2.381 59
-2.9260001 2.3485 2.3429999 65.5
-2.7779999 2.3673334 2.3666666 68.333336
-2.648 2.3806665 2.3610001 69
-2.549 2.3944998 2.3235002 72
1.012 2.3399999 2.388 65
1.309 2.336 2.3829999 8
4.3449998 2.303 2.319 6
4.4330001 2.336 2.323 10
4.803 2.388 2.313 1
-2.5510001 2.401 2.309 67
-2.447 2.405 2.3640001 69
-2.3529999 2.4219999 2.3180001 76
-2.0869999 2.457 2.3800001 72
-1.9529999 2.4724998 2.3340001 72.5
-1.712 2.497 2.3859999 70
1.3245001 2.471 2.3759999 11.5
4.8850002 2.404 2.3429999 0
-1.632 2.5020001 2.358 77
-1.557 2.51 2.335 69
-1.4859999 2.5209999 2.316 71
-1.355 2.5316665 2.3883333 69.333336
-1.2483333 2.5443332 2.3626668 67.333336
-1.1594 2.5493999 2.3541999 68
-1.0442001 2.5648 2.348 69.699997
-0.94333339 2.5746667 2.3468335 71.166664
-0.85328567 2.5869999 2.3242855 69.14286
-0.77700001 2.596 2.322 68.5
1.016 2.513 2.3970001 53
1.335 2.5295 2.3470001 10.5
-0.73500001 2.6029999 2.335 72
-0.64750004 2.6079998 2.3150001 75
-0.56300002 2.622 2.3039999 73
-0.117 2.678 2.302 64
-0.059 2.6760001 2.302 61
0.028000001 2.681 2.3125 64
0.1435 2.6919999 2.3325 66.5
0.95199996 2.669667 2.3886669 34
1.0549999 2.684 2.3959999 20
0.19400001 2.7030001 2.3 66
0.25933334 2.7030001 2.3393333 69.333336
0.34833336 2.7133331 2.3403332 65.666664
0.45919999 2.724 2.3282001 67.199997
0.54150003 2.7346666 2.3301666 67.833336
0.61175001 2.7487497 2.3379998 9
0.98249996 2.75 2.3954999 40.5
0.87300003 3.8940001 2.368 81
3.6730001 3.8429999 2.3169999 2
2.546 4.177 2.313 68
2.7309999 4.2709999 2.3970001 77
2.9520001 4.2605 2.3469999 66.5
3.099 4.309 2.369 67
3.2335 4.3175001 2.3789999 69
3.8 4.3839998 2.385 66
-11.497 -0.588 2.4360001 88
-8.5869999 -0.55199999 2.4389999 29
-11.52 -0.338 2.427 88
-8.6049995 -0.34599999 2.4400001 29
-11.548 -0.085000001 2.4189999 89
-11.569 0.16500001 2.4130001 85
-11.593 0.421 2.4059999 86
-11.644 0.67799997 2.4070001 88
-11.686 0.93699998 2.4059999 91
-4.237 0.93599999 2.4449999 24
-3.5280001 0.97000003 2.421 18
-7.9809999 1.171 2.4590001 2
-2.325 1.176 2.473 32
-2.244 1.158 2.4449999 40
6.539 1.126 2.414 10
-11.714 1.2 2.4030001 12
-7.5149999 1.201 2.4809999 1
-2.043 1.262 2.4820001 150
-1.936 1.248 2.493 144
-1.8333334 1.2546667 2.4610002 81.333336
-1.756 1.26475 2.47875 81.25
-1.5675 1.27 2.4775 43
-6.8790002 1.34 2.4119999 3
-6.6599998 1.3559999 2.4000001 13
-10.782 1.436 2.438 35
-5.8109999 1.4170001 2.471 14
-9.7370005 1.556 2.4820001 28
-5.6989999 1.526 2.4419999 21
-5.6799998 1.656 2.454 23
6.4829998 1.6059999 2.438 4
-8.5089998 1.714 2.4590001 25
-5.6830001 1.796 2.4760001 26
1.0615001 1.77 2.4115 85.5
-7.2589998 1.845 2.4170001 28
-7.0760002 1.87 2.4890001 25
1.028 1.846 2.4590001 26
1.018 1.9565001 2.4225001 36
1.331 1.9313334 2.4446669 14
-5.96 2.003 2.418 35
-5.5739999 2.0369999 2.474 35
-5.158 2.086 2.4909999 35
1.0089999 2.0753334 2.4216669 37.666668
1.3166666 2.0383334 2.4550002 10
3.3940001 2.013 2.4660001 22
-5.0040002 2.109 2.4389999 34
-4.8449998 2.1240001 2.487 41
-4.6129999 2.1440001 2.493 45
-4.4029999 2.1689999 2.401 47
-4.2249999 2.187 2.404 52
0.99533337 2.1590002 2.4259999 34
1.005 2.1440001 2.4070001 54
1.3106667 2.1516666 2.4623334 10
-3.9549999 2.2379999 2.4360001 61
-3.6170001 2.28 2.457 52
0.98399997 2.273 2.4159999 52.5
1.308 2.2550001 2.4070001 8
3.8659999 2.2609999 2.441 3
5.2189999 2.27 2.447 25
-3.329 2.3110001 2.4990001 51
-3.178 2.3239999 2.4545 59.5
-3.023 2.3329999 2.4070001 69
-2.9390001 2.352 2.473 64
-2.852 2.3640001 2.4400001 62
-2.7160001 2.365 2.4360001 69
-2.6500001 2.3759999 2.4679999 68
-2.549 2.3929999 2.4170001 72
0.96700001 2.388 2.4189999 60
3.836 2.369 2.4619999 3
4.3909998 2.3180001 2.4260001 4
4.7556667 2.3803332 2.457 0.33333334
-2.3740001 2.4219999 2.487 62
-2.2750001 2.434 2.4489999 67
-2.181 2.4460001 2.414 71
-1.956 2.471 2.474 68
-1.88 2.49 2.4519999 71
-1.795 2.4949999 2.4189999 74
1.33 2.4519999 2.4030001 9
3.816 2.4849999 2.4909999 5
5.1540003 2.404 2.448 6.5
-1.6423334 2.5053332 2.4810002 72
-1.5425 2.5105 2.447 69.5
-1.4469999 2.5225999 2.4411998 67.800003
-1.3429999 2.5320001 2.4559999 67
-1.2527143 2.5438573 2.455857 66.571426
-1.1503334 2.5543334 2.4253333 68.666664
-1.0580001 2.5664999 2.4159999 69
0.96600002 2.5420001 2.402 66
0.9655 2.6587501 2.4145 41.5
1.1289999 2.6949999 2.427 1
0.472 2.7260001 2.414 62
0.56349999 2.7315001 2.4384999 41.5
0.89099997 2.7320001 2.4360001 12
0.9425 2.7544999 2.405 55.5
1.015 2.766 2.415 13
0.89899999 2.8310001 2.4690001 33
0.90850002 2.8435001 2.4375 59.5
0.93900001 2.9519999 2.4119999 63
0.884 3.029 2.464 53
0.87699997 3.55 2.4349999 59
0.81300002 3.6259999 2.473 50
0.88599998 3.7149999 2.4549999 71
1.02 4.0890002 2.493 79
2.882 4.2979999 2.4460001 78
3.026 4.309 2.4879999 45
3.1524999 4.3334999 2.434 76.5
3.289 4.3424997 2.451 73.5
3.3840001 4.3540001 2.444 78
3.4520001 4.3569999 2.4579999 61.5
3.5510001 4.3639998 2.4909999 35
3.652 4.3909998 2.4990001 77
4.0180001 4.421 2.451 66
-11.494 -0.616 2.539 113
-7.3579998 -0.45300001 2.579 24
-7.25 -0.34200001 2.5929999 33
-7.3610001 -0.278 2.5780001 25
-7.2779999 -0.186 2.5940001 33
-1.906 0.50099999 2.5079999 8
-4.7395 0.94749999 2.5440001 41
-4.0419998 1.052 2.53 64
-3.9200001 1.057 2.5350001 45
-3.77 1.05 2.5309999 52
-3.381 1.123 2.526 61
-3.2850001 1.113 2.5420001 40
-3.1040001 1.1440001 2.5220001 75
-2.9445 1.153 2.5320001 38.5
-2.836 1.154 2.5220001 26
-2.7049999 1.1799999 2.5190001 81
-2.6259999 1.1849999 2.5250001 38
-2.516 1.15 2.5109999 23
-2.3440001 1.175 2.5109999 27
-2.562 1.2130001 2.5179999 57
-2.4960001 1.209 2.5139999 83
-2.3440001 1.2283334 2.5073335 75.333336
-2.0585001 1.2344999 2.5015001 117.5
-1.367 1.5880001 2.5150001 4
-8.8430004 1.654 2.503 23
-8.0500002 1.761 2.5039999 28
-7.737 1.78 2.569 29
-6.8260002 1.909 2.5120001 25
-6.3189998 1.961 2.54 31
-5.7410002 1.955 2.5239999 28
-5.2449999 2.079 2.53 36
-5.0949998 2.096 2.5910001 35
-4.8390002 2.118 2.5940001 41
-4.4369998 2.1730001 2.5039999 49
3.454 2.154 2.546 47
-4.1459999 2.2160001 2.5150001 54
-3.937 2.2349999 2.595 54
-3.7709999 2.2579999 2.5220001 55
-3.4495001 2.2915001 2.5774999 57
3.842 2.253 2.5940001 6
-3.2950001 2.309 2.5320001 64
-3.1700001 2.325 2.5799999 70
-3.0584998 2.3395 2.53 64
-2.947 2.339 2.5550001 69
-2.8555 2.355 2.5465 67.5
-2.7650001 2.368 2.533 65
-2.586 2.398 2.575 63
4.177 2.309 2.5969999 1
4.7420001 2.3699999 2.598 6
-2.4790001 2.411 2.53 67
-2.2249999 2.4460001 2.585 63
-2.135 2.457 2.5480001 70
-2.0439999 2.4649999 2.51 65
-1.927 2.474 2.5739999 68
-1.847 2.4835 2.5625 67
-1.768 2.4910002 2.5310001 67.5
5.0749998 2.402 2.595 13
5.1009998 2.404 2.5439999 6
5.5120001 2.4389999 2.592 4
6.434 2.447 2.5280001 4
-1.701 2.5020001 2.572 70
-1.6595 2.5039999 2.5295 67
-1.5402499 2.5134997 2.56375 66
-1.4438 2.5214 2.5367999 67
-1.3505001 2.533 2.5124998 71
-1.007 2.5710001 2.5969999 62
-0.94199997 2.582 2.592 66
-0.84549999 2.595 2.5855 66.5
1.334 2.5020001 2.5209999 9
-0.74900001 2.6040001 2.5780001 63
-0.65450001 2.6155 2.5774999 65.5
-0.56 2.6270001 2.579 66
-0.4675 2.6389999 2.5855 68
-0.34350002 2.6494999 2.5935001 66.5
3.823 2.6240001 2.5409999 3
6.3870001 2.6070001 2.5369999 79
1.426 2.79 2.5109999 11
0.94299996 2.931 2.5815001 30
0.94700003 4.0439997 2.5704999 137
1.127 4.0900002 2.5009999 78
1.2410001 4.1129999 2.5250001 80
1.351 4.1170001 2.539 83
1.466 4.1300001 2.5599999 79
1.587 4.1500001 2.5880001 86
3.3329999 4.3530002 2.506 75
3.7409999 4.3899999 2.55 37
3.8510001 4.4190001 2.5610001 78
-11.663 0.73299998 2.6029999 89
-11.694 1.008 2.6199999 11
-10.594 1.451 2.684 18
-9.5430002 1.573 2.681 23
5.711 1.58 2.6989999 4
-9.1709995 1.622 2.6370001 23
-8.6960001 1.693 2.694 22
5.6564999 1.6570001 2.6815 15
6.4970002 1.655 2.6400001 12
5.6420002 1.755 2.677 27
-7.5279999 1.814 2.6440001 26
-7.2789998 1.85 2.6589999 27
5.5895 1.8455 2.6784999 25.5
6.467 1.808 2.648 110
-6.7249999 1.918 2.681 24
6.4099998 1.954 2.6459999 61
-5.5120001 2.0510001 2.632 28
-5.4439998 2.053 2.6040001 36
1.0550001 2.0495 2.6704998 49.5
-4.848 2.112 2.6989999 34
-4.6459999 2.148 2.6040001 41
-4.5669999 2.1670001 2.6960001 47
-4.3540001 2.1949999 2.605 55
0.99399996 2.148 2.6784999 57.5
1.034 2.158 2.6589999 55
-4.1290002 2.221 2.6830001 52
-3.7579999 2.257 2.6949999 56
-3.605 2.273 2.6229999 55
-3.582 2.2709999 2.665 62
0.98449999 2.2874999 2.6645 59.5
1.033 2.2635 2.664 51
-3.3134999 2.312 2.6545 61.5
-3.2049999 2.316 2.6949999 63
-3.2 2.329 2.6029999 59
-3.0739999 2.329 2.6229999 61
-2.9990001 2.3410001 2.665 68
-2.8210001 2.3759999 2.6819999 63
-2.6949999 2.382 2.6210001 61
0.98250002 2.3785 2.6719999 58
1.0320001 2.3376665 2.6663334 47
3.8340001 2.3699999 2.6300001 4
5.2979999 2.3499999 2.6170001 18
-2.4119999 2.4189999 2.664 63
-2.3139999 2.4289999 2.619 60
-2.1819999 2.4419999 2.677 65
-2.0504999 2.45925 2.6454999 65
-1.9315 2.474 2.642 63.5
-1.854 2.48 2.632 67
-1.75975 2.49125 2.651 65.75
0.97240001 2.4294002 2.6726 61
3.8150001 2.4820001 2.6589999 4
5.0890002 2.4089999 2.664 3
6.2690001 2.402 2.6630001 3
-1.64925 2.5082502 2.6407499 64.5
-1.587 2.51 2.6270001 68
-1.4299999 2.5369999 2.694 62
-1.358 2.546 2.677 71
-1.247 2.5479999 2.642 64.5
-1.1440001 2.562 2.6240001 65
-1.076 2.5699999 2.6129999 66
-0.86750001 2.5939999 2.6954999 59.5
0.95733339 2.5263336 2.6656666 64.333336
1.03 2.5335 2.6735001 35
-0.74199998 2.6034999 2.6745 60.5
-0.65100002 2.6170001 2.6689999 61
-0.54833335 2.6226666 2.6733334 60.333332
-0.43900001 2.638 2.6595001 56.5
-0.34299999 2.6440001 2.6764998 59.5
-0.25239998 2.6564 2.6598001 62
-0.15020001 2.6654 2.6497998 62.799999
-0.049000002 2.678 2.6601999 62.400002
0.046999998 2.6877501 2.66975 64
0.152 2.6973333 2.6793334 62.333332
0.93800002 2.6700001 2.674 58
1 2.648 2.6659999 49
3.8069999 2.6040001 2.698 2
0.25099999 2.704 2.6560001 62
0.34900001 2.721 2.6689999 60
0.447 2.7284999 2.6765001 64.5
0.54900002 2.744 2.6949999 56
0.94400001 2.842 2.638 95
0.90200001 2.9230001 2.691 58
0.91050005 3.06675 2.6800001 60.25
0.86699998 3.194 2.6919999 60
0.92449999 3.1370001 2.6760001 49.5
0.88099998 3.3099999 2.6830001 61
1.455 3.99 2.694 66
0.96799999 4.0503335 2.6299999 150
1.0666666 4.0966668 2.6413333 83
1.3564999 4.0214996 2.67975 22
1.4513334 4.0056667 2.6893332 67.666664
1.544 4.0050001 2.697 78
1.78 4.0630002 2.6960001 75
1.0775 4.1015 2.6754999 87.5
1.1733333 4.1069999 2.6633332 84.333336
1.257 4.1129999 2.638 85
1.368 4.1290002 2.6630001 70
1.479 4.1389999 2.6860001 84
1.71 4.1669998 2.6159999 84
1.8329999 4.1750002 2.6400001 90
1.965 4.198 2.6760001 92
4.0489998 4.4369998 2.622 72
-7.3520002 -0.16500001 2.7650001 46
-5.3909998 -0.077 2.7449999 16
-5.2350001 -0.044 2.7349999 21
-5.184 -0.030999999 2.793 22
-5.4029999 0.041999999 2.7449999 16
-5.2270002 0.078000002 2.733 22
-5.1869998 0.079999998 2.789 23
-7.8829999 1.1799999 2.763 14
-7.809 1.204 2.783 25
-7.8740001 1.355 2.76 9
-5.6900001 1.327 2.763 21
-5.3610001 1.395 2.7579999 23
-5.6669998 1.46 2.7650001 16
-5.619 1.587 2.757 16
-5.3670001 1.526 2.773 24
-5.3800001 1.663 2.793 24
-1.909 1.697 2.7390001 26
-8.2849998 1.711 2.744 26
-7.9099998 1.722 2.7750001 22
-5.5900002 1.7180001 2.7590001 16
-2.1469998 1.7505 2.7579999 24.5
-2.0434999 1.7390001 2.7405 23.5
-1.96 1.7435 2.7389998 28
-1.8703333 1.7660002 2.7403333 27.333334
6.2490001 1.716 2.78 40
-5.539 1.844 2.7520001 15
-2.2069998 1.848 2.7455001 19
-2.1435001 1.852 2.7509999 26
-2.0539999 1.8364999 2.7495 29
-1.9482499 1.8512501 2.7452502 27.5
-1.8477501 1.8577499 2.7609999 21
-5.5240002 1.9809999 2.7650001 16
-2.1416667 1.9386667 2.7576666 25
-2.053 1.9445 2.7539999 26
-1.9423332 1.9636666 2.7543335 26.333334
-1.8570001 1.97 2.766 20
-5.7719998 2.0159998 2.7335 29
-5.3720002 2.0680001 2.7090001 38
-5.086 2.0899999 2.7060001 35
-2.2335 2.0515001 2.7590001 21
-2.1930001 2.0669999 2.77 23
-2.0436668 2.0266666 2.7556667 25.333334
-1.9779999 2.079 2.7554998 23.5
-1.8839999 2.033 2.7539999 27
-4.7979999 2.138 2.7969999 39
-4.3270001 2.1989999 2.7739999 44
-2.2465 2.1730001 2.7715001 20
-2.14625 2.1602499 2.7624998 21
-1.9275 2.1205001 2.756 24
-1.8805001 2.1655002 2.7620001 20.5
0.96899998 2.1619999 2.724 25
1.48 2.1129999 2.7869999 32
-3.9130001 2.234 2.7679999 54
-3.7360001 2.25 2.7379999 62
-3.5830002 2.2735 2.7874999 60
-3.4449999 2.2934999 2.7189999 59.5
-3.3299999 2.293 2.7609999 60
-2.207 2.2119999 2.763 19
-2.1650002 2.2566667 2.7686665 21
-2.0485001 2.2622499 2.7655001 21.25
0.95899999 2.2509999 2.714 52
1.265 2.2030001 2.7090001 58
1.427 2.2149999 2.7219999 22
-3.128 2.329 2.74 62
-3.066 2.3429999 2.7950001 59
-2.937 2.3570001 2.733 60
-2.6159999 2.3940001 2.7579999 56
-2.2320001 2.3770001 2.773 19
-2.1170001 2.323 2.77 20
-2.0683334 2.3479998 2.7650001 20
-1.9430001 2.3559999 2.7642498 17.75
0.43700001 2.398 2.711 29
0.95249999 2.3534999 2.7154999 44.5
4.1440001 2.302 2.7579999 1
4.4559999 2.325 2.7309999 14
-2.5120001 2.4059999 2.7079999 58
-2.3659999 2.4189999 2.7590001 64
-2.2639999 2.4284999 2.737 54
-2.174 2.4330001 2.7455001 47
-2.0443332 2.444 2.7383335 49.333332
-1.9505 2.4442501 2.7692499 38
-1.85225 2.4807498 2.73575 62
-1.739 2.49 2.7060001 60
0.28400001 2.4909999 2.7620001 28
0.35766664 2.4696667 2.7546666 25.666666
0.4375 2.4567499 2.7392497 25
0.53966671 2.4336665 2.7593334 25.666666
0.93699998 2.473 2.714 47
5.086 2.402 2.7650001 2
5.447 2.4360001 2.753 3
-1.739 2.503 2.7909999 62
-1.66 2.513 2.7650001 62
-1.5425 2.5235 2.7255001 60.5
-1.2436668 2.5556667 2.786 61.333332
-1.152 2.566 2.7655001 65
-1.0527501 2.572 2.7397499 60.5
-0.95650005 2.5815001 2.721 64.5
-0.85960007 2.5915999 2.7598002 60.400002
-0.764 2.598 2.76 64
0.18425 2.55125 2.7745001 19
0.25800002 2.5305002 2.7614996 25.833334
0.35699999 2.57025 2.7535 23.5
0.46619996 2.5597999 2.7501998 25.6
0.54500002 2.5553334 2.767 24.333334
0.92799997 2.5840001 2.7030001 45
3.7750001 2.5239999 2.7639999 3
-0.80900002 2.5999999 2.783 56
-0.72985715 2.6051428 2.7584283 61.714287
-0.6505 2.6153333 2.7498331 61
-0.55555558 2.6264448 2.7395556 59.888889
-0.44679999 2.6347001 2.7335 59.599998
-0.35987496 2.64575 2.7288752 61
-0.25340003 2.6566999 2.7245002 61.799999
-0.14133334 2.6671112 2.7234447 60.777779
-0.04857143 2.6778572 2.7358572 61.42857
0.046799999 2.6890004 2.7326 61.099998
0.1436 2.6912 2.7674 51.599998
0.24933332 2.6566668 2.7676666 27
0.3488 2.6715999 2.7595999 28
0.458 2.6693749 2.7505 22.25
0.53500003 2.6440001 2.7739999 27
0.91799998 2.6140001 2.711 48
6.3829999 2.618 2.7409999 112
0.16985714 2.7035713 2.7317142 64.714287
0.25439999 2.711 2.7384 66.400002
0.33912498 2.7118752 2.745625 56.125
0.44599998 2.7275 2.7575002 42
0.54250002 2.73825 2.7762499 50.75
0.85500002 3.1436 2.7189999 39.200001
0.81599998 3.3889999 2.7390001 36
1.066 3.951 2.727 74
1.16 3.9590001 2.7520001 67
1.263 3.99 2.793 74
1.339 3.993 2.701 25
1.434 3.98 2.711 70
1.55125 3.9885001 2.72 70.5
1.073 4.092 2.7179999 87
1.166 4.073 2.72 92
1.252 4.0320001 2.7090001 88
1.6660001 4.0181999 2.7604001 76.199997
1.7589999 4.0180001 2.7490001 69
1.881 4.0339999 2.7 63
1.995 4.0289998 2.723 67
1.1789999 4.1164999 2.7075 89
1.2845 4.11375 2.7182498 85
1.5930001 4.151 2.7119999 93
1.693 4.1230001 2.714 94
2.2130001 4.1900001 2.72 75
2.1029999 4.224 2.7160001 93
-11.435 -0.75300002 2.8010001 54
-11.418 -0.495 2.802 40
-5.1750002 -0.061000001 2.8829999 30
-5.1950002 0.057 2.8970001 29
3.8540001 0.86799997 2.8429999 16
3.835 0.95300001 2.8369999 8
3.8429999 1.045 2.8529999 17
-7.8140001 1.398 2.8 28
-5.3569999 1.527 2.8970001 24
6.494 1.619 2.8710001 0
-7.8309999 1.79 2.839 40
6.4580002 1.717 2.839 58
-7.1690001 1.8660001 2.835 27
-5.3959999 1.802 2.816 25
-1.8329999 1.804 2.852 20
6.4320002 1.865 2.8510001 78
-6.1129999 1.982 2.865 30
-6.0999999 1.98 2.868 31
-5.4169998 1.9450001 2.8440001 24
-1.846 1.964 2.8635001 15.5
6.4369998 1.9349999 2.8840001 63
-5.3449998 2.0569999 2.8239999 36
-5.0999999 2.0869999 2.822 33
-1.865 2.0669999 2.8439999 15.5
6.3839998 2.085 2.882 36
6.441 2.026 2.8789999 116
-4.5300002 2.1730001 2.868 40
-1.865 2.108 2.802 16
1.3695 2.1485 2.8455 45.5
1.4356667 2.1629999 2.8269999 39.666668
-4.086 2.214 2.8510001 47
-3.8959999 2.2249999 2.816 56
-3.7319999 2.2550001 2.8635001 56
-3.473 2.2780001 2.8410001 61
-3.3859999 2.29 2.891 56
-1.886 2.2740002 2.8494999 16
1.3713332 2.2553332 2.8310001 34.666668
1.44375 2.2527499 2.8232498 44
4.0100002 2.2939999 2.806 1
-3.2275 2.319 2.8375001 58.5
-2.8429999 2.372 2.872 58
-2.7260001 2.3829999 2.812 56
-2.563 2.392 2.8510001 63
-2.3399999 2.382 2.8410001 43
1.3506666 2.3483334 2.8226669 51.333332
1.4184999 2.3375001 2.8295002 43
4.4130001 2.319 2.8959999 6
-2.457 2.4115 2.8334999 61
-2.349 2.4200001 2.8069999 53
-1.859 2.484 2.8315001 57.5
1.3525 2.4565001 2.8377502 49.25
1.4405 2.4365001 2.8325 40.5
6.283 2.451 2.8900001 48
-1.5466666 2.5196667 2.8786666 58.666668
-1.4443334 2.5303333 2.845 62.333332
-1.355 2.5440001 2.819 63
-1.2536668 2.5526667 2.8576667 61.666668
-1.15125 2.562 2.8755 59.25
-1.0547142 2.573714 2.860286 60.285713
-0.95185715 2.5851429 2.8428574 60.57143
-0.85880005 2.5940001 2.8388 62.200001
1.363 2.5599999 2.8373334 35.666668
1.437 2.5385001 2.8415 29.5
-0.84200001 2.5999999 2.8900001 58
-0.75380003 2.6069999 2.8422 61
-0.64299995 2.619 2.8283331 60.666668
-0.55733329 2.6229999 2.8193333 57.666668
-0.44633332 2.6339998 2.8546667 59.333332
-0.36399999 2.6433334 2.8766668 59
-0.25675002 2.6535001 2.875 57.5
-0.142 2.6624999 2.872 58.5
-0.052999999 2.6789999 2.8989999 64
0.052499998 2.6900001 2.8954999 62
0.14300001 2.697 2.892 51
1.339 2.6229999 2.8399999 42
0.56800002 2.7353332 2.8316667 54.666668
1.279 2.777 2.8540001 38
1.346 2.75 2.849 41
1.4119999 2.721 2.845 35
1.276 2.974 2.865 43
1.3655 2.9219999 2.8600001 39.5
1.362 3.082 2.869 30.5
1.2563334 3.1400001 2.859 32.333332
1.327 3.1145 2.8610001 27.5
1.28 3.263 2.868 40
1.353 3.2379999 2.8659999 27
1.239 3.3199999 2.8640001 32
1.319 3.302 2.868 31
1.294 3.4820001 2.8729999 40
1.2079999 3.5050001 2.8770001 45
1.397 4.1020002 2.8929999 70
1.8155 4.1429996 2.8779998 86.5
1.936 4.1669998 2.8759999 73
-11.044 -0.59100002 2.9489999 35
-5.2090001 0.177 2.9100001 30
-10.406 1.483 2.904 10
-5.3670001 1.52 2.9460001 25
-5.375 1.6619999 2.9465001 25
-5.3979998 1.8 2.941 25
-2.388 1.86 2.967 17
-1.8313333 1.8526667 2.9206667 15.666667
-6.4450002 1.937 2.994 28
-5.4109998 1.939 2.9619999 23
-1.849 1.977 2.993 15
-5.349 2.052 2.9419999 35
-1.8610001 2.0704999 2.9565001 16
-5.0500002 2.1070001 2.9089999 36
-4.743 2.142 2.9660001 38
-4.277 2.197 2.947 44
-1.8759999 2.1750002 2.9345 15.5
-4.099 2.217 2.9230001 57
-3.8829999 2.2319999 2.9415002 54
-3.618 2.257 2.9230001 56
-3.5239999 2.27 2.973 53
-1.876 2.2219999 2.902 15
4.243 2.2969999 2.9289999 2
-3.3380001 2.3080001 2.9289999 56
-3.085 2.3440001 2.9979999 51
-2.9549999 2.3540001 2.927 50
-2.7880001 2.375 2.971 63
-2.661 2.3889999 2.9384999 52.5
-2.5574999 2.3965001 2.9485002 56.5
-1.898 2.382 2.9460001 16
4.809 2.3640001 2.9070001 17
-2.473 2.4070001 2.9349999 66
-1.901 2.415 2.9649999 18
-1.836 2.4860001 2.9910002 61.5
-1.743 2.4905 2.9464998 58
-1.73 2.5009999 2.951 57
-1.642 2.5085001 2.9134998 58.5
-1.5304999 2.5155001 2.9865 58.5
-1.4439999 2.5293334 2.9576666 58.333332
-1.3494999 2.5377502 2.9380002 59.5
-1.2556 2.5507998 2.9333999 57.200001
-1.1473333 2.5606666 2.9683335 55.666668
-1.0496666 2.5743332 2.9608333 58.166668
-0.95249999 2.5844998 2.944 56.5
-0.86766672 2.5923333 2.9276667 60
-0.75699997 2.602 2.9559999 55.5
-0.66649997 2.6129999 2.94175 57.75
-0.54483336 2.628 2.9466667 57.166668
-0.454 2.6370001 2.9499998 57.5
-0.366 2.6465001 2.9349999 57.5
-0.248 2.6587501 2.9202499 58.25
-0.1384 2.6717999 2.9136 59.799999
-0.055750001 2.6802499 2.9115 61.25
0.040999997 2.6875 2.9243333 57.833332
0.1295 2.6919999 2.9445 58
6.3839998 2.6275001 2.9650002 107.5
0.13500001 2.7 2.928 55
1.513 4.1500001 2.9519999 75
1.622 4.1659999 2.9890001 76
1.8724999 4.1984997 2.9320002 79
1.9713334 4.2173333 2.9653332 73.666664
2.0050001 4.2129998 2.987 76
-7.6279998 -0.211 3.0780001 30
-7.645 -0.041999999 3.0910001 27
-5.1750002 -0.052000001 3.0799999 29
-7.8000002 1.276 3.007 28
-7.8280001 1.467 3.0339999 28
-7.8499999 1.659 3.0599999 27
-5.3990002 1.811 3.016 25
-6.4720001 1.932 3.0209999 33
-5.4130001 1.961 3.053 23
-1.8406668 1.9566666 3.0283334 15
-5.336 2.0780001 3.04 28
-1.8393332 2.0643332 3.0696666 15.666667
-4.9889998 2.1170001 3.085 36
-4.474 2.1760001 3.046 40
-4.2820001 2.1889999 3.0150001 47
-1.8735 2.1805 3.0515001 15.5
-4.0644999 2.2189999 3.0409999 52
-3.766 2.233 3.0050001 57
-3.6575 2.2609999 3.0769999 54.5
-3.4879999 2.2909999 3.006 58
-1.8839999 2.2835 3.0244999 15.5
-3.2090001 2.325 3.062 51
-3.0239999 2.3469999 3.098 59
-2.901 2.359 3.029 59
-2.858 2.365 3.0810001 51
-2.747 2.3759999 3.0179999 50
-2.684 2.3870001 3.056 60
-1.888 2.3429999 3.0090001 16
-1.8525 2.4809999 3.0534999 64
-1.7539999 2.4860001 3.0735002 61.5
-1.6784999 2.497 3.0434999 61
-1.6405001 2.5044999 3.0585001 56.5
-1.5616666 2.5126665 3.0256665 57
-1.4414999 2.5289998 3.0507498 55
-1.344 2.539 3.0632501 56.75
-1.2425001 2.5518332 3.0379999 56.5
-1.142 2.5650001 3.0050001 59
-1.063 2.5699999 3.0899999 54
-0.96800005 2.5785 3.0539999 58
-0.8405 2.5915 3.0492501 56.75
-0.74800003 2.6070001 3.0550001 56
-0.65799999 2.6145 3.0209999 59
1.498 3.313 3.073 19
1.7309999 4.1810002 3.027 77
1.845 4.1999998 3.0710001 76
-7.1469998 0.043000001 3.1989999 11
-5.2059999 0.061000001 3.1029999 23
-5.0450001 0.085000001 3.1930001 18
-4.783 0.081 3.1900001 19
-4.2529998 0.052999999 3.198 18
-3.697 0.098999999 3.1949999 16
-5.2020001 0.176 3.1070001 29
-5.0370002 0.192 3.197 18
-3.938 0.148 3.1960001 21
-3.7179999 0.183 3.198 20
-3.4419999 0.18700001 3.197 20
-3.3399999 0.197 3.194 19
-5.1069999 0.26699999 3.194 16
-3.434 0.26699999 3.194 19
-3.372 0.259 3.1903334 19.666666
-2.8280001 0.28600001 3.194 17
-3.674 0.35499999 3.1930001 20
-3.428 0.347 3.1960001 2
-3.3530002 0.35800001 3.1919999 2
-3.0420001 0.37599999 3.198 19
-3.9059999 0.40400001 3.1949999 21
-3.6795001 0.43800002 3.1929998 2
-2.8084998 0.43099999 3.1984999 17.5
-3.332 0.5115 3.1945 18.5
-3.0440001 0.5115 3.1975 19
-5.3699999 1.716 3.1919999 19
-6.8525 1.8865 3.1665001 26.5
-4.6680002 2.145 3.141 39
-4.487 2.164 3.1199999 40
-4.3790002 2.175 3.197 45
-4.2729998 2.191 3.1619999 45
-1.8425 2.1205001 3.1345 16.5
-4.211 2.204 3.1110001 42
-3.9430001 2.22 3.1110001 48
-3.829 2.2455001 3.1785002 52
-1.8709999 2.2743335 3.1623335 16
-3.3399999 2.3050001 3.1329999 51
-3.1440001 2.3269999 3.1630001 59
-2.9400001 2.3559999 3.1670001 52
-2.753 2.3745 3.1619999 54
-2.635 2.391 3.1589999 52.5
-2.553 2.391 3.105 45
-1.906 2.3989999 3.158 15
-1.841 2.3460002 3.1630001 17.5
-1.902 2.4289999 3.1240001 19
-1.8505 2.46525 3.1407502 48.25
-1.717 2.4909999 3.1515 55.5
-1.6589999 2.4920001 3.1694999 53.5
4.8610001 2.4130001 3.1500001 8
6.4000001 2.4890001 3.105 6
-1.619 2.503 3.1760001 59
-1.549 2.5105 3.1607499 52.75
-1.46525 2.5235 3.1417501 58
-1.355 2.5320001 3.1535001 55.5
-1.255 2.546 3.165 56
-1.1570001 2.5555 3.1224999 54
-1.05 2.566 3.175 58
-0.95950001 2.5799999 3.1375 56.5
6.3790002 2.6530001 3.122 83
0.93949997 2.8435001 3.1975 19
0.97500002 2.9690001 3.198 20
0.986 3.0179999 3.1140001 16
1.624 3.207 3.1919999 16
1.6849999 3.319 3.1500001 17
1.9579999 4.2129998 3.1110001 76
2.0769999 4.2280002 3.1570001 75
-10.417 -0.65799999 3.2160001 4
-10.488 -0.419 3.23 4
-9.6929998 -0.42399999 3.2309999 6
-7.473 -0.22 3.2030001 14
-7.1880002 -0.29899999 3.2219999 11
-7.1560001 -0.126 3.204 17
-6.7249999 -0.164 3.214 18
-7.4640002 -0.059 3.2079999 17
-6.7350001 -0.0089999996 3.2149999 18
-5.0679998 -0.021 3.2 18
-5.1290002 0.026000001 3.2060001 19
-4.5370002 0.079999998 3.2079999 19
-4.25 0.090000004 3.2219999 17
-5.1269999 0.147 3.2049999 19
-4.8039999 0.191 3.204 20
-4.5360003 0.18349999 3.2075 19.5
-4.2495003 0.1655 3.2090001 18
-4.0120001 0.146 3.2030001 17
-3.6875 0.17750001 3.2024999 18
-3.4449999 0.183 3.2049999 20
-4.5334997 0.287 3.2084999 19.5
-4.25 0.2595 3.2105 18
-4.007 0.23999999 3.2019999 17
-3.934 0.234 3.2 20
-3.723 0.26800001 3.204 20
-3.6795001 0.25850001 3.2030001 16
-3.4400001 0.259 3.201 19
-2.8713334 0.23533332 3.2076666 18
-2.7715001 0.23649999 3.2060001 18.5
-2.622 0.27599999 3.2119999 18
-2.4955001 0.26050001 3.2084999 18
-5.0289998 0.30000001 3.2019999 16
-4.7979999 0.301 3.201 15
-4.243 0.354 3.2084999 16.5
-3.964 0.3265 3.2024999 18.5
-3.7160001 0.352 3.2030001 20
-3.645 0.361 3.2019999 8.5
-3.4489999 0.336 3.2119999 2
-3.207 0.30700001 3.2190001 2
-2.859 0.35733333 3.2063334 19
-2.7614999 0.35549998 3.2084999 18.5
-2.6125 0.35750002 3.2055001 17
-2.4825001 0.36199999 3.2059999 17.5
-3.1645 0.45099998 3.2024999 18.5
-3.059 0.44599998 3.201 19
-2.8640001 0.45699999 3.2060001 18
-2.7479999 0.44400001 3.2079999 18
-2.6069999 0.46850002 3.2090001 17
-2.47 0.46399999 3.2075 17.5
-3.1429999 0.53100002 3.2149999 7
-2.8629999 0.52100003 3.214 18
-2.7602501 0.53900003 3.2045 18
-2.5929999 0.551 3.204 17
-2.4519999 0.565 3.2065001 19.5
4.5669999 1.3710001 3.234 13
-7.1139998 1.4910001 3.2060001 14
-7.6750002 1.515 3.221 19
-7.006 1.562 3.2079999 15
-7.6420002 1.6849999 3.2279999 14
-7.0840001 1.643 3.2149999 15
-7.0300002 1.791 3.2149999 18
-7 1.735 3.224 15
-4.9689999 1.772 3.211 17
-4.816 1.794 3.214 18
-5.3379998 1.842 3.2019999 18
-4.9219999 1.8789999 3.211 21
-4.5524998 1.817 3.2125001 17.5
-4.2800002 1.811 3.224 19
-4.1230001 1.817 3.21 19
-4.04 1.891 3.223 18
-3.7479999 1.89 3.2179999 18
-5.3049998 1.9680001 3.2119999 17
-4.8740001 1.984 3.211 19
-4.7680001 1.904 3.211 16
-4.533 1.9069999 3.207 19
-4.4879999 1.925 3.221 21
-4.2420001 1.908 3.221 19
-4.0454998 1.951 3.22 19
-3.694 1.97 3.2130001 21
-3.5179999 1.921 3.2219999 17
-3.3575001 1.9579999 3.2160001 21
-3.2279999 1.964 3.22 21
-3.062 1.9435 3.2165 17.5
-2.9920001 1.9809999 3.2219999 20
-2.7683334 1.9703332 3.2126667 18.666666
-2.6359999 1.9579999 3.2130001 19
-5.2329998 2.0799999 3.201 33
-4.8270001 2.0910001 3.214 18
-4.7340002 2.0190001 3.221 17
-4.4586663 2.04 3.2119999 17
-4.2069998 2.007 3.223 19
-4.0250001 2.007 3.214 19
-3.9779999 2.0925 3.223 18.5
-3.6470001 2.0539999 3.2160001 21
-3.4464998 2.0395 3.2235 17
-3.2909999 2.066 3.2179999 21
-3.187 2.039 3.224 20
-3.0125 2.007 3.2125001 17
-2.9649999 2.0676668 3.2203333 18.333334
-2.7484999 2.0339999 3.2135 18.5
-2.664 2.0603333 3.2106667 19.666666
-1.709 2.073 3.2160001 18
-4.6700001 2.1210001 3.2119999 24
-4.395 2.128 3.217 28
-4.177 2.109 3.2290001 20
-4.098 2.1860001 3.2 39
-3.9320002 2.1859999 3.223 19.5
-3.595 2.1340001 3.2160001 21
-3.3729999 2.155 3.2260001 17
-3.2449999 2.1370001 3.22 20
-3.1440001 2.1129999 3.227 21
-3.0999999 2.1860001 3.23 21
-2.9210002 2.1346667 3.2233334 20
-2.8779998 2.1905 3.2235 19.5
-2.723 2.138 3.224 15
-2.6459999 2.1259999 3.2190001 20
-1.8329999 2.1830001 3.217 20
-1.6485 2.1345 3.2145 20.5
-1.587 2.197 3.2149999 21
-3.5550001 2.221 3.2279999 18
-3.483 2.2880001 3.2130001 41
-3.325 2.234 3.2309999 17
-3.2280002 2.253 3.2205 29
-3.148 2.2750001 3.221 22
-3.0480001 2.2550001 3.2279999 21
-2.8325 2.2497499 3.2224998 19.25
-2.6705 2.2455001 3.2340002 15
-1.8246666 2.2679999 3.2109997 18.333334
-1.7639999 2.2474999 3.2195001 20.5
-1.5225 2.2565 3.2145 20.5
-3.0829999 2.332 3.2079999 50
-2.9890001 2.3169999 3.22 32
-2.76825 2.33675 3.2255001 25.75
-2.6700001 2.3840001 3.2060001 45
-1.7435 2.35325 3.2110002 19
-1.6684999 2.3269999 3.2195001 20
-1.597 2.388 3.2249999 19
-1.436 2.3385 3.2210002 20.5
-1.3660001 2.3940001 3.2190001 21
-1.8195 2.428 3.217 24
-1.7639999 2.4664998 3.2135 41.5
-1.65125 2.44175 3.2140002 22.5
-1.561 2.454 3.2105 29.5
-1.4665 2.4775 3.223 27.5
-1.318 2.4319999 3.22 22
-1.273 2.473 3.2279999 22
-1.382 2.5190001 3.21 42
-1.221 2.5039999 3.223 25
-1.1405001 2.546 3.2119999 45.5
1.0930001 2.589 3.223 19
1.3099999 2.586 3.2249999 18
0.958 2.6670001 3.2255001 19
1.0420001 2.6259999 3.2290001 19
1.29 2.684 3.221 18
0.73150003 2.7810001 3.2329998 19
0.84499997 2.7493331 3.2276666 19.666666
0.93299997 2.7625 3.2255001 18.5
1.0515 2.7145 3.2255001 19
0.75050002 2.8284998 3.2280002 19
0.88549995 2.8905001 3.2265 19
1.039 2.8297501 3.2214999 18.75
1.101 2.8940001 3.227 33
1.2744999 2.875 3.2244999 21
0.67900002 2.925 3.221 19
0.74300003 2.9413331 3.227 19
0.833 2.9336669 3.2229998 19
0.95039999 2.9688001 3.2182 19
1.0502001 2.9450002 3.2219996 19
1.263 2.9560001 3.214 30
1.652 2.908 3.2090001 20
0.68699998 3.049 3.2149999 20
0.74914294 3.0457141 3.2245712 19.571428
0.85220003 3.0348001 3.2226002 19.4
0.94466668 3.0463333 3.2186668 19.666666
1.0450001 3.0565 3.2105 20
1.671 3.0439999 3.214 18
0.74449998 3.1375 3.2185001 19.25
0.84525001 3.14325 3.2175 19.75
0.95450002 3.1269999 3.2220001 19.5
0.73400003 3.273 3.22 21
0.85399997 3.2655001 3.2249999 19.5
0.972 3.247 3.2219999 19
1.048 3.224 3.2130001 16
1.7165 3.3625 3.2205 17
1.577 3.4790001 3.233 21
1.6506667 3.4296665 3.2333333 18.333334
1.735 3.467 3.2190001 17
0.86299998 3.5969999 3.2409999 16
0.93900001 3.573 3.2420001 16
1.012 3.5439999 3.2379999 16
1.581 3.5469999 3.2249999 21
1.677 3.5539999 3.2305 18.5
1.776 3.563 3.234 18
0.93900001 3.6949999 3.2320001 20
1.573 3.688 3.23 21
1.6345 3.6389999 3.23 18.5
1.749 3.6270001 3.2320001 21
0.85600001 3.711 3.23 20
0.93099999 3.7762499 3.2314999 18.5
0.94999999 3.846 3.2279999 20
1.556 3.898 3.237 18
1.6569999 3.8800001 3.2449999 18
1.752 3.8440001 3.24 18
1.851 3.8169999 3.2449999 18
-11.797882 1.1727476 2.3525779 58
-11.75919 0.92161369 2.3782046 47
-11.708267 0.67166805 2.3994725 41
-11.148759 -0.76643896 2.4560618 22
-10.84996 -0.96301603 2.4140348 90
-10.81179 -1.1945941 2.432291 88
-10.763746 -1.4244764 2.4479742 83
-10.928108 -1.7015064 2.5159862 35
-9.0022154 -4.9346604 2.400496 11
-11.665983 1.1620722 2.3907745 25
-10.963875 1.3486142 2.1464272 29
-11.555238 0.90704584 2.4000297 20
-11.41601 0.66005659 2.4014604 27
-10.40746 0.42744589 2.146498 37
-11.094173 -0.76603746 2.5122876 31
-10.868841 -0.97521305 2.4866619 61
-10.822117 -1.2038262 2.5047209 60
-10.786817 -1.437825 2.524358 50
-10.967819 1.3455467 2.208169 32
-10.087107 1.4767945 1.9369131 24
-9.6274538 -1.412576 2.2583914 23
-11.349174 1.32373 2.5040855 33
-11.372662 1.0894685 2.5459023 34
-11.3382 0.8513732 2.5739958 37
-10.070829 1.4716742 1.9878426 22
-9.3450909 1.5844753 1.783614 22
-8.7076311 0.2589407 1.7953982 23
-8.8427229 0.071314335 1.8737943 65
-8.8264618 -0.10918427 1.8925653 61.5
-8.8026924 -0.2880249 1.9095743 28
-11.388533 1.3271422 2.628123 33
-10.347034 1.4525313 2.2347131 21
-8.6735458 1.6664631 1.6227562 23.5
-8.1280708 1.7424595 1.4688877 29
-8.6915092 0.25424814 1.8409618 8
-8.2478542 0.43457246 1.7176485 3
-10.349298 1.4477847 2.3694198 22.5
-9.5842915 1.5631268 2.076015 25
-8.9030762 1.6524346 1.8438048 24
-8.1393042 1.7430763 1.5132434 29
-9.5347443 0.58767748 2.167206 40
-7.6415825 1.8022354 1.3725518 26.5
-7.2338867 1.8592589 1.2553529 25
-8.3466797 0.23877025 1.9251699 1
-8.6754513 -0.47405481 2.1102176 24
-8.6357689 -0.64780307 2.1257749 25
-8.6224394 -0.82377267 2.1463897 23
-8.6001492 -1.0014219 2.1653068 22
-8.5572939 -1.1736867 2.1784675 46
-10.612843 1.4014544 2.5486217 16
-6.7813811 4.3655405 0.75076544 0
-6.5809283 4.4032812 0.69765937 2
-6.4254417 4.4662237 0.65028691 1
-9.8590269 1.5253234 2.316416 23
-9.5648098 1.5593076 2.1764348 24
-8.9131393 1.6555238 1.9354737 24
-8.3163404 1.7265735 1.7275445 27
-8.9351091 1.1066172 2.0721669 0
-7.0329819 2.5344718 1.1093946 2
-8.8869438 0.92624545 2.0618846 3.5
-9.324358 0.58162284 2.2057374 27
-10.654816 -0.55645609 2.9063516 4
-7.8115559 1.7881517 1.5492897 28
-6.8453093 2.4667521 1.1114234 1
-6.9142909 2.3467212 1.1111131 2
-8.7767134 0.74908662 2.0385087 9
-8.8098316 0.73430705 2.0886056 22
-10.572582 -0.77047205 2.9195156 5
-6.7621756 2.2949712 1.1193578 1
-7.3797731 1.8456912 1.4323668 32
-6.8280659 2.1761298 1.1188664 1
-7.2192326 1.8572755 1.2881297 31
-10.431346 -0.96907854 2.9143116 4
-6.8541718 1.9056287 1.1815362 33
-6.5218563 2.0808177 1.0958838 2
-6.608819 1.9732161 1.1161871 23.5
-10.272041 -1.1602709 2.901722 15
-10.245153 -1.3761926 2.9297531 8
-7.8467331 0.41010618 1.7756571 42
-8.0458269 0.24460602 1.9234556 9
-8.2265663 0.079806328 1.9194525 5
-8.6668854 -0.34367347 2.1913738 24
-8.009078 0.086628199 1.9373736 14
-8.6538887 -0.48000932 2.1851549 35
-8.1261311 -0.077164412 1.916886 15
-8.6420345 -0.52415395 2.2077546 23
-7.9566097 -0.0685215 1.9454715 15
-8.0612926 -0.23264718 1.9240403 18
-8.63274 -0.65471148 2.2039676 20
-7.9888911 -0.23189616 1.9773557 18
-8.5969381 -0.69940639 2.2174439 10
-8.5857725 -0.85474849 2.2262554 7
-8.6009274 -1.0101256 2.2440255 2
-8.6045256 -1.0715044 2.2651384 1
-8.6191454 -1.1993237 2.2743747 26
-8.7110577 -1.2872348 2.3203394 26
-11.00943 1.2188339 2.8584299 7
-11.153629 1.0909433 2.8647003 4
-7.1503034 4.3435211 1.0200292 1
-7.0355053 4.3584595 1.000941 0
-10.256638 1.4707811 2.5559611 18
-10.8971 0.98707151 2.8653948 6
-6.4278154 4.5313869 0.69580746 0
-6.4324021 4.4795656 0.69106126 1
-6.4789081 4.4112043 0.75413764 1
-6.5550709 4.3905249 0.73484361 2
-9.9031811 1.5242839 2.4342735 26
-9.131525 1.6153927 2.0977435 25
-8.8646393 1.6497548 1.9798285 25
-8.5256844 1.6949 1.914734 23
-8.2615547 1.7232151 1.8094618 30
-8.002614 1.7612255 1.7567354 29
-8.8481579 1.0485203 2.1250265 25
-7.8198757 1.7925255 1.6294558 28
-7.7622585 1.7907562 1.6679024 28
-8.8366127 0.87417269 2.1534634 22
-10.470442 -0.53193569 2.8951468 4
-8.8066483 0.69830012 2.176959 36
-10.370128 -0.58483505 2.9008849 8
-7.3787656 1.8466473 1.5056546 32
-10.388672 -0.75077581 2.9017899 4
-6.545805 2.4317989 1.1223353 1
-10.272514 -0.79218006 2.9055636 7
-6.9983749 1.8967762 1.3630708 32.5
-10.320169 -0.97156477 2.9122021 7
-6.4265337 2.2574563 1.1226836 2
-10.195988 -1.0027423 2.9158139 9
-6.6528902 1.9356095 1.2353184 37
-2.8067315 4.9826794 -0.5835529 1
-6.2366033 2.063822 1.1086403 16
-6.3520565 1.9779227 1.1526508 40
-10.148366 -1.1912417 2.9118876 13.5
-2.5979719 5.0069838 -0.66611165 1
-2.6992171 4.9849267 -0.62263805 1
-2.4911675 5.003531 -0.70507181 1
-2.8450227 4.7705989 -0.51046634 2
-10.081003 -1.382535 2.9006448 8
-2.2713914 5.0282412 -0.76257151 2
-2.3747592 5.0208516 -0.72243249 1.5
-8.0174847 0.21845627 1.9481316 12
-9.9639311 -1.3979986 2.9083245 11
-2.1678967 5.0391631 -0.80494845 2
-7.4523087 0.53674769 1.7572036 3
-7.6259594 0.40960765 1.7904766 35
-1.9604467 5.0514541 -0.88665712 3
-2.0652213 5.050642 -0.84660506 2.5
-5.5042772 2.0804048 0.85088754 55
-7.563982 0.38802099 1.8061572 27
-7.9652281 0.059441805 1.9548093 15
-1.857563 5.0723982 -0.93157136 2
-5.3025503 2.1054072 0.78824914 57
-7.8718357 -0.093899012 1.9497541 10
-8.2563248 -1.1329503 2.336637 21
-0.58635736 4.3584614 -1.2044759 6
-0.63823295 4.2156916 -1.2003857 6
-6.8746514 -4.5320597 2.4126241 15
-10.660103 1.1233068 2.846483 5
-6.4468865 4.5117617 0.87668359 0
-6.85779 4.2121582 1.0676215 3
-10.076419 1.4831929 2.5931106 18
-6.4135642 4.4297991 0.78494626 1
-9.8515329 1.5301049 2.4649251 24
-9.4817944 1.5822926 2.3197386 24
-9.3823967 1.586591 2.3600698 26
-9.1469002 1.6204817 2.2224321 24.5
-8.7868099 1.6688528 2.1084361 23
-8.5322256 1.7008841 2.0303864 24
-8.2134705 1.7459443 1.9347469 24
-7.9994769 1.7670653 1.8488009 30
-8.8914413 1.0373065 2.2239699 0
-8.655468 1.1080437 2.1489868 2
-8.3632345 1.1770253 2.0893812 7
-8.4953918 1.1786921 2.0870008 4
-7.5568728 1.8201444 1.6220011 33
-7.5451336 1.8270566 1.7077532 26
-7.342886 1.8515358 1.5482426 26
-8.593339 0.7966373 2.1756508 19
-10.169359 -0.50986052 2.8991938 7
-7.1570945 1.8719273 1.5008861 33
-8.5312109 0.68814492 2.2218542 43
-8.622633 0.67247319 2.2042396 49
-6.9417706 1.8970354 1.4362787 32
-10.095938 -0.71142483 2.9100652 8
-6.8076086 1.9169436 1.3937315 34
-6.2077389 2.3079751 1.1242979 3
-6.6338692 1.9418087 1.3219213 37
-10.014297 -0.91127276 2.9178543 12
-2.8110557 4.9793262 -0.4970367 7
-6.3456926 1.9791877 1.2144401 40
-6.4911208 1.95771 1.2974424 38
-2.6892362 4.9908972 -0.55377591 1
-2.7741294 4.9724054 -0.53089762 1
-2.8369117 4.8304906 -0.46976957 0
-2.855772 4.7874837 -0.43370458 8
-5.9695678 2.1484165 1.1138134 9
-6.0134139 2.113168 1.1057475 11
-6.2079492 1.9940702 1.2110837 43
-6.2872763 1.9783152 1.2503259 50
-9.9365711 -1.1092072 2.9266541 9
-2.4820955 5.0148606 -0.63305372 1
-2.5842538 4.9981213 -0.59229767 1
-5.9793172 2.0356102 1.139202 44
-6.0932436 2.0217798 1.141767 46
-2.2932055 5.0344009 -0.68559968 6
-2.394614 5.0178671 -0.64727163 1
-4.939744 2.793642 0.61926454 18
-7.8356352 0.36590862 1.9674914 1
-9.8644142 -1.3052092 2.9359558 9
-2.0878057 5.0606389 -0.76306158 8
-2.190877 5.0492177 -0.72502309 6
-2.8265803 4.4982181 -0.38456738 0
-4.9236312 2.668366 0.62296963 29.5
-7.6644106 0.40223908 1.9641318 1
-1.9666023 5.0824099 -0.77424234 7
-2.7942486 4.3259439 -0.3715688 1
-4.9113941 2.5965621 0.67466086 26
-4.9083862 2.5481281 0.6394949 30
-7.607851 0.34313536 1.9665405 1
-7.6835766 0.22062182 1.9507592 1
-1.8440218 5.0898166 -0.78455877 1
-1.8804581 5.0623436 -0.83601403 2
-4.8920279 2.4479358 0.66690493 29
-5.3004608 2.1070921 0.81292307 54
-5.4034557 2.0991955 0.89205378 54
-7.2627487 0.51298857 1.7822523 33
-7.5413609 0.2249577 1.9599433 1
-4.877667 2.3368878 0.68272895 30.666666
-5.0438094 2.1490533 0.79132777 59
-5.1220975 2.1322246 0.75553662 60
-5.2142153 2.1241331 0.8395555 53
-7.552475 0.089053869 1.9565065 2.5
-4.838006 2.2002068 0.68015313 90
-4.9507141 2.154079 0.70107257 61
-4.9499788 2.1548462 0.72422147 65
-7.4417677 0.055155754 1.9635526 3
-7.5312319 -0.063861132 1.9572065 5
-2.7238114 3.8932903 -0.30980951 4
-7.4616289 -0.046998978 1.9692107 2
-7.3707247 -0.084558725 1.96489 1
-8.2076883 -1.1609421 2.3365383 19
-8.1013222 -1.1637983 2.3382657 20
-0.49482107 4.9050932 -1.217941 2
-0.51043749 4.7397585 -1.212786 3
-0.57112169 4.6893463 -1.2157969 7
-7.3890781 -1.0811536 2.0864563 95
-4.5125074 -0.31908619 0.95703769 22.5
-4.1424489 -0.29820621 0.88221258 46
-4.21908 -0.31645131 0.87924671 28
-3.9292717 -0.30257094 0.81363928 98
-3.8889709 -0.35732234 0.81015635 21
-3.8544774 -0.44737029 0.81241238 24.5
-3.8216395 -0.5373987 0.81415898 24
-3.7944014 -0.59642303 0.81369483 21
-3.9109662 -0.72231627 0.85193855 5
-3.7608294 -0.76203036 0.8337121 12
-3.8408546 -0.76411176 0.84042674 7
-3.7286158 -0.85390615 0.82368153 21
-3.6073799 -0.90111828 0.82349062 25.5
-3.7021465 -0.95418096 0.82609946 22.5
-3.5708399 -0.99128377 0.82400084 23
-3.6309853 -1.0253801 0.81593931 7
-6.3513494 -4.2836576 2.2294464 48
-6.62709 -4.4990292 2.4202111 28
-6.7367315 -4.5697875 2.4115889 5.5
0.81510139 1.3534541 -1.0717224 27
-10.647591 1.2854266 2.8611021 5
-6.556438 4.4082289 1.0382026 2
-6.8033657 4.234786 1.0683179 3.5
-6.4244785 4.4602566 0.92280418 0.80000001
-6.7640214 4.2046771 1.0669214 5
-6.8005366 4.1689429 1.0703455 2
-10.483111 1.0580873 2.8538656 6
-9.4942226 1.5665576 2.4517198 26
-8.7666674 1.6698198 2.1548939 25
-8.8364525 1.6526492 2.2317653 25
-8.235568 1.7320769 2.0050046 29.5
-7.9986677 1.7671125 1.879531 29
-7.7906456 1.7910876 1.8817625 29
-7.7288027 1.8070178 1.7992445 28.5
-8.4255285 1.1261072 2.1661396 1
-7.5530005 1.8267524 1.7372155 33
-7.2841625 1.8694959 1.6525259 26
-7.3589678 1.8521159 1.7113556 29.5
-8.1216908 1.2195413 2.0952899 4
-7.1508217 1.8791447 1.5975366 33
-8.445343 0.80312443 2.2397232 2
-6.9368258 1.9101505 1.5462971 31.5
-6.9820642 1.8931022 1.6121249 32
-8.2457075 0.75193143 2.223156 10
-9.8027534 -0.50343943 2.9135146 10
-6.7970476 1.926697 1.4863601 33
-9.7031345 -0.57222557 2.9189374 11
-6.4851208 1.9649575 1.3979236 39
-6.600843 1.9533533 1.439761 37
-9.7149315 -0.68962431 2.9233327 10
-2.7910452 4.9851608 -0.39424086 4.8000002
-2.8551805 4.9292388 -0.3752653 1
-6.3377342 1.9784409 1.3455359 47
-6.4561687 1.9623727 1.3724663 42
-9.6045341 -0.75952578 2.9231367 10
-2.5896919 5.0061874 -0.46346593 7
-2.6876192 4.9764094 -0.4251768 2
-2.8530457 4.8951826 -0.36387986 0
-2.8520985 4.7970891 -0.32427111 5.3333335
-6.1837478 1.9989409 1.2945421 45.5
-6.2375889 1.9935004 1.3367584 47
-9.6245584 -0.87354636 2.9308348 9
-2.4571788 5.0102563 -0.50793695 4.4000001
-2.5438652 5.0102491 -0.47937649 7.3333335
-5.8915386 2.0909548 1.1289637 24
-5.9454823 2.0331128 1.2254281 51
-6.0561514 2.0159223 1.2172878 53
-9.5252666 -0.94867682 2.9331517 11
-2.2691598 5.0399189 -0.55353767 6
-2.336374 5.033649 -0.51305056 4.5
-2.8469868 4.5910702 -0.29904419 1
-2.8312206 4.5224476 -0.28223747 0
-4.9450202 2.787957 0.74606299 24.5
-5.7305889 2.1138582 1.1270666 26
-5.8438387 2.0443363 1.1782833 54
-5.9237046 2.0357609 1.205814 51
-2.0492091 5.0669785 -0.69490463 7.5
-2.1022558 5.0609107 -0.64875436 8.666667
-2.8143446 4.4416537 -0.23810667 1
-4.933444 2.6862555 0.72419804 26
-4.9275608 2.6529603 0.78622627 31
-5.7265501 2.0745931 1.1477655 47
-9.3056097 -1.0141144 2.8608241 22
-1.8966486 5.0828171 -0.71985865 3.3333333
-1.9750689 5.0755458 -0.67931372 8
-4.9124308 2.5577235 0.757972 27.75
-5.4268322 2.1003666 1.0366954 58
-5.5180602 2.0761847 1.01616 43.5
-7.4635429 0.37103581 1.9619826 1
-9.304285 -1.1074216 2.8941567 26
-9.3460875 -1.2179837 2.9118927 12
-1.7934389 5.0947523 -0.75767398 1.3333334
-2.7797265 4.2731514 -0.24416184 1.5
-4.8956599 2.4891133 0.74502581 25
-4.8997598 2.4304011 0.78618234 30.333334
-5.2119775 2.1295528 0.89135909 54
-5.2784367 2.1169558 0.95563996 55.5
-5.3709626 2.1029396 0.96325529 56.5
-7.0936604 0.54859805 1.7818789 23
-2.7569308 4.0743876 -0.20905268 5
-4.875978 2.3308678 0.79179657 31
-5.0537066 2.1501794 0.87845564 57
-5.1449642 2.1301765 0.90428615 55.5
-7.0108423 0.51196384 1.80582 21
-7.0869446 0.4925642 1.7932425 32
-7.3587599 0.23217583 1.9538394 1
-9.2535143 -1.2944221 2.912436 20
-2.7420356 4.0105453 -0.23926887 3
-4.8627324 2.2636893 0.75013375 32.5
-4.8549886 2.1886601 0.79726231 80.199997
-4.9504166 2.1568389 0.85521948 67.666664
-2.7221882 3.8812118 -0.22332272 7
-7.2625208 0.09653759 1.9480639 5
-7.2094803 -0.040109396 1.9550118 4
-7.9715967 -1.0740616 2.3422296 31
-0.49675632 5.0845213 -1.1841917 21
-0.36493659 5.0691319 -1.2253867 9
-0.4131577 5.0638881 -1.2102464 10
-3.5605116 2.3406453 0.34885991 68
-3.6367049 2.3313425 0.38274896 77
-3.4365048 2.3552871 0.31652942 80.5
-3.5471666 2.3445034 0.36452925 74.5
-2.4553649 3.062808 -0.13819018 5
-3.32022 2.3700466 0.28573635 78
-7.3927593 -1.0892887 2.1746221 104
-2.4420071 2.9871693 -0.15895961 5
-2.4509404 3.0003743 -0.11962996 7
-2.4239717 2.7969577 -0.11296703 7
-2.3847306 2.5786781 -0.066285759 62
-1.5292022 2.6585231 -0.39015943 103
-1.5840389 2.648243 -0.38021481 82
-1.326957 2.6648812 -0.4699077 94.5
-1.4033525 2.6619856 -0.43969488 98.5
-1.4726332 2.6629283 -0.39810687 100
-1.1954687 2.6802187 -0.52602053 107.25
-1.2748793 2.6700249 -0.49169016 96
-1.0038632 2.7037916 -0.60930628 84.5
-1.0879868 2.6917934 -0.57200164 111.5
-4.2452993 -0.25825226 1.0078329 9
-4.3298073 -0.27595162 1.0010384 15
-4.1677742 -0.26546383 0.99122435 23
-1.0335952 2.1226673 -0.44961286 32
-3.8864059 -0.25724578 0.91553211 39
-3.9914427 -0.25863099 0.92796445 80.5
-0.97135496 2.1162357 -0.47345111 27.5
-3.8462179 -0.30145097 0.83760327 40.666668
-3.649209 -0.27933836 0.8310591 30
-3.7811222 -0.38953412 0.80987191 26
-3.5423903 -0.33080971 0.81081831 32
-3.7531643 -0.47917128 0.81374753 27.5
-3.5034788 -0.43472517 0.81389052 34
-3.713799 -0.56451625 0.81409466 26
-3.7228537 -0.63793993 0.82303637 7
-3.4584067 -0.53480661 0.8147608 31
-3.5104566 -0.69142687 0.84635788 6.5
-3.6492133 -0.77779174 0.82083982 23.5
-3.3902891 -0.72067976 0.81893051 30
-3.3841367 -0.78292161 0.82403791 38
-3.3669763 -0.84132004 0.8268972 36
-3.3529065 -0.90090847 0.82993716 37
-10.209318 1.3562102 2.8648791 5
-6.3489857 4.4597597 1.029603 1
-6.4500647 4.3532882 1.0732341 5
-10.166644 1.3020444 2.8615608 10
-6.5507803 4.2295508 1.0757823 4
-10.134453 1.1855392 2.8604684 10
-6.4030786 4.1379275 1.0889881 2
-9.37918 1.5992684 2.5482821 24
-10.044528 1.1141462 2.8600001 9.5
-6.3748016 3.9408829 1.0936054 3.5
-9.0336561 1.6541996 2.4386785 25
-9.1630993 1.6117237 2.4630756 25
-8.7440214 1.6805592 2.325058 24
-8.5611753 1.6889005 2.2475665 25
-8.4182539 1.7310846 2.2303972 25
-8.2004366 1.7499189 2.1339083 30
-8.0502138 1.7584596 2.0642717 30
-7.6077032 1.8186412 1.9047589 28
-7.724267 1.810663 1.9671304 28
-7.2097774 1.8686028 1.7621207 33
-7.3299446 1.8677881 1.8266585 26
-8.0491838 1.1747687 2.1936116 6
-7.8036499 1.2823296 2.0958505 1.5
-7.8771381 1.2333534 2.1295719 14
-6.8602757 1.9156442 1.6353726 33
-6.9536667 1.9134991 1.6953026 33
-8.0123062 0.84935212 2.2301385 21
-9.5653191 -0.46178174 2.9209647 7
-6.5486813 1.9566802 1.523592 41
-6.6404037 1.9461896 1.540504 34.5
-2.802103 4.9968019 -0.31745964 7
-2.847141 4.9583859 -0.27272359 7
-6.3296614 1.9794886 1.4351196 42.5
-9.5064688 -0.65682602 2.9303551 8
-2.8476155 4.8050346 -0.26723704 4
-6.2445564 1.9875101 1.416059 50
-2.3803239 5.0448685 -0.46308243 8
-2.4132874 5.0238652 -0.40522426 9
-2.5071902 5.0165033 -0.38470733 8.75
-2.8671141 4.6982665 -0.21387583 7
-5.9739532 2.0303316 1.256966 48
-6.0315337 2.013175 1.3157809 49.5
-6.0661016 2.0238321 1.381367 50
-2.2091837 5.0579801 -0.4935438 9
-2.301126 5.0334525 -0.45389074 4.75
-4.948586 2.815819 0.80678201 10.333333
-5.7367525 2.0646491 1.1844468 54
-5.8106179 2.0490909 1.2556633 53.333332
-2.1739533 5.0552797 -0.52860296 10
-4.9363327 2.7032251 0.80682713 26.666666
-4.934453 2.6891694 0.84596801 26.333334
-5.6059771 2.0742536 1.1848776 55
-1.8943819 5.0875626 -0.60931224 4.5
-1.9764919 5.0782862 -0.57608873 9.3999996
-2.806118 4.4025674 -0.20549428 1
-4.9198437 2.5779483 0.84462559 24.666666
-5.4048223 2.0938978 1.0826924 60
-5.4876032 2.088439 1.086453 56
-5.5465651 2.0768304 1.1637034 63
-1.6788559 5.1116219 -0.67461497 1
-1.786653 5.0930672 -0.63065684 1.6666666
-1.8343912 5.0892124 -0.62945914 6
-2.7789631 4.2910848 -0.18218571 7
-4.9031916 2.4528055 0.86396253 26.571428
-5.277729 2.1178079 1.0245018 54.75
-5.3530607 2.1031294 1.0934858 60
-7.2931061 0.43428993 1.9896795 1
-1.4859011 5.137598 -0.76464325 0
-1.5678568 5.1306105 -0.71260524 1
-1.6303852 5.1113329 -0.70255005 1
-2.7655163 4.1392274 -0.1335603 10
-4.8820138 2.3449759 0.87276649 30.25
-4.880825 2.2954142 0.91246539 35.333332
-5.0678253 2.1402462 0.95336223 61
-5.1396461 2.1360621 0.99613678 54
-7.0195084 0.47505403 1.8737581 12
-7.2222242 0.3409822 1.9619229 1
-2.7409439 3.9862163 -0.16231638 5
-4.857933 2.2152214 0.88750362 82.800003
-4.9287977 2.1628041 0.91326177 64.75
-5.0096264 2.150269 0.96878487 58
-6.7864985 0.58244514 1.7931181 16.5
-6.9827347 0.38306904 1.9686022 1
-7.1281481 0.29879832 1.9647825 1
-2.7207434 3.8903298 -0.13675511 5.3333335
-7.0874267 0.18926001 1.9617628 8
-6.8952947 0.24969435 1.9600937 2
-7.0334229 0.082765102 1.9569246 7
-8.0377789 -0.78978062 2.4797549 1
-6.8590584 0.11746025 1.9688116 10
-6.998518 0.035787344 1.9732268 10
-6.8053656 -0.011674166 1.9700038 10
-6.9492683 -0.066784143 1.9682798 3
-7.5482025 -0.5402081 2.2864645 1
-7.9856215 -0.95018125 2.4866974 1
-7.9805508 -1.0892515 2.4707992 26
-0.45666957 5.0944605 -1.0834568 20
-0.50028896 5.0836401 -1.0844558 24.5
-0.37116694 5.1047926 -1.1468853 17.5
-0.38686013 5.1134901 -1.1034331 19
-3.566258 2.3412197 0.42771691 72.333336
-3.6272407 2.3320897 0.45586845 72.5
-3.6914165 2.3197186 0.45142674 10
-0.34402537 5.0190244 -1.0872344 16
-3.4169879 2.3608432 0.36527091 79.769234
-3.4939854 2.3472173 0.40921557 82.375
-7.5259714 -1.0355031 2.3424783 24
-0.2988956 4.8816681 -1.1095594 84.666664
-0.32921743 4.8874168 -1.0756102 43
-2.4578967 3.0852699 -0.058472365 5.5
-2.4526861 3.0352359 -0.036103845 7
-3.2118497 2.3875082 0.30010626 80.090912
-3.2999678 2.3747053 0.33762208 83.8125
-3.3496499 2.369097 0.37932044 71
-7.4079514 -1.1050456 2.2979224 85
-2.4450147 2.9850111 -0.05312869 6.3333335
-3.0121043 2.417408 0.23356801 63
-3.0881102 2.4068274 0.25510809 55.0625
-3.1568825 2.3982401 0.27572596 54.857143
-2.433244 2.8647764 -0.065544248 7
-2.4270806 2.8105485 -0.025267541 7.8571429
-2.8205483 2.4472125 0.15313369 88
-2.8672335 2.4375687 0.18098268 94.842102
-2.9562292 2.4256356 0.21016529 86.300003
-2.6684742 2.4586987 0.10964507 94.333336
-2.7508762 2.4517276 0.14525601 95.777779
-6.721076 -0.95528698 2.0820179 88
-2.3864465 2.5949247 0.0033512712 70.444443
-2.4663796 2.4812212 0.04800956 91.333336
-2.5322201 2.4729946 0.067095518 88.571426
-2.6036725 2.4627559 0.1032332 81.25
-6.7002053 -0.98978043 2.0678539 104
-2.4155235 2.489476 0.027369991 86.777779
-1.9940541 2.6524196 -0.10990918 0
-2.0295808 2.6523938 -0.11813959 0.66666669
-1.7829499 2.679868 -0.20911974 1.3333334
-1.8567889 2.6821015 -0.19453682 1.6666666
-1.5025268 2.6792946 -0.31912142 79.727272
-1.579035 2.6663814 -0.30616921 93.333336
-1.3049186 2.6868606 -0.38269266 97.5
-1.3878757 2.6802187 -0.36254361 100.33334
-1.1668879 2.7013001 -0.44639799 106
-1.2574205 2.6873004 -0.41692448 98.5
-0.99890864 2.7106624 -0.53193378 18
-1.0541347 2.7116761 -0.48968422 102.1
-4.0004697 -0.22916329 1.0202163 10
-4.0471835 -0.23298573 1.0207037 8
-1.0380484 2.118114 -0.37319005 22
-3.85566 -0.22874355 0.98158395 31
-0.9461323 2.1149731 -0.41937691 23.777779
-1.0103053 2.11549 -0.39929879 26.333334
-3.6650362 -0.23102856 0.91177887 48
-3.7627673 -0.23509181 0.9235999 28.333334
-0.90193832 2.0975332 -0.47201225 1
-3.557765 -0.22448277 0.89130718 38
-3.5897782 -0.23439181 0.88175201 41
-3.7120805 -0.26800334 0.87086803 33
-3.3643041 -0.24133599 0.82938981 32
-3.4728949 -0.2608521 0.83501226 28.333334
-3.2942634 -0.26885653 0.8155151 35.599998
-3.4497864 -0.35693359 0.81220591 35
-3.447216 -0.41603947 0.81729436 39
-3.2587495 -0.3529433 0.81749654 38.333332
-3.4145861 -0.4756009 0.81695771 35.5
-3.2175515 -0.45189154 0.8192659 39.57143
-3.3830194 -0.56640327 0.81953335 20.333334
-3.4463348 -0.69435698 0.85284203 6
-3.4756145 -0.68590301 0.85604054 5
-3.1785297 -0.52614444 0.81881714 33
-3.2117431 -0.59567165 0.84423655 6
-3.2532153 -0.63385397 0.85189521 7
-3.3666003 -0.70110166 0.83005679 18
-3.1345272 -0.67608243 0.82714087 28.666666
-3.2178359 -0.6694153 0.85008532 10
-3.3130035 -0.76736569 0.82317436 33.5
-3.1027656 -0.74807292 0.82784116 35.5
-3.2985299 -0.85899711 0.82956398 36
-3.0599699 -0.82771528 0.83034557 38.666668
-3.0659928 -0.86776602 0.82875395 36.333332
-2.3150024 -0.36287069 0.50616539 6
-2.983068 -0.94152176 0.82214952 11
-3.030905 -0.92163765 0.83046174 32.333332
-5.9224424 4.0069542 1.1024697 5
-5.8453207 3.7883291 1.1085188 6
-5.8070822 3.6071844 1.1225958 9
-7.9073 1.7996311 2.0568991 29
-5.7349577 3.4089952 1.1279967 10
-7.4633613 1.8600101 1.9064925 26
-7.0546646 1.9078455 1.7680318 32
-6.705905 1.9521756 1.6494755 33
-7.9543905 0.82501245 2.2412446 29
-7.963069 0.78470826 2.2423809 41
-2.8334126 4.975688 -0.19794104 7
-6.3761272 1.9857157 1.5391802 36
-2.8705678 4.7641387 -0.14618361 9
-6.1009712 2.0241437 1.4455774 46
-7.9785652 0.5227778 2.3160498 29
-2.4373851 5.0269151 -0.31768736 10
-2.2318058 5.0313349 -0.3808676 3
-2.3351619 5.0280514 -0.34943986 13
-4.9434433 2.7547569 0.96924061 23
-5.8536682 2.0599408 1.3618886 49
-2.0370111 5.0880237 -0.45018941 8
-2.1340826 5.0547414 -0.41481361 3
-4.928431 2.6321082 0.98250526 21
-5.6138511 2.0844383 1.2804968 47
-2.7931371 4.287209 -0.079399109 1
-4.9163213 2.5161347 0.99564099 23
-5.4043474 2.1093712 1.1788646 55.5
-2.7703295 4.1698294 -0.069666892 2
-4.8904157 2.3948507 1.0049721 24
-5.2136354 2.1330366 1.1127108 55.5
-8.0106325 -0.24977374 2.4946465 21
-1.4293706 5.1618271 -0.65103757 0
-1.5010417 5.1324196 -0.60676938 1
-1.6029272 5.1156502 -0.56984395 3.5
-4.8752394 2.2840688 1.0161967 24
-5.0452447 2.1581397 1.0533743 56.5
-7.0131416 0.47963238 1.990602 1
-8.0550995 -0.30069947 2.4723027 2
-4.8782725 2.1774852 0.99548322 71
-2.7203312 3.8520472 -0.018560708 1
-6.5610538 0.64067292 1.7959936 17
-6.7693863 0.51653504 1.8811996 0
-6.8323307 0.37051725 1.9623188 2.5
-7.8478408 -0.4313581 2.4279315 7
-1.2674632 4.9813538 -0.64812523 17
-1.3301346 4.9635577 -0.64735907 2
-6.4857779 0.62933016 1.8022294 18
-6.5282278 0.59726691 1.8113363 18
-7.4999647 -0.33892608 2.3454781 17
-1.2036593 4.8772755 -0.66311771 8.5
-6.7467642 0.24662042 1.9592793 5
-6.7273655 0.12178707 1.9778336 10
-7.4540243 -0.50088167 2.3382196 23.5
-6.6499481 0.0041074753 1.9759921 11
-7.3434362 -0.60588241 2.3507798 27
-7.4094787 -0.66084766 2.3257561 18
-0.41926575 5.1016169 -0.98882991 15
-0.51757455 5.0825925 -0.93973255 23.333334
-0.39703321 5.1071033 -0.97645605 15
-3.5957918 2.3432102 0.53260839 76.199997
-3.6810822 2.3289766 0.62816525 40
-7.2401109 -0.7306695 2.3439875 26
-7.3612652 -0.79895759 2.3345909 24
-0.33612871 4.9871769 -0.99048555 9
-0.33869243 4.9152775 -0.97117358 9
-2.4614496 3.1392817 0.01792106 5
-3.3941207 2.3702698 0.44825679 77.5
-3.4690413 2.3574481 0.47428071 83
-7.176568 -0.8602128 2.3504529 38
-7.3066921 -0.93300891 2.3405833 26
-0.32844234 4.9092102 -0.95760417 3
-3.1712708 2.3955421 0.37785396 78
-3.2781463 2.3800113 0.41092247 85
-2.4461074 2.9475346 0.037281334 7
-2.9815757 2.4226198 0.31218827 23
-3.0562091 2.4162428 0.33899742 28.75
-3.1225255 2.4031093 0.33166826 23
-7.2504797 -1.0681736 2.3451352 27
-2.4237659 2.7739596 0.087582365 9
-2.8303251 2.4432554 0.26574373 99.85714
-2.9235291 2.4333279 0.30812055 54
-2.4118001 2.716768 0.075965464 13
-2.6285312 2.4581771 0.18330365 71
-2.7061732 2.4584186 0.22945717 106.125
-2.7717066 2.4502506 0.28893965 109
-2.3895214 2.6597459 0.042632028 20
-2.3913679 2.5547788 0.094321758 78.333336
-2.4929001 2.4797704 0.14193544 94.666664
-2.5921862 2.4642918 0.18845515 88.333336
-2.4150143 2.4895563 0.11434121 94
-1.9803879 2.6720424 -0.078983456 1.3333334
-2.0330777 2.6533401 -0.052541912 1.75
-1.7498462 2.6934624 -0.16882566 0.80000001
-1.6047051 2.7118697 -0.19209304 0.2857143
-1.6953139 2.7014551 -0.16197556 1
-1.4256383 2.7242048 -0.25750899 6
-1.4679414 2.7192423 -0.26795614 0.5
-1.5454541 2.7089405 -0.16179988 0
-0.5336262 3.3051479 -0.61743367 3
-0.62922847 3.2893696 -0.59564418 3
-0.67796409 3.2844801 -0.571298 3
-1.2747002 2.7084427 -0.3066895 76.222221
-1.3626821 2.6995878 -0.29619524 76.333336
-0.51800811 3.3034959 -0.62407392 2
-1.0790441 2.7260914 -0.40352222 113
-1.133937 2.723968 -0.35227025 108.13333
-1.2165281 2.712183 -0.32571024 91
-1.0281243 2.7351468 -0.39752224 80.555557
-0.83911943 2.1429982 -0.35447186 3
-0.90734088 2.1114166 -0.3517406 20.25
-0.97954452 2.0975244 -0.32339364 18.571428
-3.6552863 -0.2079587 0.98695016 29
-3.7051311 -0.19629014 1.0119346 19.666666
-0.83947229 2.1180906 -0.36408916 22
-0.86042988 2.1080766 -0.299676 1
-3.4932141 -0.1892693 0.94331199 22.666666
-3.3315005 -0.19499612 0.89042205 33.25
-3.4391336 -0.20704007 0.89616233 16
-3.2278094 -0.21539974 0.85091746 36
-3.3186328 -0.22800529 0.84050018 34
-3.027509 -0.21216226 0.81582451 49
-3.1050074 -0.2316764 0.82207406 37
-3.201412 -0.31065798 0.81765771 41
-3.0078444 -0.24901354 0.81529814 60
-3.0503829 -0.31689847 0.81866169 46.5
-3.175283 -0.37582999 0.8185991 47
-3.1574452 -0.41943413 0.81982332 45
-2.9998426 -0.39542747 0.82407463 55.857143
-3.0289524 -0.40957618 0.8188495 38.5
-3.1303582 -0.5141682 0.82502586 31.333334
-2.9749064 -0.51031792 0.82747197 64.090912
-3.0739071 -0.64709568 0.82627052 29
-3.1230478 -0.62195033 0.83771122 16
-2.9459181 -0.61306071 0.84075111 79.85714
-2.9820688 -0.67091179 0.83252329 60
-3.0400746 -0.74214989 0.82851917 38
-2.3318667 -0.26036265 0.50010687 0.5
-2.8851607 -0.70359749 0.84584248 107
-2.9343724 -0.73783511 0.84674037 81.833336
-3.0093513 -0.81132352 0.82910156 36.5
-2.2924485 -0.28203228 0.49192685 6
-2.847343 -0.7583198 0.84159517 115
-2.8870866 -0.81861931 0.84933436 98.833336
-2.9508541 -0.89755589 0.83627898 44.333332
-2.8321018 -0.86207157 0.84306669 106.66666
-2.895983 -0.93518567 0.85349476 76
-1.9796157 -0.34897125 0.41221842 5
-1.9275947 -0.40988934 0.40346301 8.333333
-1.9558319 -0.42691761 0.41341999 7
-1.8089247 -0.42731953 0.4052248 7
-1.848935 -0.41761017 0.4047339 9.333333
-0.45284164 0.55160058 -0.21252288 1
-0.4180674 0.48354289 -0.2137723 2.4285715
-0.47876579 0.41355968 -0.21813989 0
-0.35150588 0.44437519 -0.19991936 0
-0.45107949 0.34988052 -0.21762151 0
-0.21301925 0.38400665 -0.23799932 0
-0.19014281 0.2942833 -0.22890522 1.25
-0.18732589 0.25885764 -0.23008847 0
-0.33252025 0.093940407 -0.15365757 6
-0.2786873 0.10782993 -0.16805306 2.3333333
-0.33221406 0.040951937 -0.15703875 5.4000001
-0.58713639 -0.23143642 -0.020151228 14.714286
-0.68224978 -0.2495487 0.020564441 16.75
-0.73187953 -0.25833923 0.049113505 14
-0.32721332 -0.086494803 -0.14803526 4
-0.39058095 -0.20281553 -0.10045853 13.75
-0.4756996 -0.20999315 -0.063220508 13.8
-0.53360248 -0.22090474 -0.030293234 14
-0.28522286 -0.17614189 -0.13539875 8.3076925
-0.33799681 -0.19675255 -0.1054562 12.875
-5.5969572 3.748539 1.1205243 10
-5.5445848 3.750802 1.1290671 9
-5.4679189 3.5448251 1.1331563 10
-5.5029078 3.534169 1.1286595 10
-5.4082847 3.3608656 1.1404264 10
-5.4101295 3.3304553 1.1354451 10
-5.3370399 3.1788757 1.1434176 10
-6.8593149 1.9335279 1.8801608 33
-5.3301687 3.1459098 1.1433849 10
-6.5327663 1.9735062 1.7570543 36
-7.3028574 1.3300292 2.134089 12
-2.7699995 4.9937716 -0.048646688 1.2
-2.8324442 4.8797235 0.0081344247 19
-6.2346668 2.0076342 1.6456721 40
-2.6591697 5.0047622 -0.073050559 1.25
-2.8315449 4.8655891 -0.0031757951 16.5
-2.8545227 4.8305836 -0.045650721 13
-7.4397879 0.91497874 2.2490029 25
-2.4589326 5.0193505 -0.15616566 9.3999996
-2.8601928 4.6488185 0.050838888 3.3333333
-5.9648199 2.0386825 1.5454843 48
-2.184607 5.0504932 -0.3274051 7
-2.8431273 4.5810838 0.027486563 1
-4.9523921 2.7865982 1.0701592 23.5
-5.7362223 2.0728598 1.4577348 49
-1.985256 5.0953116 -0.40805542 7
-2.8177304 4.4301453 0.0098673105 1
-4.9409628 2.6696601 1.0874306 24.5
-4.9201694 2.5489435 1.101614 25
-5.5088072 2.0955031 1.3733857 57
-1.6402421 5.132308 -0.43427992 7
-1.7387608 5.1120296 -0.41823173 6.5
-4.90768 2.4374599 1.1176126 27
-5.3158412 2.1228752 1.301033 58
-1.421905 5.1560144 -0.5617041 1
-1.5317998 5.1343145 -0.49502897 5
-2.7561784 4.0845523 0.090568572 5.5
-4.8922229 2.3333008 1.1164052 26
-4.8866448 2.3192363 1.1468036 32
-5.1328478 2.1471643 1.2315183 58
-1.432584 5.1392632 -0.50607705 7
-2.7432306 3.9755991 0.060537905 5
-4.8641725 2.218926 1.124921 103
-4.9619617 2.1676502 1.1678276 59
-1.3247864 4.9919634 -0.5459168 15.5
-1.2236567 4.9854579 -0.58029711 14
-6.5254111 0.50286341 1.9790921 4
-1.0154917 5.0178242 -0.65865493 22
-1.1209235 5.0038171 -0.61991572 13
-6.083797 0.71790433 1.7950573 8.5
-6.4793925 0.47951579 1.9758987 4
-6.4821138 0.37419915 1.9826723 8
-7.251215 -0.22666979 2.3640089 47
-7.3071108 -0.23886514 2.3626032 27
-0.91999507 5.0070148 -0.65724754 20
-6.1140041 0.60469913 1.8221242 6.5
-6.436625 0.35811186 1.9795145 9
-7.2382727 -0.37595201 2.3712025 43
-0.83169723 4.8901129 -0.66987169 19
-6.4012365 0.24472976 1.9789516 9
-0.46600819 5.0982084 -0.86167538 24
-6.361413 0.12421417 1.9823506 8.5
-7.1775103 -0.5153048 2.3706295 60
-0.36591506 5.1059618 -0.85584557 27
-3.5088451 2.3602245 0.59483242 73
-3.5663729 2.3458378 0.65736771 75.571426
-3.6628304 2.3324597 0.6953783 67
-6.325841 0.0038557053 1.9887737 8.5
-7.1743383 -0.66226983 2.391988 60
-2.4646399 3.1194448 0.14067277 6
-3.3433943 2.3776503 0.56703621 85.714287
-3.423563 2.3647859 0.60302591 84.625
-3.4905953 2.3571074 0.64564723 75.333336
-7.1473255 -0.806077 2.4047089 64.5
-0.30050874 4.9177465 -0.84982741 0
-2.4588454 3.0811031 0.13477579 6
-3.1499519 2.403512 0.44626802 75.5
-3.2304029 2.3930712 0.52724606 83.846153
-3.295965 2.3807986 0.50561374 82
-7.1305556 -0.93342519 2.4336681 51
-2.4417939 2.9009848 0.16551256 8.1999998
-2.9524431 2.4364998 0.39174989 65
-3.0206747 2.422919 0.4419333 83.599998
-3.0983951 2.4092598 0.48593464 82.333336
-7.0597363 -0.95637727 2.3813348 26
-7.100297 -0.9867332 2.3510141 25
-2.4386709 2.8501534 0.1408679 8
-2.8153498 2.4447894 0.36651063 98.599998
-2.899642 2.4403617 0.40362254 93.125
-2.3951602 2.6606913 0.19767573 21.666666
-2.5992205 2.4763095 0.26441067 114.5
-2.6720142 2.4623344 0.31311053 114.3
-2.7573752 2.4522905 0.34489477 116
-6.8519249 -1.0081227 2.3460371 36
-2.3885841 2.6230841 0.16572392 64.333336
-2.3882232 2.5238874 0.21569788 57.333332
-2.4568586 2.4857728 0.226881 95.083336
-2.5511143 2.4736333 0.26798242 102.22222
-6.6994724 -1.0181768 2.2252805 111
-6.7187452 -1.0175977 2.2702384 109
-2.3892484 2.504595 0.18362536 65
-1.9283557 2.6820655 0.046726793 2
-1.9815534 2.6594701 0.035601079 0.2857143
-1.7132254 2.7054429 -0.056559026 2
-1.7925688 2.6922784 -0.021240562 2.6153846
-1.8747458 2.6728086 0.002412945 1.3333334
-1.5921524 2.7139409 -0.084992737 4
-1.6485808 2.7075038 -0.074881911 1.875
-1.5075274 2.7310998 -0.12814328 0
-0.54570901 3.2964122 -0.58833557 3
-0.59617043 3.2986746 -0.51893413 3
-0.68155277 3.2992826 -0.46881878 0
-0.45868027 3.3109107 -0.55584079 2
-1.0468285 2.7448454 -0.29356334 65
-1.1120043 2.7449625 -0.28495967 50.666668
-1.0060564 2.7475886 -0.3169806 16.5
-3.3981583 -0.15684938 1.0171341 25
-3.5140264 -0.17639291 1.0042044 30
-3.5689154 -0.17190027 1.041373 7
-3.2446971 -0.15207803 0.9780395 29
-3.3354936 -0.16412258 0.96735883 35
-3.1349359 -0.16204727 0.92873663 55
-3.2140961 -0.17658424 0.90649402 48
-3.0053954 -0.18078494 0.87862813 70.333336
-3.0751338 -0.17848259 0.89055711 43.400002
-2.8014159 -0.16431618 0.82502794 52
-2.8517165 -0.16685045 0.83721417 48.666668
-3.0008676 -0.23605978 0.84284151 85.333336
-2.9859877 -0.29195756 0.84862494 87.400002
-2.7561426 -0.20199382 0.83090091 50.333332
-2.8013732 -0.24390996 0.82717091 49.57143
-2.9333792 -0.33088958 0.84109056 101
-2.9513514 -0.378582 0.84858435 92.666664
-2.7306576 -0.30962431 0.83013082 49.333332
-2.7863317 -0.36356521 0.83022386 46
-2.8853128 -0.44172013 0.84006637 95.400002
-2.9471517 -0.4832027 0.85841268 98
-2.6893506 -0.39705759 0.83117664 51.5
-2.7453542 -0.46977073 0.8466115 48.75
-2.822206 -0.52178836 0.83614904 66.111115
-2.6317432 -0.43281418 0.83467185 51
-2.6821821 -0.56508422 0.85362822 18.25
-2.7629454 -0.59320897 0.84990072 34.142857
-2.8182731 -0.63188505 0.86189646 57.666668
-2.5547848 -0.5895468 0.84165555 42.5
-2.6302843 -0.62499136 0.834077 43.42857
-2.7225437 -0.69625986 0.83172232 44.333332
-2.7623534 -0.7194379 0.8329199 43.5
-2.5722296 -0.70824915 0.83589143 43.166668
-2.6262951 -0.75789672 0.83397675 49.5
-2.7163174 -0.78983253 0.83277559 44.5
-2.5132651 -0.77194631 0.83718085 38
-0.23417515 0.56897843 -0.24462435 0
0.25710374 0.8758086 -0.41901606 39
-0.2129342 0.55391383 -0.22687234 0.5
0.29701811 0.8260566 -0.43674964 23.333334
-0.1130982 0.42091572 -0.21185499 1
-0.20842355 0.37602058 -0.21202621 0.5
-0.069944382 0.36795592 -0.22944108 1
-0.139557 0.30590227 -0.21926944 7.6666665
-0.0075306296 0.30007637 -0.2179313 5.25
-0.043072879 0.21859199 -0.19488905 1.5
-0.092446983 0.17906898 -0.12924324 9
-0.23109108 0.1011942 -0.14302976 1.6666666
-0.26902851 0.057005733 -0.12647903 2.8333333
-0.51439619 -0.17076157 0.028935254 10
-0.56009859 -0.22187315 0.026292309 18.4
-0.61703253 -0.24012017 0.035876445 22
-0.010400474 0.20381907 -0.17893532 11
-0.08241111 0.10729417 -0.14471635 7.75
-0.23388344 -0.010344982 -0.13233966 1
-0.36837327 -0.19540045 -0.011979491 14.166667
-0.44203642 -0.19882181 0.015494138 13.529411
-0.51345986 -0.21872905 0.040247418 15.875
-0.083583117 -0.014478296 -0.11539897 18
-0.17396793 -0.16348737 -0.10910849 10.666667
-0.23428521 -0.17878675 -0.057029366 11
-0.31537086 -0.18985435 -0.0208354 14
-0.001585722 -0.15061635 -0.13282269 37
0.07315129 -0.14256674 -0.15745148 9
-8.5410357 1.6846368 2.5194788 21
-8.29741 1.7222121 2.4399517 24
-8.4870234 1.5782239 2.5263877 9
-8.0880957 1.7700319 2.3447161 28
-7.6968346 1.8243482 2.2827537 29
-7.8335276 1.8009698 2.2647161 30
-8.0971422 1.5782819 2.4707599 11
-5.433732 3.6456897 1.126049 10
-7.6349854 1.8335276 2.1724885 27
-8.1799068 1.2955046 2.45209 9
-5.3216038 3.5863309 1.1363345 9
-7.3852034 1.8600953 2.0980554 27
-8.2030773 1.1924584 2.4782727 17
-5.2409773 3.5404789 1.13957 9.5
-5.3611751 3.4501364 1.1340705 10
-7.2187386 1.8866856 2.0155978 32
-7.2788095 1.8809779 2.1182613 35
-7.9803038 1.2341559 2.4842861 19
-8.1783094 1.1314631 2.4779091 14
-5.2594099 3.3995409 1.1410683 10
-6.985158 1.9096844 1.9504806 33
-8.1514177 1.0189416 2.4843698 16
-5.1767373 3.3535714 1.1425579 10
-5.2921638 3.2660394 1.1403129 10
-6.8590198 1.9247606 1.9740319 33.5
-7.9238081 1.06829 2.4906673 21
-5.176477 3.2049716 1.1448613 10
-6.636611 1.9562564 1.8209274 36
-5.0892205 3.1739233 1.1487131 10
-5.2159538 3.0839915 1.1448331 10
-6.5362024 1.9688358 1.8445579 37
-7.3855147 1.2558784 2.1799517 2
-2.766716 4.9918733 0.022632957 7
-2.8364608 4.8773761 0.062294841 18
-5.1221218 3.0383434 1.1483551 10.5
-6.2549982 2.0044146 1.7194303 49
-6.3072419 1.9892669 1.7001653 48
-7.2008853 1.2865305 2.1858149 2
-2.6640368 4.9977512 -0.014345467 1
-5.0250196 3.0068464 1.1516066 12
-6.2012968 2.002902 1.7313607 47.5
-2.8784137 4.6925931 0.1031875 8
-4.9671068 2.8333335 1.1373961 16
-5.9474058 2.0399528 1.6302497 53
-5.9883838 2.0320065 1.6112952 50.666668
-4.9633675 2.8030148 1.1123199 22
-5.7171178 2.0659876 1.5288495 55
-5.768981 2.0666115 1.5148382 52.5
-4.9187369 2.7086649 1.1599711 17
-4.9404898 2.6782286 1.1261184 27.666666
-5.514226 2.0941329 1.4321374 54
-5.5448618 2.085212 1.4194529 57
-5.6254139 2.0908699 1.5400155 55
-4.9082861 2.5597961 1.1438811 25.75
-5.3466525 2.1155891 1.3458836 54
-5.4698849 2.0987849 1.442656 59.666668
-1.6493039 5.1205077 -0.3811003 6.6666665
-2.7923641 4.2380238 0.21837637 5
-4.8148012 2.4345679 1.1651063 11
-4.90797 2.4424942 1.1494868 32.333332
-5.153882 2.1401896 1.274061 60
-5.27911 2.1238263 1.363596 60.333332
-5.3154306 2.1215425 1.3545873 57
-1.4486034 5.1411514 -0.45495892 7
-1.5392876 5.1417732 -0.41352272 1
-2.7594852 4.0950718 0.14340532 6
-4.8771362 2.3278468 1.1613791 21
-4.8942714 2.3284624 1.1601534 27.5
-4.9666357 2.163856 1.2122941 65
-5.056457 2.1617396 1.3057616 65
-5.1260638 2.1413999 1.2818635 59.333332
-1.4393234 5.1269493 -0.42579657 3
-4.7266192 2.286516 1.155592 30
-4.849062 2.2055893 1.1626494 86
-4.9334369 2.1665366 1.2203376 64
-1.3338323 4.9895449 -0.46757579 13
-1.3513668 4.9774985 -0.44836819 12.5
-2.7272067 3.832793 0.24045089 8
-4.7457442 2.2025175 1.1772134 65
-1.1296701 5.0225191 -0.53291017 13
-1.1778564 5.0061727 -0.50915205 18
-1.2516916 4.9881601 -0.48031223 20
-7.2411356 -0.14602065 2.4422724 54
-0.94740558 5.032937 -0.57900345 15.5
-1.0426784 5.01789 -0.55138814 18.666666
-6.3077164 0.55952859 1.9747057 4
-0.92634177 5.0237393 -0.59478962 13
-5.8810987 0.7707715 1.7803655 5
-6.2639132 0.43888617 1.9789112 4
-7.221705 -0.29123092 2.4599459 40
-7.4638128 -0.4766829 2.5818658 34
-7.656445 -0.66864109 2.6880443 30
-0.60416222 5.0773468 -0.69730079 28
-0.7323401 5.0636196 -0.67493343 25
-0.85366058 4.9054489 -0.59402716 13
-5.8618941 0.66055512 1.7922642 29
-7.6392331 -0.82614732 2.7085288 29
-0.40413189 5.1062069 -0.78567326 25
-0.51474118 5.0940347 -0.74868798 26.5
-5.7549458 0.68756509 1.8069792 34
-6.2127318 0.32196975 1.9789143 10
-7.6204643 -0.98505855 2.7297876 29
-3.6430542 2.3440874 0.72499263 75
-6.1696539 0.20581651 1.9836851 10
-0.32933402 4.967555 -0.79060292 1
-6.1193924 0.090618372 1.9847836 11
-2.4504809 2.9595213 0.24423242 8
-2.4269607 2.7628405 0.25842777 10
-2.7975957 2.4471831 0.41803402 114
-2.8890638 2.437185 0.45081857 90.5
-2.6557655 2.4662397 0.36820847 117.5
-2.7418971 2.4575381 0.39842615 113
-6.6814203 -0.9057169 2.3671639 29
-2.3970804 2.5702183 0.26978111 63
-2.465405 2.4845083 0.3020072 94
-2.5433626 2.474283 0.32916471 100
-6.6228838 -1.0322948 2.3684199 36
-2.4131885 2.4881303 0.28364033 97
-1.9645286 2.6622033 0.11439764 1.3333334
-1.7511315 2.6965349 0.040704459 13.5
-1.8456333 2.6809449 0.07331714 6.5
-1.5596864 2.7162576 -0.025039434 2
-1.6559079 2.7101827 0.0076364577 4
-0.55587173 3.3067918 -0.42085409 1.6666666
-0.65040135 3.2957618 -0.39648062 1
-0.3709141 3.3402877 -0.47546566 0
-0.45410514 3.314939 -0.47554702 3.25
-0.49434626 3.3098779 -0.43481183 3
-3.2343824 -0.12959123 1.0258458 17.5
-3.0259242 -0.10811549 1.0246038 69
-3.0694575 -0.1305697 0.98167449 32
-3.1723664 -0.13788748 0.99972218 27.5
-2.9920764 -0.14758229 0.95338619 85
-2.6706512 -0.082718492 0.90378964 37
-2.7573113 -0.10701925 0.87979561 30.6
-2.841372 -0.1300723 0.88743287 27.5
-2.5571296 -0.10132056 0.85224521 9
-2.6269705 -0.11728007 0.85870755 17.666666
-2.6899996 -0.16280371 0.83259487 28.25
-2.5028644 -0.14304531 0.83399141 13
-2.5771408 -0.19626552 0.83642983 9
-2.6498637 -0.2423923 0.83376718 34
-2.4771726 -0.19993544 0.83405292 13
-2.5042529 -0.26145846 0.8372438 10.75
-2.5896864 -0.33645332 0.83602965 20.714285
-2.4270825 -0.31610948 0.83501637 12
-2.5227919 -0.39434743 0.83645213 21
-2.5853009 -0.48672783 0.86425066 16
-2.6712868 -0.56358999 0.87961626 11
-2.4098711 -0.4051879 0.84601861 10
-2.4517388 -0.52364302 0.87151313 10.5
-2.5335636 -0.54822397 0.86961645 21.142857
-2.6240973 -0.56776166 0.87335253 14
-2.3352437 -0.53627694 0.84095168 10
-2.4144468 -0.56925458 0.85110188 34.285713
-2.489172 -0.64467442 0.83914363 45.400002
-2.3346877 -0.61882973 0.84344542 33
-2.391964 -0.70087588 0.84306812 33.799999
-2.4731698 -0.72855896 0.8430227 45.5
-2.2585678 -0.70943129 0.84560871 36
-2.3203945 -0.75177145 0.84413189 50.400002
-2.2121086 -0.79567796 0.8451196 39.5
-2.2660336 -0.82858908 0.84240818 5.6666665
-2.0173988 -0.82597834 0.74920052 5
0.20877224 0.97916162 -0.31191915 44.200001
-2.008903 -0.82989281 0.74696529 2
0.259884 0.89254767 -0.31320009 40
0.32896131 0.84328485 -0.32858187 54.5
0.28986317 0.83411217 -0.26081246 33
0.16064417 0.7253834 -0.23182902 0.5
0.12664843 0.64444983 -0.22090125 2.625
0.47132158 0.85461509 -0.36767089 70
0.15788466 0.56654871 -0.20931995 2.6666667
0.1178093 0.51196826 -0.20093906 4.5555553
0.074977756 0.42226818 -0.21830571 0
-0.52280492 -0.073272765 0.16200365 1
0.75163245 0.9029721 -0.44329914 15
0.26402199 0.45945436 -0.22947389 1
0.17537433 0.40819979 -0.2283577 0
0.12172943 0.38933733 -0.2222847 0
-0.011653781 0.29450276 -0.16747278 8
-0.070104539 0.18699402 -0.12105745 7
-0.080796897 0.17411965 -0.10742514 6.6666665
0.8814624 0.91900718 -0.51901615 0
0.28802836 0.4202314 -0.22947636 2
0.24897081 0.36182851 -0.2120392 14.375
0.09532845 0.21224353 -0.16994035 11.285714
0.01811713 0.18290329 -0.11865546 7.6666665
-0.059219718 0.093687207 -0.10261434 7.2352943
-0.35949072 -0.19476657 0.038007766 15
-0.4090977 -0.19488579 0.054901302 14
0.19166803 0.20780751 -0.1777533 9.5
-0.033462584 0.0077032149 -0.08749783 7.25
-0.055940866 -0.028856993 -0.086036533 14.5
-0.20496243 -0.16967827 -0.0067188293 11.75
-0.29004207 -0.18681154 0.0158353 13.2
0.42206073 0.25250643 -0.23561203 0.66666669
0.37087286 0.21610111 -0.22929487 5
-0.0051959753 -0.13098112 -0.081300154 26.1
-0.075052381 -0.15558362 -0.039323524 16.857143
-0.13331711 -0.16096359 0.047393292 12
0.085574806 -0.13723716 -0.075945318 56
0.047356248 -0.13534862 -0.1028299 16.5
-8.1190014 1.7472847 2.4520724 25
-7.9499359 1.7737501 2.4906654 32
-8.0006714 1.7539165 2.4663239 24
-7.8113537 1.8171556 2.4405465 30
-7.9625382 1.5877619 2.4832768 18
-7.5372362 1.8392959 2.310452 28
-7.5894637 1.8252418 2.2931373 34
-7.4004078 1.8752286 2.2696648 27
-7.9238901 1.424535 2.5006347 20
-7.169775 1.8849864 2.1361134 33.5
-7.9163971 1.2649043 2.529058 30
-7.0100574 1.9196236 2.1102152 33
-6.8036489 1.9350972 1.9957113 34
-7.8939009 1.1074958 2.5520065 29
-6.6817894 1.9648876 1.9738762 32
-6.3768177 2.0008259 1.8480899 44
-6.4839268 1.9723008 1.8593493 43
-2.7936873 4.9739876 0.13799715 5.5
-2.8798718 4.7592707 0.19092029 8
-6.0879402 2.0294881 1.7311341 49
-6.9163046 1.364248 2.1690593 13
-6.9580045 1.3114822 2.1984837 2
-5.8815999 2.0649862 1.6892334 50
-5.6489067 2.0914249 1.6398842 51
-6.9960108 0.97852492 2.2660208 15
-7.0927277 0.89218831 2.2844818 49
-4.6165586 2.9171579 1.1656237 11
-6.9192338 0.97276592 2.2793677 35
-6.9554482 0.91870594 2.2889621 65
-4.5862679 2.7772312 1.1658865 10
-5.4332905 2.1216216 1.552938 55
-7.2063789 0.6216042 2.3822908 24
-4.5622792 2.6488211 1.1674366 10
-5.2268057 2.1467257 1.4699498 52
-1.4592106 5.1541867 -0.3209222 6
-1.5586948 5.1345081 -0.2870006 9
-4.5403533 2.5250764 1.1699777 10
-5.0358219 2.1677728 1.3939817 52
-4.5109258 2.4024429 1.1697811 10
-4.8640566 2.1894479 1.325515 63
-1.3611398 4.9863605 -0.3358407 13
-4.7025642 2.2089777 1.2609018 65
-1.1676366 4.9952707 -0.39887238 19
-1.2647798 4.9852729 -0.36629653 20
-4.4676051 2.2758842 1.1655151 51
-4.5497885 2.224957 1.2009165 63
-0.9689784 5.029377 -0.46787095 18
-1.067785 5.0244927 -0.43558437 18
-0.76475167 5.0615501 -0.53737098 23
-0.58650851 5.085094 -0.62385994 29
-0.69307017 5.0694466 -0.59034395 30.5
-0.85168386 4.9102955 -0.44721687 7
-0.88810325 4.8717031 -0.47756863 0
-6.0385637 0.5500164 1.9772497 3.5
-6.081327 0.46710896 1.9864103 8
-0.39764023 5.1070194 -0.69978988 25
-0.47911954 5.1007318 -0.65712106 25
-3.6292052 2.356159 0.91396743 67
-3.7150555 2.3418677 0.95090604 6
-5.6417193 0.73838639 1.7963274 24.666666
-5.7143464 0.63920665 1.8433201 19
-5.9561505 0.51641178 1.9810377 3
-5.9817839 0.41851306 1.9879477 9
-6.0525622 0.36763382 1.9863095 10
-0.34623814 5.0955067 -0.67684972 15
-3.468339 2.3747723 0.81603342 70.5
-3.5816262 2.3554034 0.84836 73
-5.9111152 0.41058421 1.9876938 8
-5.9729347 0.32371354 1.9879576 9.5
-5.9884233 0.25869918 1.983779 10
-0.32727885 4.9137087 -0.66198754 6
-2.4659367 3.1273201 0.39895362 5
-3.306366 2.3919895 0.75271261 74.5
-3.3837769 2.3812382 0.7829805 76
-5.8453283 0.30672407 1.985893 9
-5.9578152 0.23777485 1.9875609 9
-0.28677559 4.910882 -0.67689604 0
-3.1565537 2.4072571 0.69545853 80
-3.2306385 2.4006138 0.72390783 77.5
-5.7919765 0.20399857 1.9892015 8
-5.9139009 0.15747428 1.9864085 10
-5.9280734 0.040567398 2.0050755 8
-2.4461601 2.9106541 0.41669494 7
-2.9604239 2.441206 0.62092978 71
-3.055584 2.4234502 0.65706944 82.25
-5.7380285 0.10449266 1.9906995 14
-5.8419108 0.076567173 1.9836497 4
-2.7690163 2.4556477 0.55019981 112
-2.8173511 2.4562635 0.59781849 99.5
-2.893168 2.4477813 0.61727238 88
-2.4020364 2.6617923 0.42476562 22.333334
-2.5049028 2.524657 0.51619631 111
-2.6099479 2.4811561 0.50840384 113.33334
-2.697989 2.4677446 0.55102038 111.75
-2.3338909 2.6346462 0.43000937 44
-2.3981395 2.5164206 0.44088781 72.125
-2.486088 2.4939547 0.47833267 90
-2.5420372 2.4774904 0.53885365 97
-6.4386797 -0.90180826 2.3716359 33
-6.3989916 -0.90450406 2.3740933 31
-1.8388174 2.6979375 0.2307092 1
-1.9075587 2.6843605 0.25452852 1.7142857
-6.3243694 -1.0022931 2.3752232 35
-6.3790827 -1.0142369 2.368026 32
-1.7106299 2.7075722 0.18506789 25.5
-1.7962928 2.7013655 0.21475479 3.1428571
-1.5054314 2.7417428 0.11693519 2
-1.5938963 2.7287571 0.14590028 7.4166665
-1.6511569 2.715611 0.1660606 10
-0.67415261 3.3059912 -0.26498985 3
-1.3268764 2.7696149 0.013574958 0
-1.3748401 2.7644835 0.073257327 0.25
-1.4507458 2.7488267 0.09682858 3
-0.53717959 3.3014622 -0.30975395 0
-0.59209085 3.2848444 -0.27920711 1.5
-5.4528813 -0.76845479 1.9691045 7
-0.30437338 3.3430586 -0.38734263 3
-0.36312532 3.3194053 -0.35538226 3
-0.4618876 3.2976294 -0.31832546 0.66666669
-2.7191312 -0.0025504231 0.99563599 50
-2.7985494 -0.0064656734 1.0061936 32
-2.843101 -0.050207198 1.062884 7
-2.9339299 -0.067834437 1.031492 2
-2.6477189 -0.019582152 0.95259112 37
-2.7568591 -0.061681747 0.96809435 31.666666
-2.4456978 -0.022824764 0.88249177 9
-2.5253618 -0.030043542 0.9087643 9
-2.5694599 -0.061641574 0.91931641 8
-2.3099184 -0.035856605 0.84062493 9
-2.3877788 -0.055234671 0.84987748 8.9285717
-2.4605398 -0.074666619 0.88391107 9.5
-2.2624707 -0.076334119 0.82821095 10.538462
-2.335278 -0.13089842 0.82885075 10
-2.2033699 -0.1546461 0.82424742 11.75
-2.2727566 -0.21464306 0.82629299 10.307693
-2.3124142 -0.25477773 0.83708835 10
-2.1436267 -0.23859477 0.82609195 11.6
-2.2090614 -0.28638786 0.82696801 10.133333
-2.2577786 -0.3441686 0.83167034 8.75
-2.0778279 -0.30630809 0.82161099 12
-2.1333416 -0.35196245 0.83886814 8.363636
-2.2224765 -0.44980562 0.86146593 4.1428571
-2.2572908 -0.49251989 0.87591851 4
-2.0765343 -0.45316744 0.84613061 5.75
-2.1481218 -0.4995265 0.85212779 8.3571424
-1.938133 -0.47720644 0.82361555 10.333333
-2.0161905 -0.51732808 0.83245742 9
-2.0846834 -0.58031231 0.83367014 9.1111107
-1.960248 -0.59260255 0.83044016 9.363636
-2.0270438 -0.65780556 0.83741182 9.5714283
0.21736753 1.0485535 -0.21533394 38
-1.8930161 -0.67031085 0.82282662 7.875
-1.9687731 -0.7388553 0.83572805 9
0.22372198 0.99554473 -0.23309404 43.125
-1.8308979 -0.72310352 0.81453586 3.5
-1.8826877 -0.76673973 0.8496086 4.6666665
0.30236781 0.93674791 -0.25629562 41.75
0.4217149 0.9132067 -0.27397215 18.333334
0.40711778 0.83585256 -0.21971112 150
0.32223827 0.80551589 -0.22480053 46
0.57314897 0.83724302 -0.30957061 4
0.3916778 0.74498212 -0.20247173 5
0.2695573 0.61269575 -0.20725432 1
0.086297631 0.452968 -0.074362516 19
-0.36888549 0.08634451 0.12145579 9
-0.42874312 0.013873428 0.16377379 8.3999996
-0.45776558 -0.02816391 0.18794742 9
-0.69031382 -0.2378711 0.25826982 19
0.6710248 0.85221648 -0.37245864 21.666666
0.32051486 0.55333799 -0.20824474 2
-0.1934956 0.086942226 0.13655718 7
-0.29171243 -0.0059094131 0.16945107 10
-0.3705444 -0.00049155951 0.17846259 8
-0.43955404 -0.092936113 0.1861679 8
-0.50074518 -0.2075205 0.23042083 13
-0.58059645 -0.23417741 0.27487269 13
-0.6696319 -0.25359553 0.29003036 16
-0.23010045 -0.032466829 0.13511133 8.666667
-0.2875829 -0.1072773 0.20317787 1
-0.36846018 -0.20141546 0.22254637 12.166667
-0.45002139 -0.21802095 0.25211537 13.555555
0.59783405 0.53870207 -0.20494774 0
0.52975589 0.39940184 -0.22266206 3
0.17240757 0.14330751 -0.025936097 55.25
0.12362343 0.09628433 -0.072862834 17
0.55803341 0.32684398 -0.21426526 4
0.46262223 0.24285442 -0.17739114 9.5
0.35823953 0.19121522 -0.14447942 49
0.18324971 0.038244784 -0.026835799 73.714287
0.053966582 -0.13531592 0.060141891 35
-0.017198235 -0.14776018 0.036701187 10.5
0.19832581 -0.054310381 -0.030847222 83
0.18510985 -0.11134166 -0.014141262 74.25
0.091206312 -0.13601419 0.011766076 52.5
-7.9764032 1.7206619 2.5598779 30.5
-7.636395 1.8437879 2.4482324 28
-7.967083 1.621346 2.5326777 21
-7.9267206 1.3867717 2.5907927 30
-7.2205076 1.9058034 2.2771497 26
-7.912755 1.3031929 2.5834427 30
-7.9145746 1.2321422 2.6376505 29
-7.9009962 1.1818228 2.5965309 30
-6.8316984 1.9526973 2.118876 31
-6.4895363 1.9940364 1.9784672 31
-6.1646857 2.0256591 1.8487799 40
-6.8059654 1.3802292 2.1801877 11
-4.6439791 3.0595038 1.1639799 11
-5.322979 2.1377974 1.636764 46
-5.1328921 2.1626687 1.5540452 52
-4.344574 2.7455204 1.172393 12
-4.9604664 2.1867619 1.4796023 57
-7.7372046 -0.15381241 2.750267 17
-4.3234873 2.6237855 1.1738141 12
-4.7970748 2.207149 1.4088526 65
-7.712204 -0.2801168 2.7682314 29.333334
-4.2956171 2.5025573 1.1728429 12
-4.6416817 2.2245901 1.3423855 65
-7.6956177 -0.41874075 2.7953959 29
-4.2394471 2.3651245 1.161747 26
-4.3629403 2.2556913 1.223122 64
-4.494606 2.2389293 1.2792661 64
-7.6906099 -0.44635248 2.7849422 29
-0.94144845 5.0289764 -0.42583585 13
-4.2344756 2.2838449 1.212147 56.5
-7.6714253 -0.59347034 2.8088999 29.333334
-0.72321391 5.0658102 -0.5072965 30
-4.0654106 2.3648045 1.1753235 38
-4.1016979 2.2992511 1.1964898 58
-7.6521864 -0.7506454 2.8293524 29.333334
-0.60978699 5.090951 -0.5490129 32
-0.38255143 5.1119165 -0.63088161 25
-0.49846482 5.0949926 -0.58862406 27
-3.6969256 2.3446739 1.0137824 94
-5.6970549 0.62491822 1.9913294 9
-7.6279368 -0.90841174 2.848556 29.333334
-2.5063469 3.2176826 0.44143438 7
-3.4380691 2.381201 0.92497218 74
-3.5101197 2.3646929 0.95919174 74
-3.6088333 2.355978 0.9733724 74
-5.3189125 0.80739582 1.802247 25
-7.6075368 -1.0595815 2.8693914 29.5
-7.6099596 -1.0808361 2.8705616 30
-2.4742718 3.1029017 0.46629432 6
-3.2475042 2.446944 0.88444936 81
-3.3204751 2.3920021 0.87113583 80.75
-5.3432484 0.71129727 1.8265948 21
-5.6430678 0.51732945 1.9845409 8
-2.3945343 3.0914879 0.42664355 8
-3.0435162 2.475009 0.77828777 85
-3.1430118 2.4376078 0.81009722 85.25
-3.212127 2.406513 0.82196283 86.5
-5.6086001 0.41130567 1.9862688 9
-2.3836045 2.9560113 0.49584365 8
-2.4465055 2.8834591 0.46681052 7
-2.8546696 2.4962661 0.68376201 79
-2.9368005 2.4711969 0.73175389 89.166664
-3.0147383 2.4353249 0.73235846 91.5
-3.0741181 2.4205995 0.75983095 81.5
-5.5730152 0.30633593 1.9863713 12
-2.3726063 2.8714612 0.43138203 9
-2.704639 2.5092731 0.62734634 106.66666
-2.7951887 2.4845955 0.67339516 90
-2.8885264 2.45298 0.69396144 92
-5.5353756 0.2017951 1.9857031 13
-5.6061716 0.090618372 2.0347919 13
-2.3720288 2.6755614 0.47891682 25.5
-2.524353 2.524749 0.60193396 108.5
-2.5879478 2.5133016 0.58612514 109.4
-2.6728301 2.4886174 0.61285144 110.33334
-2.3426771 2.6050615 0.51922143 57.5
-2.3915668 2.5343766 0.5428589 92.25
-2.4691448 2.525588 0.57766759 109.5
-1.8169737 2.710582 0.29923251 1.5
-1.8591179 2.7100313 0.34681198 0
-6.0542612 -0.81003785 2.3784585 27
-6.1270466 -0.86934781 2.3810513 63
-1.6970448 2.7231364 0.25259688 18.75
-1.767799 2.7080655 0.27971852 0.5
-6.0111022 -0.92589879 2.3810139 26
-1.4804091 2.7456002 0.17087483 5
-1.5681167 2.7365837 0.19697577 39.599998
-1.6213323 2.7249231 0.2559537 19
-5.784586 -0.88628745 2.2492173 38
-0.689448 3.3040748 -0.17123932 0
-1.2867196 2.7722211 0.13636601 0
-1.3588862 2.7607369 0.12700802 1
-1.4323673 2.7522192 0.15342683 1
-0.48028183 3.3217707 -0.23411673 1.3333334
-0.57705462 3.283608 -0.20087814 1.8333334
-0.63119793 3.2931981 -0.17640108 3
-1.2833407 2.757798 0.065977335 0
-0.37179732 3.3288953 -0.25916189 3
-0.44678962 3.3053501 -0.23527712 0.5
-0.26546097 3.3361502 -0.3373968 3
-0.31554723 3.3103981 -0.26792973 3
-2.7312617 0.0018908381 1.0332408 8
-2.571116 -0.0019800663 0.97406816 9
-2.6281133 -0.018030763 1.0266182 24.75
-2.7403789 -0.03688556 1.0535207 11
-2.4011052 0.024873674 1.0037193 9
-2.4962788 -0.029951155 0.98501611 7.6666665
-2.5805173 -0.033550262 1.0092809 33
-2.2716808 0.0077215433 0.94514799 8.8571424
-2.3558493 -0.027203619 0.92832386 9.75
-2.4493113 -0.043162346 0.93203741 8
-2.1461697 -0.0085228086 0.8920337 8.9285717
-2.2125232 -0.012808144 0.91486192 8.1999998
-2.0948141 -0.050277472 0.848472 10.5
-2.0237484 -0.14007029 0.83771086 11.615385
-1.9270766 -0.19684634 0.83963227 11
-1.9627566 -0.21982288 0.83586234 11.8
-1.8511008 -0.26656625 0.84291553 11.625
-1.9003866 -0.28937387 0.8369112 11.285714
-2.0713813 -0.46022946 0.87572539 5
-2.0946176 -0.48262355 0.89343399 4
-1.8008127 -0.30664325 0.83919609 9
-1.8425243 -0.38094914 0.87249374 5.5
-1.8857563 -0.42807534 0.88037509 4
-2.0106509 -0.46763006 0.85381031 6.5
-1.7087481 -0.46464935 0.83189702 9
-1.7805209 -0.45802197 0.85054225 8.0714283
-1.8725189 -0.51769716 0.83738834 9.75
-1.9357426 -0.60689694 0.84948063 12
0.25011557 1.0849798 -0.14861476 33
-1.6624205 -0.47843575 0.83277458 9.6000004
-1.7135848 -0.5299046 0.8500154 10.3
-1.8078761 -0.61252356 0.82296962 11
-1.8973906 -0.66406083 0.8502723 11.333333
0.27144659 1.0126251 -0.13040319 36.75
-1.6225588 -0.54114544 0.83355224 10
-1.6418806 -0.59597898 0.83779776 10.5
-1.7398381 -0.69755381 0.82046247 10
-1.8287523 -0.72581995 0.83885705 9
0.49487615 0.99903697 -0.14531136 51
0.31935346 0.97230232 -0.16882995 36
-1.570838 -0.65044022 0.83209759 10
-1.6825268 -0.73236233 0.82283044 6
0.57392073 0.95014292 -0.20572928 36
0.47579145 0.97226614 -0.19423068 43
0.58662993 0.90601289 -0.20160314 38
0.58122939 0.85737646 -0.19377184 49
0.45713788 0.7616061 -0.1328738 50
0.41601169 0.7409932 -0.15019411 21
0.071981907 0.42333996 -0.0025120378 6
-0.61457598 -0.19559337 0.43183649 4
-0.12478304 0.097358644 0.12962316 7
-0.16618821 0.086580127 0.13909292 6.5
-0.48811907 -0.20202176 0.3367829 13
-0.54873323 -0.21558101 0.36373192 13.133333
-0.62806606 -0.23241991 0.39353257 11.733334
-0.097882986 0.092714995 0.14263824 5.5
-0.14523408 0.038209587 0.16284108 7.0769229
-0.19768378 -0.030845165 0.17443305 1.6666666
-0.34113008 -0.19045688 0.30000144 13.166667
-0.42961147 -0.19526105 0.33023307 13.5
0.64295948 0.58780187 -0.22209114 1
0.52569997 0.45163488 -0.064256668 0
0.28131193 0.2349999 0.0069736838 1
0.22558761 0.20608121 0.020069838 1
0.15403247 0.11608976 0.09118405 40.444443
0.093131423 0.073874354 0.11753288 10.666667
-0.0079824328 -0.014137417 0.19730088 29
-0.068905979 -0.058644384 0.18482843 5.6666665
-0.15202573 -0.16170698 0.25921023 13
-0.21672007 -0.1806235 0.2303139 14.333333
-0.30694017 -0.20284723 0.23590332 9.5
0.68460375 0.49300307 -0.2118482 0
0.63353258 0.37700742 -0.15048251 0
0.18266344 0.028106034 0.057837397 83.166664
-0.097452015 -0.15341747 0.25102469 14
0.72296178 0.39424229 -0.20089439 4
0.57146406 0.21499598 -0.13756868 23
0.19199568 -0.082576871 0.062014431 48.200001
0.61440724 0.16288108 -0.13383594 112
0.53741783 0.12906677 -0.11268795 57
0.96075952 0.27629423 -0.22034901 3
0.97549856 0.21920544 -0.21153808 0
-6.6260672 1.9876444 2.2077782 32
-6.3101935 2.02596 2.0682616 38
-6.0083532 2.0523334 1.9365847 41
-2.8613114 4.6641316 0.46252501 2
-2.8404326 4.5766225 0.50320911 1
-5.769711 2.0898044 1.8320346 50
-6.3613291 1.5246267 2.15238 0
-6.4357533 1.4133329 2.1995144 12
-5.5362792 2.1151752 1.730211 55
-2.6838202 4.3856192 0.4679758 1
-6.5324516 1.0415449 2.2913699 21
-1.4390733 5.1395731 -0.072944522 9
-2.7536891 4.0825295 0.47237843 5.5
-2.7530575 4.0292392 0.52224791 7
-4.8835707 2.1919706 1.5616567 70
-5.0492611 2.1702781 1.6398234 56
-2.6333499 3.9679708 0.47252586 8
-2.7401929 3.9785748 0.54131633 8
-4.734725 2.2148762 1.4911557 68
-7.7161326 -0.21368599 2.8600538 29
-4.1293459 2.6015444 1.1820786 12
-4.5801973 2.227046 1.4194478 67
-7.702548 -0.36613393 2.8905511 30
-1.1328387 4.9989371 -0.17818797 20
-4.1144633 2.4927115 1.1845218 12
-4.442718 2.2427521 1.356156 69
-7.6831989 -0.51774359 2.9200165 29
-0.92169738 5.0412965 -0.2560209 13
-1.0283484 5.0217566 -0.21647644 20
-4.1660995 2.2878087 1.3090711 63
-4.2996716 2.2659044 1.3319671 69.5
-0.74725842 5.0696573 -0.3564586 20
-0.83648467 5.0357647 -0.30439955 16
-3.8561008 2.4919555 1.1930152 14
-3.9135792 2.4149265 1.1746497 25
-4.0525761 2.2978773 1.2527316 65
-7.6576042 -0.66777349 2.9449549 30
-0.53091526 5.1005402 -0.43200302 25
-0.61919165 5.0727172 -0.3818168 22.5
-2.5109406 3.4725332 0.53084886 9
-3.8475859 2.3954406 1.2009114 56
-3.9500358 2.3113837 1.2027613 65
-7.6372356 -0.81971478 2.9730597 29
-0.39478445 5.1083317 -0.45982599 23.5
-0.48578358 5.0801668 -0.40865648 28
-0.73341346 4.8956847 -0.31389505 7
-3.5656097 2.4168725 1.0511515 68
-3.6464729 2.3906631 1.093021 73.333336
-7.6043186 -0.97031116 2.9977407 28
-0.25726819 5.0966635 -0.487005 24
-3.3623455 2.4362822 0.98625207 76
-3.4329584 2.431458 1.011345 75.5
-3.5216022 2.4179285 1.0691581 73
-3.5891628 2.3623924 1.0254966 69
-0.35893369 4.9100218 -0.47789204 8
-3.2161217 2.4532149 0.95052648 78
-3.3124478 2.4435849 0.95985955 73.666664
-5.4160767 0.69147968 2.0054698 10
-7.5502753 -1.1144907 3.0109544 20
-0.20274162 4.8804379 -0.49185157 3
-2.3933384 3.0462809 0.56426597 7
-3.0226295 2.4750996 0.85565251 82.333336
-3.101584 2.4644375 0.88455886 82.25
-3.1551731 2.4631176 0.95407259 82
-5.0526781 0.85114098 1.812385 23
-5.0620356 0.76126564 1.8295276 28
-5.3392267 0.59058094 1.985508 3
-5.3608713 0.49522424 2.0109553 5
-2.3877659 2.9288156 0.61623502 7
-2.8705995 2.4913464 0.80496609 90
-2.9625077 2.4789941 0.84791875 83.5
-5.3118658 0.3978827 2.003078 6
-2.3757803 2.8469214 0.55847937 8
-2.6946635 2.5102172 0.72432113 91.5
-2.7827923 2.5033875 0.76453 91.5
-5.2991018 0.300704 2.0128486 5
-2.3486114 2.6904733 0.59571898 29
-2.4939923 2.5317974 0.65566301 115
-2.5891492 2.5212777 0.68372941 101
-5.2606792 0.20724869 2.0100603 6
-2.3648343 2.5438955 0.60061723 77.5
-2.4382133 2.531163 0.6314491 110
-1.8473822 2.7014165 0.39666229 1
-1.6397595 2.734349 0.32106781 7
-1.7323983 2.7195106 0.35452512 1
-1.4773247 2.7589362 0.26437831 0
-1.5473657 2.7457235 0.28827304 6.5
-0.67426825 3.3031652 -0.1012128 3
-1.337302 2.7585044 0.21575281 0
-1.407982 2.7588081 0.24027827 3.5
-0.46988916 3.3171844 -0.15489578 1
-0.55977213 3.3108058 -0.12888801 1.8
-0.60453045 3.3004651 -0.10968864 0
-0.32047367 3.3375895 -0.18417799 3
-0.39645386 3.320822 -0.16408497 2
-0.52717602 3.2235398 -0.10976893 8
-5.3369217 -0.82489824 2.2299829 115
-2.377686 0.036170483 1.0497415 12
-2.4505799 0.021289349 1.0553688 9.5
-2.2621081 0.021042466 1.0014616 11.4
-2.345078 0.019159138 1.015294 8.5
-2.127933 0.020206511 0.96243829 8.7777777
-2.2020783 0.019670367 1.0085425 8
-2.0615473 -0.012404919 0.90407866 9.5
-1.7538216 -0.36388344 0.87422431 4
-1.8126323 -0.40264615 0.89696759 5
-1.7069589 -0.42275134 0.86889207 6.2857141
-1.7596581 -0.44110352 0.88368642 6.75
-1.8328941 -0.46274927 0.90161192 5
0.35016465 1.1524348 -0.034404099 11.666667
-1.5380682 -0.40744662 0.87763387 6.5714288
-1.6353399 -0.46418056 0.85140824 8.666667
-1.6710856 -0.51929975 0.86004037 11
0.3545987 1.0754699 -0.038994074 13.125
0.33145916 1.0246851 -0.067813933 32
-1.4218485 -0.42490774 0.85364133 10.2
-1.5215356 -0.49486348 0.83930671 9
-1.5758741 -0.56148082 0.84838462 9.5384617
-1.6256745 -0.59730148 0.85950923 10.333333
0.40356368 1.0026996 -0.04481709 25.5
0.38388586 0.95242548 -0.019129395 31.1
-1.4338411 -0.55810195 0.84197599 10
-1.505486 -0.63465112 0.84931731 9.1428576
-1.5567775 -0.66745055 0.85903382 10.333333
0.56650335 0.97376353 -0.11892885 20
0.40535164 0.87849325 -0.020056427 10.8
-1.3592547 -0.63426131 0.8411051 9.25
-1.4537566 -0.70192599 0.8476454 5.6363635
-1.5101681 -0.71831113 0.85810161 5
0.63884676 0.92067075 -0.15283805 38
0.55743736 0.84119636 -0.074605227 30.333334
0.54931521 0.79387534 -0.038263202 37
-0.39366719 0.0184457 0.42891413 3
-1.2930543 -0.67153549 0.83952498 7
0.58588535 0.79803908 -0.12875345 39
0.56117451 0.76230842 -0.034166455 19
-0.13926151 0.078647405 0.26226467 2.5
-0.53604108 -0.20583472 0.43036297 4.1111112
-0.104808 0.067852587 0.2657184 4
-0.30474684 -0.18375787 0.35067084 11.25
-0.38585722 -0.21166509 0.41829434 7.7857141
-0.46935934 -0.2265231 0.41684461 7.3333335
0.31140602 0.24636328 0.10391808 2
0.27667546 0.19467163 0.10191786 1.5
0.16294503 0.14005321 0.17390534 79
0.10494477 0.072184622 0.18701687 19.4
0.057728827 0.061210692 0.24576432 9
-0.029648155 0.0044520199 0.29780972 35
-0.10332441 -0.15370575 0.31652272 9.666667
-0.16384882 -0.1619142 0.3226195 22.5
-0.29693705 -0.21524014 0.42760381 7
0.083985567 -0.057730019 0.25993127 22.5
0.01926136 -0.13669276 0.27091122 39
-0.051859975 -0.13766131 0.30025548 4.75
0.14663422 -0.11694831 0.23569122 7
0.65713394 0.13220423 0.046048373 5
1.0636837 0.33565319 -0.17759186 4
0.97724181 0.34494996 -0.10055035 0
1.0804839 0.25086945 -0.1637814 5.5
1.0149592 0.14836335 -0.13344193 8
1.0375447 0.062964857 -0.11882287 0
-4.548028 -5.4619589 2.7456307 22
-4.5046239 -5.743711 2.7940245 22
-7.943327 1.5301762 2.8307257 31
-7.3749743 1.8946402 2.5390258 33
-7.9300461 1.3622079 2.8478804 30
-6.9694514 1.9428544 2.359874 32
-2.7618389 5.0177021 0.41982692 1
-2.7883625 5.0076132 0.49184966 1
-2.5918102 5.0271101 0.42618847 33.5
-2.6772537 5.0213776 0.43407333 7.1999998
-2.8489499 4.9056535 0.48851359 0
-2.8531332 4.8402047 0.54472756 1
-2.4818954 5.0374885 0.37013328 34.333332
-2.5571234 5.0215607 0.37414509 30.5
-2.7335203 4.8644943 0.45934182 7
-2.3660159 5.0630231 0.29365182 35
-5.8791652 2.0707951 2.0317879 48
-2.8314505 4.5013876 0.53198451 2
-2.8271706 4.4681339 0.55213088 2
-5.6393418 2.0972362 1.9190557 50
-5.4278765 2.1243062 1.8180032 53
-5.2358088 2.1503267 1.7269323 57
-6.0237837 1.5269907 2.1687088 7
-6.1549397 1.438426 2.2420335 8
-2.6536384 4.1084299 0.56929743 6
-4.9742079 2.185029 1.7144921 55
-6.1977491 1.0887234 2.3107963 17
-4.6757841 2.2273631 1.5631282 70
-4.8221259 2.2086158 1.6374292 62
-7.6594839 -0.25458908 2.9727476 21
-1.2418282 5.0091767 -0.010219336 21
-4.401021 2.3321035 1.506694 73
-4.523344 2.2369173 1.4882901 70
-1.058851 5.0262661 -0.072107911 21
-1.1379023 5.0135694 -0.085444927 22.200001
-4.2422533 2.3430634 1.4358851 72
-4.3957801 2.2538335 1.4238908 67
-7.614655 -0.4093287 2.9801672 19
-0.87496281 5.0516472 -0.1827476 19
-0.98696542 5.0287862 -0.12104297 20.75
-4.0826888 2.3652306 1.3805765 72
-4.1586223 2.3577383 1.3718323 66
-7.549614 -0.56102777 2.976995 19
-0.66051745 5.0894365 -0.23420453 20.5
-0.76199865 5.0538988 -0.20470488 16.5
-0.84225655 5.0355425 -0.14733291 17
-3.8970845 2.3866971 1.2651955 68
-3.952323 2.3786457 1.306452 67.25
-4.0370212 2.3691416 1.3462085 71
-0.55496049 5.0968666 -0.28275895 20.333334
-0.66531539 5.0750999 -0.27509093 21
-3.6763792 2.4255025 1.1836342 96
-3.7611349 2.4165182 1.2147679 65.5
-3.8323874 2.3910284 1.2740126 70.5
-7.5208077 -0.71765804 2.99125 19
-0.44462681 5.1146827 -0.31863374 23
-3.5550697 2.4198508 1.1347609 81.5
-3.6233644 2.4065261 1.1794689 77
-7.4701333 -0.87126684 2.9954228 19
-0.35192609 5.0505528 -0.3455016 14.666667
-3.4180756 2.43431 1.0798631 81
-3.4461849 2.4088423 1.1230924 76
-0.28846836 4.9213114 -0.3550989 1
-2.4031141 3.128176 0.62661695 6
-3.2714474 2.4261346 1.0516742 79.5
-3.328289 2.4020224 1.1215608 76
-7.4309549 -1.0243657 3.0055597 18
-3.0322049 2.4398518 0.98350966 85
-3.1362052 2.4234953 1.031245 81
-5.1529865 0.66213036 2.0171366 5
-2.9281013 2.4538829 0.96232891 80.25
-4.5814028 1.0121872 1.7909117 14
-4.8054523 0.88902783 1.8075101 20
-4.8297138 0.80959725 1.8322535 34
-5.0927124 0.57060254 2.0023155 1
-2.4389076 2.7872512 0.75141299 9
-2.6570837 2.4925921 0.86206609 93
-2.7344041 2.4810503 0.86748207 90.333336
-2.8113391 2.4687262 0.91674387 91.333336
-4.5629635 0.92675614 1.7925096 37
-5.0658102 0.48165774 2.0037608 2
-2.4094861 2.5917501 0.72490472 51
-2.5103951 2.5056598 0.78838289 99.800003
-2.6014271 2.4957936 0.83447158 92.599998
-4.5132074 0.8383131 1.7786114 55
-5.0351167 0.39341462 2.0027299 2
-2.4148583 2.5300374 0.7654984 77.800003
-2.4470026 2.5146952 0.79867524 101
-4.4613962 0.78349793 1.7815615 75.333336
-5.0022707 0.30698621 2.0006633 3
-4.4034348 0.67800546 1.780913 100
-4.4596825 0.63479578 1.7794663 102
-4.9955893 0.22009492 2.0129211 6
-1.8559785 2.7046025 0.56107104 1
-1.8965392 2.7005489 0.57394123 1
-4.4032183 0.56274152 1.7908462 107.33334
-1.5938494 2.7423818 0.44794562 2
-1.693707 2.7408185 0.48965928 0
-4.3609209 0.48877263 1.7945318 75
-4.3904767 0.42433441 1.8007455 70
-4.2771573 0.39882648 1.7878542 55
-4.3604431 0.34542024 1.7973096 59.5
-5.6837354 -0.82190633 2.3891573 34
-0.46717894 3.306505 -0.042455375 0
-0.57067072 3.2878604 -0.01215589 1.5
-0.40340102 3.3027093 -0.061375618 0
-2.2358291 0.040080845 1.091469 3
-2.0490365 0.051283419 1.0228506 8
-2.0863888 0.051638246 1.0269412 9.75
0.37505722 1.1638465 0.021881223 7.3333335
-1.5115976 -0.4091759 0.90596008 5.4545455
0.3876214 1.1114719 0.019949317 10
0.35239214 1.0309182 0.049858749 8.833333
-1.4096186 -0.4262118 0.87710714 7.4285712
-1.4569393 -0.4125663 0.90293956 5.6666665
0.36449122 0.96456105 0.055770516 19.333334
-1.2704258 -0.46058306 0.85964745 9
-1.3115993 -0.47553542 0.86489236 9.3529415
0.44365764 0.87873101 0.046653152 16.6
-1.1157241 -0.4702884 0.85926855 7
-1.1903809 -0.50834048 0.86269569 8.6842108
-1.2429827 -0.52489609 0.86694932 9.5
0.56064236 0.84235579 -0.019566357 7
0.53119385 0.8036598 0.0049420595 16
-0.25887036 0.10441512 0.43392202 6
-0.33971241 0.095167637 0.42927974 6
-0.40309024 0.034109414 0.51034838 0
-1.0651368 -0.535456 0.85794973 8
-1.1142554 -0.56522226 0.86591059 8.7222223
-1.2314115 -0.67393029 0.84034628 5
-0.19602883 0.058661997 0.43802154 2.6666667
-0.28939131 0.026720554 0.45159245 2.6666667
-0.33990568 -0.07246834 0.44508007 4
-1.0517397 -0.6011039 0.86490548 8.5
-0.12144902 0.050517946 0.43682963 4
-0.17841876 -0.073667705 0.45130855 3
-0.27633014 -0.074872285 0.44845381 4
0.36770475 0.28556925 0.20707744 1.5
0.2662589 0.15148008 0.21748704 150
0.1544559 0.14669722 0.26059395 101
0.14136463 0.099179447 0.31947738 71.066666
-0.15256441 -0.18725124 0.41145927 17.6
-0.21927306 -0.20776889 0.43121791 6.75
0.49967092 0.22504848 0.14504007 55
0.36253083 0.20218498 0.15594235 62
0.3540408 0.16364038 0.16634527 86
0.17916507 0.0405249 0.28812405 18
0.11682844 -0.0948672 0.28919166 43
0.054636717 -0.1487059 0.37335485 32.75
-0.025021255 -0.17489517 0.41498929 21
-0.098941714 -0.19916579 0.43135858 7.6666665
0.16476214 -0.11299151 0.33099329 79.5
0.10904828 -0.12771288 0.29946947 10
1.0887638 0.4433893 -0.035170257 2
0.99145484 0.3825196 -0.017344356 2.2
0.92946076 0.33488381 0.0065039992 3
-4.1962895 -4.0377598 2.420979 96
-4.1731758 -4.1057739 2.4512262 85
1.2935959 0.27077413 -0.12624043 109
0.99723256 0.041294515 0.045023799 10.8
0.99741018 0.0083814859 0.052606106 12.5
1.3055735 0.18198025 -0.11065358 22
1.0760484 0.017230392 -0.049412251 12
1.0267689 -0.039733112 0.049596369 1
-4.4594765 -6.0476732 2.8476777 8
-6.7498779 1.9658754 2.4481673 33
-6.4275484 2.0044599 2.2935762 35
-2.5513079 5.0656056 0.49527103 9
-2.65062 5.0465927 0.53650892 2
-6.1479263 2.0428572 2.1599605 41
-2.4463954 5.0623083 0.4526509 27
-2.708709 4.8809357 0.56578958 3
-2.3461294 5.070509 0.4118275 28
-5.7569332 2.0941911 2.1124907 48
-2.7105553 4.5606675 0.57719731 3
-5.5339227 2.1188569 1.9993576 59
-5.8118572 1.7744496 2.1825027 15
-5.3300085 2.1415353 1.8951914 58
-2.6794763 4.2857609 0.67569315 7
-5.1503263 2.1667948 1.8031135 59
-5.7852917 1.655584 2.1858578 17
-5.8167858 1.5545294 2.2156081 16
-5.9181318 1.4676387 2.2785132 1
-4.7995605 2.2930675 1.7439618 68
-4.5962238 2.3187947 1.6555235 75
-4.6891241 2.3062859 1.7016916 70.333336
-2.627718 3.8881514 0.65720439 9
-4.38727 2.3320007 1.5640604 70
-4.4747686 2.3231225 1.5771272 72.666664
-4.5352664 2.3245547 1.6402426 79
-5.8965845 1.1336558 2.3174095 50
-7.2486734 -0.073328972 2.9855719 14
-1.0427628 5.0264244 -0.061565518 20
-1.1425564 5.0188837 -0.035984755 22
-4.2720151 2.3423014 1.5001415 76
-4.3361659 2.3313372 1.5040114 74
-0.87796974 5.0520859 -0.1105032 20
-0.9564395 5.0465508 -0.10177958 21
-4.1393313 2.3407083 1.4622273 71.333336
-4.2175999 2.2847366 1.5645142 68
-7.219923 -0.21686316 2.9965868 18
-0.64298391 5.0955954 -0.1898663 22
-0.74261045 5.0738792 -0.14967346 18
-3.9845607 2.3167777 1.4445978 65
-5.864151 0.80613112 2.3525922 23
-7.1682858 -0.35770869 2.9961591 17
-0.52830458 5.1075482 -0.20574141 21
-0.63151288 5.0704155 -0.19276547 20
-3.7735522 2.3452134 1.3391945 63
-3.8787506 2.3331525 1.3919661 66
-7.1319366 -0.49874592 3.0041714 17
-0.41940618 5.1095915 -0.25292742 23.333334
-0.52647948 5.0654345 -0.25546432 19
-3.5676336 2.3713663 1.2727995 71
-3.6609721 2.3621917 1.3205196 73
-0.19800735 5.0900555 -0.36382419 20
-0.30598617 5.0942683 -0.32886946 25
-0.34539557 4.9912863 -0.24798048 12
-3.4524202 2.3901196 1.2260182 72
-7.0897408 -0.6386528 3.0089369 17
-0.32326841 4.9170971 -0.20887911 7
-3.2333052 2.4202287 1.1669493 72
-3.304976 2.4082105 1.2040317 72.5
-7.0427184 -0.77709603 3.011816 17
-2.4617805 2.9768224 0.79272693 7
-3.0195358 2.4451265 1.0799134 81
-3.1229074 2.4294877 1.1099366 75
-7.0057497 -0.91891408 3.0197482 17
-2.4528222 2.9051228 0.83054411 7
-2.4506211 2.8754408 0.84973085 7
-2.8216138 2.4806471 1.0205535 86.666664
-2.8895495 2.4567492 1.0358942 84.5
-2.9731898 2.4455118 1.0726398 78.333336
-2.427738 2.7446887 0.77825844 9
-2.6191132 2.5156226 0.94368595 79
-2.6955833 2.493243 0.95312047 88.666664
-2.7740693 2.4745557 0.9754563 87.5
-4.4719682 1.0431929 1.7859329 5
-4.5109429 0.9885174 1.8051249 19.333334
-4.533021 0.91275167 1.835999 20
-6.9614825 -1.0572977 3.0256934 17
-2.3882999 2.6889102 0.80304575 20
-2.3847344 2.6320624 0.8354013 37
-2.4773557 2.5262532 0.87807643 95.599998
-2.5681212 2.5126102 0.9118731 89.5
-4.3559332 0.96258855 1.8337333 15
-4.4498153 0.90794921 1.7774866 31
-2.3822165 2.548979 0.82829773 90
-2.4512737 2.5123215 0.82619107 102
-4.3795891 0.84749234 1.7957919 43
-4.4400373 0.77673531 1.8025193 47
-4.313385 0.76491809 1.7988451 52.5
-4.3805342 0.74329233 1.7835944 50
-4.4269252 0.65369546 1.8111488 97
-1.8307446 2.6921206 0.60323381 2
-4.2572422 0.6838305 1.8125578 55.5
-4.3254013 0.62539661 1.7893687 69.75
-4.6887608 0.26116729 1.9637128 38
-4.734376 0.27606297 2.0398335 6
-4.2563791 0.5420506 1.8092377 61
-4.3101888 0.51906729 1.7918155 50
-4.6384001 0.25564384 2.0138106 32.5
-1.5501542 2.7508385 0.55358291 0
-4.2158871 0.45455897 1.8100953 51.333332
-4.6349669 0.14283812 2.010118 11
-0.61926949 3.2936261 0.15473378 3
-1.3644619 2.7707756 0.4849475 0
-4.1827049 0.36235201 1.8024642 58
-5.4175959 -0.72831249 2.3995466 41
-0.54820168 3.2983589 0.13404667 4
-5.3388529 -0.81197774 2.3760591 104
-5.0077848 -0.65973496 2.3171263 71
0.36178434 1.0628591 0.11279583 9
0.39345551 0.95369565 0.1234861 7
0.45696443 0.92952913 0.12624407 0
-1.0887872 -0.43582749 0.8607412 9
-0.38439569 0.030606002 0.6065982 0
-0.96165502 -0.47384974 0.86235499 10
-1.0260724 -0.49319023 0.86051047 8
-1.0535444 -0.5867461 0.87327778 11
-0.25386596 0.013575017 0.49660397 2
-0.93359429 -0.53066051 0.86747926 6
-0.97188622 -0.6085009 0.86705285 8.166667
-1.0266263 -0.60890353 0.87302136 8.1428576
0.11995846 0.14061454 0.42734203 40
0.010257125 0.12354937 0.45039952 3
-0.076958358 0.075939655 0.46449977 3.75
-0.085943967 0.032637089 0.51115775 0
-0.93345219 -0.642546 0.87304068 2
0.37652051 0.27100801 0.31719899 0
0.15864074 0.11339921 0.39681238 67
0.14167732 0.027859926 0.36181146 87.5
0.012145072 -0.069716096 0.45747945 3
-0.068439633 -0.071858823 0.45423502 3
0.15350223 -0.047798991 0.38862151 84.92308
0.07638371 -0.12885982 0.4323296 51.666668
0.56820458 0.17975867 0.20523113 150
0.51863575 0.14593935 0.21384469 71
0.14914337 -0.13883621 0.40893722 75.75
1.1683505 0.51119977 -0.022248685 0
1.0857079 0.46095306 0.010253906 2
1.0149963 0.43148035 0.046988189 2
0.93003917 0.38045019 0.061961651 3
0.65477931 0.15101808 0.26239994 154
1.2331507 0.54436827 -0.027378976 0
1.2628758 0.31035912 0.024100125 36
1.0035583 0.10299456 0.089233756 13
-4.0768852 -4.1333613 2.5161264 23
1.2510041 0.22944379 -0.0015086532 87.75
1.2737119 0.14748186 -0.0084932446 56
1.2778137 0.13252664 0.012931406 17.5
-3.998445 -4.2508669 2.5080256 0
1.309834 0.089579642 -0.0073543787 0
-4.6019874 -4.9872389 2.8193474 21
-4.5739079 -5.0614176 2.8606999 23
-4.5725417 -5.2468753 2.8687904 20
-4.5386319 -5.3158417 2.9169128 21
-4.5319982 -5.5074701 2.9135494 19
-4.5064621 -5.5899386 2.9785419 20
-4.489614 -5.7888904 2.963304 22
-7.7516012 1.6060455 2.9624307 18
-7.1112156 1.9213257 2.6213017 34
-7.6965327 1.4399824 2.9597056 18
-2.71806 5.0414839 0.6886332 1
-2.6212096 5.064714 0.64966655 1
-6.199955 2.0108995 2.3434153 30
-2.4167166 5.0599165 0.56807816 19
-2.5155399 5.0478325 0.60799098 2
-2.7532654 4.815999 0.70409334 7
-5.9495807 2.0486555 2.2145078 30
-2.7139158 4.4794092 0.7812165 1
-5.285099 2.2416749 2.0278606 62
-5.3662281 2.2386618 2.0538216 58
-5.0945005 2.2591228 1.9216123 63
-5.1933007 2.2536721 1.9760928 64.666664
-4.9209261 2.2761064 1.8255103 69
-4.9960785 2.2716899 1.8614361 65
-5.0426831 2.2735786 1.9069166 66
-4.8400731 2.267293 1.8294261 64
-2.6501513 4.0278077 0.7452147 9
-4.6518621 2.2420409 1.7920873 62
-4.4922957 2.2543633 1.7079461 63
-5.6207623 1.3009052 2.3089802 7
-1.0588355 5.0094781 0.066510677 21
-4.2934551 2.287354 1.7010983 70
-4.352437 2.2716672 1.6350219 65
-0.86138463 5.0360508 -0.0008174181 21
-0.96006131 5.0234575 0.032714248 21
-4.1644001 2.298491 1.6296721 65
-0.68362594 5.0818429 -0.095674396 20
-0.76218653 5.0464778 -0.034164071 18
-3.9482629 2.333559 1.5117906 64
-4.0535188 2.3172052 1.5685078 65
-0.47793078 5.117413 -0.16196418 22
-0.55709577 5.0726404 -0.1008141 20
-0.62281513 5.0707226 -0.097388506 20
-3.7431664 2.3564897 1.4018328 63
-3.8267145 2.346817 1.4864095 62.5
-0.36113286 5.1090174 -0.18157363 21
-0.45407367 5.0746741 -0.13512707 20
-3.6233447 2.3686247 1.4114484 68
-3.7138009 2.3568165 1.4634409 68
-0.239712 5.1044078 -0.2023195 23
-3.4072635 2.3969421 1.3214502 73
-3.5249248 2.3792887 1.3884861 71
-2.4814339 3.1302729 0.86144376 4
-2.4784019 3.0923929 0.87958002 8
-3.1254258 2.4740262 1.2522624 70
-3.2022197 2.4403956 1.2668965 72
-3.2853243 2.4120936 1.2806475 73
-0.18934321 4.901432 -0.21866179 8
-2.4140377 3.020319 0.91893268 8
-2.9967575 2.476608 1.1925579 76.5
-3.0650315 2.4559698 1.1839414 79
-3.1446176 2.4283998 1.1990467 74
-2.4004555 2.9350438 0.84408844 8
-2.790545 2.5008113 1.1349442 70
-2.8656187 2.4905589 1.1260482 77
-2.9443574 2.4788954 1.1823726 76
-2.390301 2.8129895 0.88884997 8
-2.6498289 2.5140722 1.0518889 82.166664
-2.7335463 2.5053263 1.0991163 80
-5.6194267 0.090583801 2.4938109 15
-2.3628461 2.6718991 0.91593826 34
-2.370398 2.6144102 0.95592546 52
-2.4515653 2.5384641 0.96842921 91.5
-2.5431085 2.5280938 1.0030127 87.400002
-5.5797243 -0.018622637 2.4921517 20
-2.3668575 2.5596876 0.90505409 64
-2.4004092 2.542738 0.94175881 90
-4.1631432 0.99159586 1.8189156 8
-4.2189255 0.92878222 1.8622962 23
-5.5480289 -0.12567997 2.4949956 21
-5.5082126 -0.23240709 2.4950221 20
-4.1153965 0.84348738 1.8092619 61
-4.1219473 0.7742219 1.8220038 65
-5.469635 -0.33757234 2.4952087 20
-4.0906329 0.68019557 1.8488208 67
-4.6063681 0.28162038 2.052042 5
-5.4428482 -0.44638515 2.5021548 20
-4.0271826 0.60012257 1.8862574 30.5
-4.0900035 0.53138149 1.8394489 79.5
-4.467309 0.25714338 2.0056267 8
-5.4063096 -0.55088639 2.5050626 20
-0.65044582 3.3090231 0.24312305 2.1428571
-4.0068388 0.47003591 1.8946748 37.5
-4.0719609 0.42861927 1.8446143 77
-4.2756519 0.27789676 2.0000606 5
-0.40724301 3.3456628 0.1391468 0
-0.59886456 3.2895255 0.22761613 3
-4.0129337 0.3674618 1.8673809 48.5
-5.1048813 -0.58145261 2.350965 47
-0.32299685 3.3440032 0.15782273 3
-0.39944708 3.3265049 0.17392021 3
-4.9250588 -0.59528553 2.3413055 41
-5.0120649 -0.7275002 2.395149 49
-4.7496381 -0.62915349 2.2931824 75.5
-0.70793474 -0.30976906 0.87195474 7
-0.77064836 -0.34549698 0.86824781 8
-0.82960582 -0.37667185 0.91677505 7
-0.63334906 -0.33001208 0.87969983 6.4000001
-0.70805246 -0.37739795 0.87928087 7.7142859
-0.77617103 -0.42937392 0.92810595 7.5
-0.83444571 -0.46199638 0.96503979 8
0.092499197 0.15387768 0.46013039 0
-0.0042391419 0.093174666 0.50318658 0
-0.59799141 -0.38627782 0.88447636 7.5714288
-0.62883151 -0.40322316 0.8842032 8
-0.73716491 -0.54411006 0.87224793 8.5
0.44038945 0.30797666 0.41334513 3
0.2929284 0.17729902 0.43402368 21
0.21434015 0.094700158 0.49381745 95
0.14919245 0.084271222 0.52841544 7
-0.57476002 -0.56862819 0.87983578 14.75
-0.65359044 -0.60098612 0.87436342 6.7142859
0.42479378 0.19403917 0.44198078 20
0.25801915 -0.0040763021 0.44628456 82
-0.50295883 -0.5885126 0.87691808 19
-0.57885623 -0.64041191 0.873716 0
0.27342814 -0.047383219 0.46325722 41
1.2640857 0.60071218 0.037160754 2
1.1569819 0.53842175 0.052994907 2
1.1160114 0.50186801 0.12972313 2.5
1.0135788 0.42407972 0.14549059 2
0.94055068 0.37517536 0.15712041 3
0.88844532 0.32890427 0.16760957 2
1.2589086 0.30518585 0.09368813 41
1.0527771 0.16264808 0.200472 32
1.2849407 0.24380344 0.10686177 106
1.2760991 0.18552667 0.1196146 17
1.3063699 0.18353462 0.048694193 3
-4.5290651 -5.5533361 3.0710104 21
-4.4945564 -5.8403158 3.1265121 20
-3.958811 -5.4205313 2.779973 0
-4.4704943 -5.8858161 3.0446601 20
-4.3865833 -6.5295067 3.1889939 19
-4.2295966 -6.6084967 3.1509435 20
-2.6996398 5.0803499 0.78922701 1
-2.4991581 5.0873632 0.71130586 1
-2.59128 5.0529289 0.74626017 1
-2.397613 5.079812 0.67161191 1
-2.7379031 4.8619685 0.79919243 3
-5.8244734 2.1898384 2.317847 52
-2.2067995 5.1053691 0.60029495 8
-5.6330051 2.2125983 2.2227132 54
-5.7054424 2.1962287 2.2650619 52
-5.4189396 2.2374496 2.1072447 60.5
-5.4990902 2.2247982 2.1473176 64
-5.5645652 2.2141318 2.1692333 57
-5.3806992 2.1497922 2.1837554 52
-5.1776819 2.1762946 2.0728383 54
-4.9868546 2.1987009 1.9699607 59
-2.695909 3.9924972 0.94741619 2
-4.7204766 2.2376926 1.9402064 64
-2.7001801 3.7768586 0.931458 9
-4.5672374 2.25425 1.8532311 61
-1.1147623 5.008007 0.20983303 22
-2.6012228 3.6891961 0.92849874 8
-4.4245572 2.2706933 1.7730751 65
-5.5079813 1.2695012 2.3015358 30.5
-0.87845922 5.0318127 0.13296056 20
-0.9732542 5.026401 0.16397083 20
-2.6270423 3.6313624 0.96370661 24.666666
-4.1188889 2.3032684 1.6978772 71
-4.2346702 2.2889872 1.7653141 65
-5.4738636 1.1571494 2.32476 55
-0.68475127 5.0496821 0.071569204 21
-0.78089976 5.0433526 0.10105455 19
-3.9082646 2.3332801 1.5741609 65
-4.0179062 2.3242865 1.6375556 61
-6.8590565 -0.044269562 2.9946966 18
-0.48488712 5.0739331 0.0080862045 21
-0.58564234 5.0649109 0.040658116 14
-3.7760737 2.3511889 1.5732563 63
-3.8671088 2.3372543 1.6290098 63
-6.8320999 -0.17498136 3.0041771 19
-0.38145614 5.0938854 -0.022946 21
-2.4851282 3.3268332 0.91431481 9
-3.5024471 2.4260426 1.4997486 67
-3.6004453 2.3747077 1.4668071 73
-3.6874931 2.3642464 1.519554 67
-6.7898378 -0.30440688 3.0071673 17
-0.28128815 5.094593 -0.053927779 18
-3.298043 2.4495432 1.4038336 67
-3.3775444 2.4388914 1.4294487 67.333336
-6.7463617 -0.43139362 3.0082674 18
-0.22269821 4.9332867 -0.075756907 11
-2.4204776 3.1033499 0.99600041 9
-3.1103859 2.4695358 1.324896 67
-3.1738362 2.4597194 1.3510609 71
-3.2571571 2.452178 1.3761181 71
-6.7152953 -0.56124663 3.0162067 17
-2.4131122 2.9852743 1.0303509 8
-2.9611542 2.4836082 1.2498589 75
-3.0499988 2.4705529 1.2921542 76.25
-2.4001899 2.8975806 0.96148288 9
-2.7657151 2.5056944 1.1545564 85
-2.8491559 2.488575 1.2002382 79
-2.9091966 2.4841101 1.2037621 71
-6.6808372 -0.69084668 3.0229502 19
-2.3927827 2.7939868 0.99232817 7
-5.5032406 0.12508416 2.4945064 20
-6.6211429 -0.81317139 3.0166845 17
-2.4698198 2.5295238 1.1451023 85.5
-5.3205442 0.14141035 2.5002148 22
-5.4017406 0.13495445 2.4968302 19
-5.4608555 0.021714211 2.4941671 20
-5.5452414 -0.063910484 2.5510917 15
-6.5938683 -0.94372654 3.0271001 20
-5.3371592 0.040018559 2.5110579 26.5
-5.4333582 -0.081399441 2.500988 21
-5.5086126 -0.17321348 2.5515637 19
-4.0505371 0.99706984 1.843863 12
-5.1253891 0.11127996 2.4185531 19
-5.3306189 -0.061808825 2.5055423 20
-5.394887 -0.18285608 2.5016599 20
-5.4802856 -0.28452516 2.5573339 19
-3.7790341 1.0893973 1.8269739 7
-3.8434174 1.0551145 1.8503287 22
-3.8382928 0.98701692 1.8546262 24
-4.0559053 0.86511445 1.8650818 35.5
-5.2956285 -0.15871692 2.5098457 23
-5.3164601 -0.27112842 2.5143414 23.5
-5.4456949 -0.39316368 2.5605273 19
-3.7842512 0.96261454 1.8488803 7
-4.0480957 0.76599455 1.8741882 31
-5.2591343 -0.35853601 2.5426111 28
-5.3223386 -0.38459754 2.5075107 21
-5.410388 -0.50119734 2.563375 19
-5.2689552 -0.47223854 2.5387645 25
-5.3840981 -0.61184406 2.5718665 19
-4.1875706 0.29566467 2.0462661 4
-5.253149 -0.58440495 2.5184584 23
-5.2476397 -0.56576598 2.5915351 29
-0.41223574 3.3388782 0.24143577 0
-0.57913554 3.2931948 0.30691493 3
-5.33391 -0.71504021 2.5677743 19
-0.30376041 3.3313246 0.19296831 2
-0.34076595 3.3307691 0.22418535 3
-4.9412951 -0.58228266 2.42593 30
-4.8598752 -0.63856041 2.4183407 27
-4.6442308 -0.59989166 2.3738146 47.5
-4.7773895 -0.71352255 2.3889165 61
-4.601429 -0.64556897 2.326256 67
-4.5883656 -0.70753789 2.4070349 81
-0.79781908 -0.36274421 0.98624682 7
-0.3263458 -0.077219218 0.78935915 2
-0.42455855 -0.09910626 0.88577878 7
-0.45962241 -0.13512479 0.88447922 8
-0.53879458 -0.29634637 0.91029721 2.75
-0.59648365 -0.30904096 0.90675092 4.1999998
-0.78155041 -0.44113219 0.991041 7
-0.77846193 -0.50159359 0.99753463 7
0.1110763 0.11669505 0.61028326 15
-0.39390391 -0.29059118 0.89204431 6
-0.47376692 -0.31386796 0.89842135 5.0588236
-0.5341177 -0.38964882 0.88687909 7.5
-0.75019872 -0.51344895 0.9988153 7.6666665
-0.74892116 -0.52029067 1.0087931 8
0.13868415 0.075928956 0.60637283 8.5
-0.33689216 -0.35094529 0.88933951 14.166667
-0.40855461 -0.3895784 0.8901183 10.636364
-0.47629026 -0.41857237 0.89049363 8
0.22291458 0.029724658 0.64399958 7
-0.30052906 -0.3961772 0.88952529 15.5
-0.43921205 -0.57612097 0.87784851 13.333333
0.62266457 0.20714706 0.4591071 44
1.2578108 0.58804542 0.11199522 3
1.2149005 0.57093036 0.18399358 1
1.1439183 0.51626736 0.19268221 1
1.0808702 0.46535122 0.20125371 0
0.89189214 0.31907409 0.34293151 5.25
1.2737814 0.30241156 0.23560405 114
1.193794 0.25512892 0.17767853 150
1.0628508 0.16432261 0.2620002 114
1.2783202 0.24856383 0.24627316 88
1.0712253 0.011056602 0.29761457 150
4.0076933 1.6937166 -1.014679 14
-4.2621007 -6.567728 3.2011671 27
-4.0803647 -6.5768166 3.1226902 21
-7.3211756 1.6344349 2.956717 18
-6.4316769 2.1330197 2.6435027 34
-7.2876234 1.4850819 2.9617248 18
-6.3291683 2.1434076 2.6111753 38
-6.1497326 2.1630802 2.5030046 47
-6.2422261 2.1514716 2.56849 37
-6.0130405 2.1763549 2.4323664 46.5
-5.8750906 2.1391575 2.4077048 40.5
-5.6089602 2.1211092 2.3079014 48
-5.2583375 2.1776924 2.2465501 49
-5.0548401 2.1936533 2.1297464 51
-4.8824315 2.2175846 2.0318096 55
-4.6423745 2.2452593 2.0086229 66
-4.4998493 2.2621298 1.9231007 70
-2.5474277 3.7390447 1.0146886 5.5
-4.3296852 2.278451 1.869442 67.5
-2.5795367 3.6439872 1.0623602 33
-4.0751147 2.3138797 1.7582115 68
-4.1859303 2.2995398 1.8271774 72
-5.3699985 1.2375171 2.3946972 43
-3.8720882 2.3869607 1.7549996 66
-3.9707656 2.3278697 1.692573 64
-3.6880958 2.4086931 1.6599066 67
-3.7747755 2.3994865 1.6866524 63
-3.4706755 2.4321949 1.5606335 73
-3.5598798 2.4223561 1.5875416 65.5
-3.6217992 2.4121711 1.6415871 66.5
-3.2891519 2.4457898 1.4591858 72
-3.3676665 2.4415553 1.4923038 70.333336
-3.4532056 2.4300225 1.5047916 69
-3.2183135 2.4577777 1.415975 72
-2.9834347 2.452044 1.4161779 84
-3.0590181 2.4501672 1.4614507 71
-2.4374633 2.7800255 1.1820378 5
-2.7847779 2.4840281 1.3304241 78
-2.8858438 2.4697559 1.3618406 74.5
-2.608741 2.5080767 1.2344415 81
-2.6645646 2.4963114 1.2730427 81
-2.7212105 2.4958782 1.3196532 84
-2.3970571 2.6016846 1.1730922 48.400002
-2.4536061 2.5318804 1.2037864 81.800003
-2.5350556 2.5180752 1.235083 83.400002
-5.3108883 -0.011148691 2.5513167 20
-5.291214 -0.10600019 2.5544257 30.333334
-3.7590322 1.0876421 1.8365052 19
-3.7851686 1.0330436 1.8643644 24.4
-3.9249055 0.89965892 1.9985085 8
-3.9975235 0.85427797 1.9997846 6
-5.2565722 -0.21478152 2.5594075 23
-5.2763538 -0.249964 2.5869913 34
-3.6009703 1.0722549 1.8484101 15
-3.6354299 1.0186298 1.8797929 25
-3.7492046 0.96535003 1.8685846 18
-3.9055526 0.85863411 2.0112624 9
-3.9274383 0.78498745 2.0105252 5.8333335
-3.9890072 0.74133265 1.9972386 6
-5.2542295 -0.33403802 2.5913863 27.5
-3.4739656 1.097558 1.8352001 5
-3.5945854 0.94736028 1.8542906 12
-3.8795929 0.70344949 2.0112724 6
-3.9425499 0.64387023 2.0113697 6
-5.2140293 -0.42096782 2.5762081 22
-5.2549767 -0.44930959 2.6355133 28
-0.61870909 3.2884977 0.39602071 3
-3.851337 0.6171819 2.0064626 6
-3.8864198 0.5637219 2.0158393 6
-3.953233 0.53055775 2.0064144 6
-5.1954532 -0.52530932 2.5884073 25
-5.2535543 -0.55251265 2.6661904 31
-0.55420387 3.3027768 0.3813166 3
-3.804213 0.54005325 2.0054703 6
-3.8335643 0.48524487 2.0099146 6.5
-3.8988504 0.42995381 2.0136516 7.3333335
-5.1782136 -0.62947464 2.6010318 26
-5.2122688 -0.64456081 2.6718178 25
-3.7236242 0.46237171 2.0252702 8
-3.7495112 0.41737902 2.0055954 9
-3.8206587 0.3709563 2.0283797 7.25
-4.4325967 -0.60954785 2.407177 42
-4.3955755 -0.68463731 2.4017937 42
-0.23221603 0.14070529 0.88505518 8
-0.26215145 0.079252452 0.89044482 7.7272725
-0.32513526 0.019352213 0.88722634 8
-0.3795462 -0.053416863 0.88849366 8
-0.21126781 0.012870207 0.89136249 8
-0.30659705 -0.051571012 0.88925159 7.5999999
-0.37719506 -0.099538907 0.88497978 7.5
-0.16516565 -0.054054037 0.8926779 19.5
-0.23097663 -0.079374507 0.89256197 8
-0.36427131 -0.27924946 0.92173129 8.25
0.20579284 0.11008027 0.71445382 36
-0.10746646 -0.13866891 0.89040971 0
-0.17135657 -0.20850286 0.91767049 8.25
-0.23449749 -0.26573288 0.91904134 11.5
-0.29140264 -0.31011006 0.90143752 10.5
0.25615627 0.027165413 0.66805494 10.333333
-0.1943914 -0.34640074 0.89204663 26.200001
-0.24472573 -0.40206754 0.89380854 29
0.91986501 0.36438251 0.45149708 2
1.2604117 0.23089069 0.35477632 82
1.2610612 0.17495555 0.36818677 116
1.2674657 0.08758831 0.38917357 12.5
1.2130079 -0.046693385 0.42159712 53
-3.2221103 -3.9986038 2.5215309 24
-2.8121712 -3.9480865 2.4164209 25
-2.7123575 -4.0131702 2.3997698 6
-6.7711773 2.0996549 2.8265882 33
-6.8244877 2.0886104 2.8962965 34.5
-6.9036064 2.0228972 2.930989 21.5
-6.6190624 2.1071088 2.7821555 33
-6.8663144 1.9580877 2.9398363 19
-6.468986 2.1344786 2.6901708 37
-6.5367918 2.1193879 2.7371464 34
-6.8172531 1.8927383 2.9388888 17
-6.8725567 1.8355808 2.9308977 18.5
-6.4577441 2.02071 2.774884 32
-6.7865615 1.734484 2.9378026 18.333334
-6.8720603 1.6929519 2.926775 18
-6.7428169 1.6344311 2.9364457 23
-2.8775005 4.791182 1.0830917 1
-6.1466265 2.0587044 2.601748 33
-6.7129841 1.5973272 2.9421277 20
-6.7158751 1.5129776 2.9679108 16
-2.8760018 4.7211046 1.1285222 1
-2.8543139 4.5627184 1.1422842 1
-5.6772461 2.1160674 2.4902463 37
-5.7182078 2.0086703 2.521069 16
-5.4633355 2.1500406 2.365819 52
-5.6956954 1.8819577 2.5196292 16
-5.1353245 2.1844344 2.3083835 54
-5.6794519 1.7576663 2.5209866 16
-4.9564185 2.2057271 2.1990528 55
-5.6676283 1.6385484 2.5251207 16
-4.7889843 2.2235293 2.0974164 59
-5.6510754 1.5195076 2.527633 15
-4.5723772 2.2596951 2.0722311 59
-4.7177229 2.243685 2.1649852 58
-5.6240454 1.4002891 2.5255418 21
-1.1700206 5.0085421 0.4884088 34
-1.2700334 5.0074067 0.52475661 2
-4.4353318 2.2736967 1.9847748 73
-1.0699177 5.0161576 0.45201623 41
-5.3705149 1.3242712 2.5311537 43
-0.91650963 5.0319438 0.39879954 29
-2.5760071 3.6487982 1.173714 25
-3.960681 2.3812988 1.8737736 70
-4.0498142 2.364017 1.8957529 68
-0.65463233 5.0617275 0.31169343 25
-0.75990438 5.0564933 0.34730756 23
-3.8146203 2.3936694 1.7471634 60
-3.8585529 2.3870368 1.8006457 67.666664
-3.9391615 2.3747194 1.8360062 73.5
-0.54800606 5.0678792 0.2776047 21
-3.7336245 2.4008322 1.7296441 70.5
-0.24024129 5.0087328 0.1763941 15
-3.3709259 2.4113569 1.6488945 75
-3.4611368 2.4056001 1.7062083 67
-2.3710608 3.0924952 1.2216265 16
-3.1219497 2.4444902 1.5292566 69.5
-3.1953566 2.4347866 1.5740285 70.5
-3.2889087 2.4226785 1.5987847 76
-2.3288584 2.9956353 1.2250731 18
-2.4254093 2.9789724 1.2211324 18
-2.9694741 2.4661162 1.4930254 72
-3.0314212 2.4532099 1.5328311 69.5
-2.3411474 2.9109871 1.2279017 18
-2.3911998 2.8458672 1.2226646 17
-2.777442 2.4859242 1.4185125 86
-2.8642111 2.4759603 1.4411376 76.400002
0.081281424 4.8114538 0.067401767 5.5
-2.3785439 2.7695334 1.2281837 16.25
-2.5536692 2.5259364 1.3613722 70
-2.6369522 2.5056021 1.3554038 79
-2.7196863 2.4920397 1.3812684 79.5
-2.243181 2.7370117 1.243991 14
-2.2620716 2.648633 1.2352519 39
-2.3647795 2.6219828 1.2290156 62
-2.4129698 2.5455768 1.2877716 87.5
-2.513098 2.5280583 1.3258288 83.333336
-5.2735057 0.11020041 2.6562638 29
-2.1451707 2.6559992 1.2188535 30
-2.2085707 2.6269195 1.2490246 50
-2.2971997 2.569732 1.2644051 73.5
-4.1084089 0.95859969 2.0892127 9
-5.2654305 0.010037422 2.6713362 32
-5.2467966 -0.090010881 2.6795897 31
-5.2411766 -0.19105172 2.6967134 30
-3.801513 0.92608416 2.0212741 11
-3.7929149 0.85853219 2.0221596 6
-5.2219229 -0.29188061 2.7048864 29
-3.416306 1.0590756 1.8760283 22
-3.5146964 1.0233248 1.8753706 31.5
-3.5519295 0.94563627 1.9138598 2
-3.6714442 0.91051924 2.0181336 8
-3.6699228 0.84958565 2.0245974 7
-3.7769928 0.75660801 2.0214899 6.5
-5.2102356 -0.39301991 2.7199631 29
-3.220541 1.1440946 1.8438811 14
-3.3838892 0.97098339 1.8556709 14
-3.6443999 0.75549507 2.0156088 7
-3.7537899 0.6570245 2.0168824 6
-5.1955729 -0.4954474 2.7331734 30
-5.1826468 -0.59814835 2.7480896 27
-3.5355313 0.73117995 2.0211427 8
-3.5244946 0.67469394 2.0204182 9
-3.6275249 0.63406384 2.0189464 7
-3.7380466 0.55906332 2.0198884 7
-5.1642733 -0.70016646 2.7610388 27
-3.5148416 0.59211433 2.0261314 10
-3.6170242 0.54437947 2.0255594 7
-3.6096401 0.48567033 2.0307267 8
-3.4938235 0.48242223 2.0282354 12.5
-3.5863342 0.39620733 2.0281348 12.5
-3.4816468 0.39995921 2.0336056 9
-4.12745 -0.48649335 2.3822606 24
-4.0625997 -0.54884517 2.3556571 40
-3.9589596 -0.53821313 2.3608685 38
-3.994581 -0.60223818 2.4034758 40
-0.19496351 0.21495968 0.94872862 8
-0.10298508 0.20950201 0.91156119 14.941176
-0.18041781 0.17157334 0.90120113 8.1000004
-0.21022174 0.10090253 0.89385462 8
-0.00050619245 0.21564481 0.89209491 34.5
-0.056724876 0.16417575 0.89023709 25.333334
-0.12072691 0.079989135 0.89115053 13.333333
-0.14253405 0.020463675 0.89069879 33
0.064288378 0.15065676 0.89696425 31
0.022184044 0.082748324 0.89612007 31.799999
-0.047578633 0.017389268 0.89367038 33
-0.11528721 -0.032372788 0.89240533 7
0.51023126 0.29838711 0.62860405 1.5
0.19129837 0.1201238 0.7540648 10
0.10696948 -0.027120769 0.90010613 28.142857
0.029656529 -0.0761244 0.89659917 22.09091
-0.043697476 -0.1070836 0.88856852 13
-0.14640568 -0.25134265 0.93212157 13
0.71773267 0.34755796 0.62466002 3
0.65425146 0.32688051 0.65345371 2.5
0.54167402 0.29653859 0.65885603 0
0.31479245 0.050576031 0.76432699 5
0.11926514 -0.050557405 0.89907914 25
0.90341932 0.38904661 0.57060307 0
0.21579763 -0.18203852 0.89250845 0
1.004992 0.20935804 0.49872816 150
0.81399459 0.11701852 0.56416476 37.5
0.76608783 0.058109105 0.57426989 62
1.2721547 0.30642581 0.43332922 34
1.2639747 0.2424823 0.40349287 70.75
1.2727063 0.18788385 0.42373371 88
1.2690973 0.0969733 0.41431957 88.333336
1.2318881 0.077750921 0.49061286 27
1.1397065 0.034779727 0.4960019 15
1.2766418 -0.011281848 0.4334209 91
1.2202574 -0.047470927 0.43530262 65
-2.5596964 -3.8456092 2.4342504 2
-2.3267691 -3.7760947 2.3102443 10
-6.7810364 1.9684312 2.9556193 24
-2.8434186 5.0197768 1.0910209 1
-6.7784519 1.8192585 2.9689918 16
-2.6373405 5.0547023 1.0215006 0
-2.705905 5.0559988 1.0859567 0.66666669
-2.7651563 5.0297904 1.1119194 0
-2.8407884 4.9292827 1.1319947 0
-6.7511139 1.6653376 2.9704599 17
-2.4817233 5.0678101 1.0280459 0.33333334
-2.5635133 5.0486045 1.0319862 0.33333334
-2.8579078 4.8006172 1.1924859 14
-2.287076 5.1253185 0.95792425 1
-2.3573809 5.083724 0.96098858 1
-2.4305768 5.0749011 0.98843092 1
-2.1415482 5.1078887 0.89037728 6
-2.2305315 5.0910945 0.92061919 4.25
-2.7502139 4.572957 1.136176 1
-2.8476806 4.4890046 1.1630489 1
-1.9435467 5.1365471 0.81780773 7.3333335
-2.0344496 5.1297584 0.8528043 7
-2.0767961 5.1009016 0.86267626 6
-5.5248795 2.1310239 2.5492768 62
-1.8100907 5.1406102 0.77547687 7.5
-1.8824923 5.1277876 0.79707938 8.333333
-5.3266239 2.1613684 2.4265041 50
-5.5268345 2.0183096 2.559166 22
-1.6129296 5.1602459 0.71421975 6
-1.6738694 5.1447902 0.72220421 5.3333335
-1.7444744 5.1417999 0.75028527 3
-5.5036287 1.896203 2.5556502 23
-1.4613323 5.1619153 0.64312565 4
-1.5444638 5.1632848 0.67994273 5.4000001
-2.6607103 4.1967335 1.2509912 9
-5.0276408 2.1999984 2.3654006 54
-5.5014744 1.7843472 2.563998 24
-1.3676372 5.1730175 0.57731652 7
-1.4192938 5.0799661 0.64146101 1.5
-4.8658166 2.22264 2.2605853 58
-5.4769392 1.667159 2.5602772 25
-1.3411589 4.9998941 0.60635072 22.25
-2.5672312 3.9925311 1.2554812 10
-5.4578419 1.5554755 2.560694 23
-1.1371341 5.0338168 0.54215211 31.666666
-1.224615 5.015389 0.58390182 26.5
-4.3450241 2.341713 2.1159294 67.666664
-5.4534206 1.4479138 2.5696912 25
-0.93322873 5.0540504 0.51575267 28
-1.0100842 5.0377007 0.51129818 30.833334
-1.0768003 5.0381994 0.54585028 26
-2.5503569 3.7177229 1.2058648 22
-4.1897936 2.3505192 2.005511 70
-4.2550044 2.3456016 2.067014 68
-0.82026052 5.0681691 0.44894338 23.333334
-0.90271831 5.0587544 0.48747718 22.5
-4.0401864 2.3659875 1.9322518 71
-4.1296439 2.3553004 1.9810437 69.5
-0.65452099 5.0618153 0.39897728 17
-0.74471521 5.0463586 0.40746617 16.5
-3.8469076 2.3518794 1.9544219 70
-0.4365859 5.1113567 0.27253819 28.5
-0.52920413 5.1157255 0.34983122 25
-3.7477109 2.369344 1.8899548 64
-0.32613397 5.1049118 0.20984542 23
-0.35698175 5.020709 0.26757121 14
-3.5048926 2.3998337 1.810818 64
-3.5731485 2.3911057 1.8173143 63.5
-3.6419349 2.378356 1.8214552 58
-0.34769773 4.9384298 0.3049078 13
-2.2004378 3.4083447 1.2230612 12
-2.246496 3.3270354 1.2223809 12
-3.3261602 2.4216113 1.7265967 71.5
-3.4226148 2.4131255 1.7560121 65
-4.5848093 1.4096029 2.346947 0
-0.22958446 4.9082832 0.28902292 13
-2.1817384 3.3187771 1.2295396 12
-2.2041233 3.2376418 1.2271944 14.333333
-2.3008878 3.1923587 1.2238348 14
-3.1565013 2.4411931 1.6747034 67.5
-3.2457173 2.427604 1.6725662 71
-4.4729834 1.358219 2.3271275 34
-4.512352 1.3327514 2.3290923 62.666668
-2.2058022 3.1641564 1.227221 18
-2.2302475 3.115736 1.2354342 17
-2.2898507 3.0563316 1.2285686 17.333334
-2.9562888 2.4701152 1.5621969 70
-3.0640149 2.4517901 1.6190146 70.333336
-0.028376818 4.8503036 0.19605696 5.8000002
-2.1440313 3.0307157 1.2579336 17
-2.2579641 2.9855869 1.2534366 16.5
-2.3037639 2.8632414 1.2552528 17
-2.7386267 2.50652 1.5178977 72.5
-2.8136644 2.4989417 1.5543137 71
-2.8905146 2.4694939 1.5153313 86
-4.468442 1.0709242 2.3661394 115
-4.5626602 1.0572883 2.3694544 35
0.059948683 4.8411379 0.19962895 9
-2.0792992 2.9470589 1.2632725 16
-2.1903982 2.9047096 1.2536038 17
-2.2231486 2.833725 1.2552257 16
-2.6046932 2.518188 1.4623688 75
-2.680151 2.514431 1.5186079 71.5
0.14826584 4.7887769 0.16978884 3
-2.0382509 2.8438647 1.2633586 18
-2.1284163 2.8441823 1.2618921 16
-2.4034686 2.5402112 1.3770508 80.666664
-2.5001469 2.5314288 1.4196743 77
-5.2756648 0.12944412 2.8013604 33
-2.0667541 2.7670412 1.2548873 16
-2.1072903 2.6610487 1.2441578 60.5
-2.1745067 2.5793641 1.2582233 66.5
-2.286803 2.5571241 1.3199238 83
-2.3538849 2.5489635 1.3216482 88
-5.2564354 0.0326159 2.8078032 35
-5.2543125 -0.064969301 2.8266082 34
-5.2437835 -0.16425443 2.8396297 32
-5.2308812 -0.26295447 2.8528156 31
-5.2149057 -0.36155772 2.8638706 30
-0.68432331 3.3107758 0.70710075 1.5
-3.5794325 0.96317589 2.0293627 7
-3.5542908 0.90145433 2.0140216 9
-5.2089667 -0.46244192 2.8819289 32
-0.5415622 3.3425307 0.66552919 0
-0.6126709 3.3067696 0.65131551 3
-0.65832782 3.2763019 0.69493312 1
-3.1071451 1.1477969 1.8485372 6
-3.1796331 1.1270425 1.8666828 27.166666
-3.2424231 1.0802212 1.8914146 58.75
-3.3502181 1.0040483 2.0183516 13
-3.3570342 0.9593209 2.0083654 11
-3.54527 0.81601477 2.0177548 7.5
-5.1902184 -0.56001067 2.8918679 31
-0.38572419 3.3246794 0.58449334 2
-2.9354415 1.1561978 1.8464768 28
-3.0556984 1.1190821 1.8834288 28.5
-3.1289144 1.0465753 1.8885536 55.666668
-3.1955025 1.0217431 1.8756088 70
-3.28392 0.93738747 2.0074825 10
-3.3289552 0.87879992 2.0029755 7.8000002
-3.3546104 0.80230677 2.003319 11
-5.180048 -0.66265178 2.9098501 26
-0.26021779 3.350843 0.55133027 1.3333334
-0.31800961 3.3220079 0.53517175 3
-2.9470031 1.0212741 1.8612083 17
-3.262032 0.81078053 2.0126541 9.5
-3.3222115 0.73448062 2.0068491 10.25
-5.1755037 -0.76765323 2.9322801 26
-3.2344923 0.73390961 2.0095463 12.666667
-3.2729125 0.65561354 2.0136065 12.666667
-3.3221478 0.58028889 2.0090847 13
-3.2217021 0.59285009 2.0126922 14.857142
-3.2754121 0.507393 2.0168743 15
-3.1529171 0.50377989 2.0196586 17
-3.2219603 0.45057619 2.0334859 13.6
-3.3167162 0.40959132 2.0732121 3
-3.1145668 0.45309937 2.0207033 13
-4.0313005 -0.52808571 2.4078436 34
-3.8412218 -0.46571171 2.3589592 39
-3.9113393 -0.50619018 2.4232652 28
-3.7510149 -0.50416601 2.3912075 50
-3.8603714 -0.55745721 2.3872313 54
-0.11406446 0.27851665 1.0298235 29
-0.0074956715 0.26080546 0.97407824 41.333332
-0.077106237 0.24906939 0.96988177 24.5
0.13456744 0.26027495 0.93386531 7
0.049689502 0.25123185 0.94842118 32.299999
0.24476588 0.26742679 0.91764379 27
0.16222948 0.23340705 0.89793611 31.5
0.11120453 0.13500041 0.89752656 31.5
0.53331673 0.38465661 0.70898962 11
0.29850107 0.20332995 0.90195692 25.200001
0.26146531 0.12520301 0.90327519 25.90909
0.1826219 0.047542453 0.90112001 27.299999
0.72158355 0.3567968 0.65174901 2
0.63773042 0.35085481 0.67270982 3
0.32501864 0.067992926 0.90444684 24.5
0.2331292 0.0095128715 0.90306157 27.666666
0.15264815 -0.030494928 0.89934087 28
0.3697421 0.0055211782 0.89807689 28.5
0.32200319 -0.08294037 0.91975069 9.25
0.27101302 -0.16743997 0.92760897 6
0.36102173 -0.19419292 0.91091305 5.5
0.46510148 -0.18250066 0.90296453 19
0.43876094 -0.24309281 0.902807 10.5
1.158008 0.29333186 0.56417692 3
1.1394827 0.21870035 0.58028477 57
0.53771448 -0.26619744 0.90723366 19
0.76959205 -0.18818688 0.80462188 11
1.3034974 0.12653899 0.48162395 56
-2.7111909 -4.0154362 2.5430543 2
-2.2436833 -3.7867439 2.4324136 4
-3.3213837 -5.6473966 3.0555964 9
-2.6606829 5.0573764 1.1268451 1
-2.5592875 5.0676823 1.0804732 0
-2.7595901 4.9287004 1.1664994 0
-2.3678579 5.0790277 1.1086404 1
-2.7589002 4.6795959 1.2528369 9
-2.0756865 5.1239452 0.98356783 6
-2.1698546 5.0952697 1.0214634 1
-1.9769704 5.1284561 0.94174975 8
-1.7808578 5.1500292 0.86287981 8
-1.8781482 5.1292582 0.89944613 8
-2.5924802 4.5455575 1.2624906 10
-5.4011965 2.157654 2.6096957 49
-5.5227103 1.9849913 2.7034287 23
-1.5835884 5.1584668 0.78367412 8
-1.683054 5.1624455 0.82432759 8
-2.631279 4.3743081 1.2583399 11
-5.2093511 2.1806598 2.4839139 55
-5.511734 1.8729777 2.7066631 24
-1.4850427 5.1674871 0.74650693 8
-2.4906564 4.2728457 1.2627656 11
-5.4928493 1.7574295 2.7056596 24
-1.3864971 5.1765079 0.70933974 7
-2.5331056 4.1393251 1.2621028 10
-4.666779 2.3048995 2.3491659 65
-5.4859738 1.6507456 2.712606 24
-1.2897947 5.0649433 0.65981215 0
-4.4695539 2.3312511 2.1824954 61
-4.5644541 2.3195662 2.2768841 62
-5.468833 1.5400192 2.7135282 26
-4.398983 2.3393252 2.1753206 62
-4.4487767 2.333462 2.2092795 60
-5.4481049 1.4323174 2.7127242 31
-1.0983658 5.0272031 0.58603758 31
-4.2124963 2.3154693 2.2025003 63
-0.8048737 5.0412493 0.48492801 22
-0.86890006 5.0497689 0.50581646 26
-4.0815506 2.3273826 2.1131907 65
-0.57128239 5.1103892 0.41957688 22
-0.61701083 5.0662169 0.4339627 21
-0.7208004 5.0490155 0.46037936 20
-3.8924472 2.35291 2.0788207 62
-3.9608455 2.3393373 2.031635 62
-0.43172002 5.1236548 0.37951183 23.666666
-0.5087111 5.1016479 0.40831065 20.5
-3.6665752 2.3794491 1.9633316 61.5
-3.7849917 2.3640089 2.0029843 60
-0.3228271 5.1151562 0.34763658 22.5
-0.3903048 5.0913897 0.35691762 25
-2.0270963 3.6533239 1.2247281 11
-2.1007144 3.5683658 1.2211995 11
-3.4564331 2.4063513 1.8910968 62.5
-3.5580163 2.3942859 1.9282023 64
-0.35335827 4.9700298 0.377478 12
-1.9986179 3.6040201 1.2264946 11
-2.048125 3.5476434 1.2369876 12
-2.1088438 3.4536495 1.2340578 12.166667
-2.1543689 3.3995597 1.2281096 12
-3.326158 2.4225559 1.8296373 64.5
-3.3891242 2.4102283 1.8060619 61
-0.31133962 4.9102135 0.33682799 8
-2.0145316 3.347585 1.2683734 13
-2.1360264 3.3292007 1.2443306 14
-2.180943 3.2327309 1.2629077 15
-3.1076026 2.4663785 1.7886063 71
-3.2186944 2.4372544 1.749988 75
-0.09993577 4.8702278 0.30208492 6.5
-2.0539949 3.2476346 1.2632198 13
-2.0918016 3.1589468 1.2609668 16
-2.9137807 2.4875124 1.6713769 68.666664
-2.9930279 2.4787676 1.724035 65.75
-4.2617831 1.3376985 2.3506901 50
-4.4002552 1.2821769 2.3450491 61
-0.01186657 4.8251781 0.28019643 5
-1.9255233 3.2415574 1.2675916 14
-1.9675775 3.1648147 1.2658551 16
-2.7181621 2.5050967 1.5651807 68
-2.7976749 2.5010386 1.6262711 71.199997
-2.8695445 2.4908659 1.6687807 71
0.16802263 4.7978649 0.29629612 0
0.071628809 4.8211927 0.28454518 4
-1.9095042 3.0616198 1.2665668 16
-2.0249877 3.052248 1.2635688 17
-2.6656876 2.515358 1.5589837 73
-4.4483104 1.0318575 2.4032545 65
-1.9689435 2.9702404 1.2667747 16
-2.002167 2.8995273 1.2620956 18
-2.1930854 2.5739648 1.4664969 76
-2.0102973 2.5960953 1.3893926 76.333336
-2.0860779 2.584547 1.419239 73.666664
-1.8168827 2.6187396 1.3000323 83.25
-1.8933189 2.6069188 1.3382748 78.699997
-1.9653367 2.6013768 1.3694732 75
-1.5486375 2.7320418 1.2189846 60.25
-1.6118398 2.7153854 1.2409213 63.777779
-1.6957073 2.6430252 1.2529359 68.300003
-1.7687392 2.6215796 1.2863135 80
-0.57230031 3.318171 0.72754037 2.5999999
-0.64253581 3.3063273 0.76153892 2
-0.37047029 3.3509653 0.66153228 1.75
-0.44500482 3.3226085 0.71023494 2.5999999
-0.52156687 3.2970166 0.75189269 3
-2.9946494 1.109483 1.9123925 45.5
-3.1731274 0.97499257 2.0110979 15
-3.2778614 0.95694673 2.0176578 11.666667
-0.22039497 3.3549063 0.61495906 2.4000001
-0.3054682 3.3450322 0.66144627 2.3333333
-2.6913686 1.2162595 1.8507298 4
-2.7915983 1.164634 1.8865042 30.166666
-2.8934064 1.1087384 1.8893083 34.333332
-2.9894137 0.96842253 2.010664 15
-3.0815692 0.94706774 2.0177763 14
-3.1706009 0.86928415 2.0165083 15
-3.2689579 0.86218691 2.0197811 8
-2.7116556 1.1843371 1.8800795 20
-2.7287672 1.1040473 1.8886321 41.200001
-2.7926795 1.0770893 1.8742414 33
-2.9911284 0.9241963 2.016504 15
-3.0143871 0.86134988 2.0163884 14
-3.0768204 0.80076277 2.0261898 13.5
-3.1600022 0.73674726 2.0192034 15
-2.6288126 1.0718467 1.8696424 12
-2.9802978 0.76760435 2.0224304 16.5
-3.0642576 0.70382583 2.0258284 14
-3.1502075 0.63317585 2.0246365 15
-2.8842227 0.68821687 2.0163941 17
-2.9659824 0.65769804 2.0247109 16.333334
-3.0525312 0.58504701 2.0342166 16
-3.1404808 0.55598235 2.0283546 15
-2.8770514 0.62000155 2.0189455 18
-2.9241705 0.55836225 2.0263872 17.666666
-2.9878492 0.48769021 2.033308 20
-3.0291715 0.44339824 2.0392637 13
-2.7969251 0.53846914 2.0165539 22.5
-2.8597233 0.50844646 2.0231507 18.5
-3.612283 -0.52443087 2.4176326 48
-3.7138844 -0.60125697 2.4179845 54
-3.3109193 -0.51075161 2.3684468 92
0.039164573 0.30440772 1.053901 30.799999
-0.055835217 0.29280806 1.0600288 33.5
0.16162831 0.28992221 1.0010614 32.153847
0.083970785 0.28541768 1.0088975 37
0.41560203 0.38515788 0.87941551 24
0.40459502 0.3150726 0.96546149 31
0.30282581 0.2960093 0.96326911 43.400002
0.51238561 0.30910099 0.92124009 59
0.4226768 0.25741005 0.9159103 29.6
0.36268187 0.20705849 0.90516853 25.799999
0.57344681 0.23244667 0.90901124 30
0.47735578 0.1768657 0.90928328 25.5
0.42387849 0.11400628 0.90233749 27.333334
0.58248329 0.18731886 0.90278971 25
0.53754878 0.14141548 0.90275759 25.5
0.44047999 0.056254268 0.90082276 25
0.65661812 0.06007725 0.90633678 23
0.56335074 0.0017818809 0.9028942 21
0.52124768 -0.10266763 0.93361253 2
0.43863797 -0.15428701 0.93505299 5
1.2006589 0.33054805 0.63113832 4
0.59047681 -0.11184698 0.92817557 9
0.51201814 -0.14812678 0.92456949 11
1.1639709 0.25937104 0.64161777 40
1.1290361 0.18956017 0.65234172 62
0.67404097 -0.17249763 0.91737986 17
0.60712141 -0.24600002 0.91019142 20
1.1437187 0.13946044 0.66748899 54
0.84828639 -0.16332465 0.80898774 77
0.74610656 -0.19883287 0.91384685 17
0.83897704 -0.45100781 0.92763555 0.66666669
-2.1592476 -3.881995 2.44101 30
-2.0661111 -3.9400117 2.4286566 11
-2.9817986 -5.5042877 3.0765696 19
-2.5156679 5.059936 1.174943 0
-2.0627804 5.1168709 1.1022751 7
-2.1550157 5.0912395 1.1379348 3
-2.2505362 5.0842104 1.179087 3
-2.5559623 4.745266 1.2712135 9
-1.8738669 5.1476774 1.0275182 7
-1.9644486 5.0994625 1.0589058 4
-5.5430384 2.1044235 2.7053432 21
-1.7779963 5.1457682 0.98881084 7
-2.3999987 4.5796647 1.2704523 9
-1.5883168 5.169178 0.91716903 7
-2.4472761 4.4221177 1.2668943 11
-1.3989081 5.1618662 0.84327084 1
-1.4939647 5.1432023 0.87658644 3
-4.8312478 2.2868776 2.4696147 61.5
-4.9114423 2.2818029 2.5228724 56.5
-4.685874 2.3080878 2.3700995 60
-4.752656 2.3018658 2.4072237 59
-1.1232442 5.011508 0.72117746 34
-1.2154381 5.0003586 0.75333208 21
-4.3488483 2.2999663 2.2974577 58
-4.4958572 2.2829638 2.3994987 53
-1.028775 5.0218582 0.68945229 28
-0.83878493 5.0444121 0.62854218 24
-0.93450189 5.0294366 0.65825713 27
-4.0066538 2.3434925 2.1609497 64
-4.1213665 2.3260527 2.2424538 60
-0.69631982 5.0438051 0.58178878 18
-3.8373728 2.3602405 2.1337209 67
-3.9406781 2.3470926 2.2116964 63
-0.4433198 5.0976596 0.50971854 22
-0.55630231 5.0259447 0.53447568 18
-1.8483611 3.9121084 1.2251039 11
-1.9184818 3.8453007 1.2423033 12
-3.6084733 2.3934805 2.044956 60
-3.7127151 2.3715785 2.0824718 66.5
-0.34335542 5.1006899 0.47948706 21
-1.886891 3.8241763 1.2265351 12
-1.955265 3.7353754 1.2327729 11.6
-1.9951724 3.6552696 1.2466961 11
-3.5203259 2.3987267 1.976666 64
-0.24778748 5.0823288 0.44898093 21
-1.8729224 3.6288116 1.2704947 11
-3.211834 2.4581809 1.910985 67
-3.293371 2.4480653 1.9468274 65.5
-0.1979816 4.8966408 0.4096204 1
-1.9226667 3.53181 1.2694147 12
-1.9682944 3.430572 1.2665733 12
-3.0742044 2.470602 1.8268026 68.666664
-3.1541231 2.4638762 1.874361 69
-1.813944 3.4572752 1.2764453 11.5
-1.8833536 3.3320611 1.2734041 13
-2.9821939 2.4789429 1.7748611 67.333336
-0.012275696 4.8603296 0.35252523 8
-1.7134247 3.3769426 1.2765412 12
-1.7612593 3.3095498 1.2762767 15
-4.1370015 1.3774334 2.3668363 12
-1.8064282 3.2356176 1.2729909 15
-1.8485157 3.1566882 1.2673537 15
-2.5440125 2.5311894 1.6716192 72
-2.6288838 2.5129006 1.7238652 65.5
-3.9932036 1.3347945 2.3592758 59
-2.3276451 2.5519648 1.6073815 72
-2.3948359 2.545728 1.6103184 70
-2.480499 2.5366652 1.6539119 67
-5.1937742 0.2518208 2.9658561 21
-2.1923814 2.5711482 1.5180606 74.166664
-2.283201 2.5584567 1.5580262 73.285713
-5.1548901 0.097618103 2.9719996 21.5
-1.994813 2.5962381 1.4411377 76.166664
-2.0945847 2.5831447 1.4773088 78.5
-5.1110973 -0.054829359 2.9740415 21
-1.4336618 2.9727197 1.2511158 18
-1.4878824 2.9063098 1.2574042 17.75
-1.5446084 2.8603876 1.2755561 21
-1.85958 2.6032641 1.3920029 74.25
-1.92703 2.601012 1.4383152 73.5
-5.0771756 -0.15468574 2.9738545 21
-1.4099501 2.9093633 1.2531106 16.5
-1.4697968 2.8495617 1.2440772 16.666666
-1.5034463 2.7455835 1.2149835 50
-1.5856974 2.7088211 1.2678236 71
-1.6427536 2.6257482 1.3302644 75.75
-1.7387756 2.6168444 1.3670886 78.25
-5.0509186 -0.25623798 2.9808359 21
-1.4579704 2.7004783 1.2666782 56.25
-1.5405333 2.6443605 1.2946101 65
-1.5804307 2.6338205 1.3341839 72
-4.9337215 -0.22825718 2.9780002 21
-5.0110526 -0.35357761 2.9771366 21
-0.51086342 3.3031673 0.83705497 1
-0.59885502 3.2972736 0.85674137 2
-4.9050989 -0.32412934 2.9853659 21
-4.9793482 -0.45444727 2.9821513 21
-0.31745124 3.342237 0.71660894 3
-0.39189243 3.3068802 0.80986893 1
-0.45178974 3.3065753 0.82387722 1
-4.8653231 -0.41666734 2.9841027 21
-4.9450922 -0.55305386 2.9848499 21
-0.14477992 3.3723826 0.64748728 3
-0.1921134 3.365416 0.69041866 1
-0.25954986 3.3302081 0.74491084 2
-0.3301276 3.3110306 0.79779053 1
-2.8993349 1.0302482 2.0049763 18
-3.002285 1.0171435 2.0229361 15
-4.8328114 -0.51045215 2.9887271 21
-4.9067264 -0.65080202 2.9860067 21
-0.086721659 3.3855431 0.68114817 0
-2.5635731 1.1822437 1.8974333 34
-2.6573963 1.1690155 1.8935945 36.25
-2.7397385 1.1445584 1.9069779 44.5
-2.7970371 1.037998 2.0191469 22
-2.8505876 0.99585891 2.0098305 19.5
-2.9001393 0.93816382 2.0099545 15
-4.7916808 -0.60207236 2.9889884 21
-2.4177072 1.2239697 1.8600895 59.400002
-2.4996152 1.1710032 1.8989463 41.285713
-2.5729327 1.1266395 1.905103 47.5
-2.7392213 0.96969646 2.0173192 17
-2.8016379 0.91884416 2.0128324 16.888889
-2.8726602 0.85095662 2.0139074 16
-4.7609873 -0.69642174 2.9975338 23
-2.3647797 1.1217785 1.8773556 29
-2.4559371 1.1048266 1.8908782 37.333332
-2.6541831 0.86693013 2.0226898 22
-2.7502246 0.83379632 2.0146995 19
-2.8153 0.77199864 2.0151813 18
-2.8945489 0.75604284 2.018189 16
-2.6729417 0.78600574 2.0265615 23
-2.7444673 0.69849449 2.0190814 20.571428
-2.8176408 0.64459497 2.0215738 19.200001
-2.9970002 0.44083941 2.1132331 4
-2.6210217 0.68370157 2.0302868 23.666666
-2.7023032 0.61901665 2.0270438 21.799999
-2.7643018 0.5648092 2.0267186 22
-2.8060021 0.47939688 2.0476999 9
-2.5705042 0.60958242 2.032449 29
-2.6109624 0.55669212 2.0352712 25.5
-2.7153146 0.50905299 2.0419445 18
-2.5462885 0.51993632 2.0386686 14.5
-3.75265 -0.47484827 2.5212514 3
-3.4318063 -0.42199624 2.4407091 21
-3.3136008 -0.43483818 2.3983719 58.333332
-3.1708813 -0.42680633 2.396251 56
-3.2262049 -0.47953868 2.4032118 85.666664
-3.1183081 -0.50174248 2.3848393 48
0.12625062 0.34499279 1.1171622 9
0.073959142 0.33315471 1.1151837 14.666667
0.26448661 0.33543345 1.0616572 38.57143
0.19152898 0.32953334 1.0755439 27
0.43387079 0.38033611 0.95528388 91
0.3856523 0.35318559 1.0382521 37
0.34160548 0.34220296 1.0500804 35
0.52605158 0.33142704 0.95731556 30
0.77603447 0.35450226 0.92021668 22
0.67297584 0.29528838 0.90929651 32
0.60438889 0.29614699 0.9290067 19.5
0.88072544 0.31765729 0.89076781 7
0.86704737 0.23434091 0.91042233 20
0.80510312 0.1782499 0.90932441 21.5
0.72022939 0.10850734 0.90761423 22
0.88870823 0.052215934 0.90570533 12
0.72906864 -0.078232348 0.97968161 11
1.1474131 0.19107038 0.75884056 24
0.97632378 0.083481073 0.91666007 20
0.92219442 -0.00098478794 0.93422496 3
0.77981406 -0.10574657 0.94135553 5
1.141938 0.11996925 0.76867163 22
0.85836422 -0.13484192 0.90880823 24
0.80752325 -0.16928673 0.91368157 18
1.1090126 -0.27070194 0.91364408 19
1.074774 -0.27245909 0.90312612 16
0.97103065 -0.3939842 0.92932689 15.5
0.90376902 -0.42433733 0.92751592 15.333333
1.1342411 -0.2705459 0.92000848 9
1.0852623 -0.35367459 0.93406987 16
0.99867183 -0.40437859 0.93235743 16.5
0.94352943 -0.43325227 0.93081087 7
4.6134396 0.58466721 -0.41285682 17
5.4804001 1.2975953 -0.8173449 3
5.3256083 1.1316948 -0.77224112 19
4.5803437 0.44797254 -0.38515723 71
5.2368131 0.9794693 -0.73690116 39
5.3836884 0.84582162 -0.73242807 61
-1.5562112 -5.3038225 2.6629419 6
-1.9525881 5.0802641 1.1628854 12
-2.04197 5.0559587 1.195214 28
-2.1254756 5.0011253 1.2210238 0
-2.2901132 4.8920441 1.2728081 2
-1.7728869 5.1282501 1.0990834 3
-1.8640289 5.1189547 1.1337782 3
-2.3495319 4.7397881 1.2735643 9
-5.1763663 2.2514534 2.7228639 56
-5.2120466 2.2526495 2.7348006 58
-5.2810178 2.2384007 2.7895179 50
-1.5901781 5.1545701 1.0325342 4
-1.6812152 5.1302843 1.0643532 3
-5.008204 2.2718446 2.5954154 58.5
-5.0931721 2.2660398 2.6563008 53.5
-1.4059874 5.1515346 0.96397352 3
-1.4970412 5.1261554 0.99384207 4
-1.3140886 5.1359634 0.9278326 0
-4.8194304 2.242135 2.6286781 52
-4.6601753 2.2675266 2.5146518 53
-1.1387615 5.011972 0.84615344 21
-1.2291297 4.9962926 0.87416667 20
-4.3910356 2.3032267 2.4385238 53
-1.003165 5.0274487 0.80172026 22
-4.2128248 2.3210645 2.3636942 56.5
-0.77284622 5.0542331 0.73066294 22
-0.86517906 5.0446048 0.75940204 20
-4.0531068 2.3350403 2.2958004 60
-0.68244696 5.0495353 0.70176899 20
-1.6684542 4.2152066 1.2312165 10
-1.7112206 4.131218 1.2290626 11
-1.786833 4.1512656 1.2757587 10
-1.8499364 4.0119877 1.2713203 12
-3.780529 2.3648548 2.178849 64
-3.8822687 2.3564897 2.2597699 64
-0.44231415 5.0875525 0.6345849 22
-0.59686828 5.0157161 0.66975975 20
-1.7767091 4.0215397 1.2266347 10.25
-1.810316 3.9443045 1.2263851 12
-0.29584432 5.099741 0.59395468 23
-1.702886 3.9476285 1.2759104 12
-1.7632312 3.8421376 1.2755781 12
-3.4042361 2.4388931 2.0710905 61.5
-3.4597297 2.4323258 2.1218998 63.666668
-1.8187501 3.7268276 1.2709684 11
-3.2027159 2.4603176 1.9481641 68
-3.2778251 2.4501934 1.9901097 64
-3.3596513 2.4434717 2.053021 66.5
-0.25122523 4.9040585 0.54947412 9
-1.6261371 3.7645075 1.2825658 12
-1.6836355 3.6767192 1.2815132 11
-1.738451 3.5947666 1.2817804 11
-1.5570364 3.5929973 1.279187 11
-2.853245 2.4910958 1.8797559 64
-2.9184816 2.4793625 1.926366 69
0.0047779083 4.8173604 0.4661994 3
-1.6115574 3.526484 1.2810496 11
-1.6646428 3.4611804 1.2822219 11
-2.7088974 2.5024657 1.8057626 64.5
-2.7723479 2.497339 1.8517299 64
0.097688913 4.8117266 0.44088542 7
-2.5280399 2.5264993 1.7284622 74
-2.5835471 2.5245051 1.7903463 65.199997
-2.634577 2.5122457 1.829645 65
-2.3192468 2.5551126 1.6665597 75
-2.398356 2.546802 1.7004725 72.75
-2.4754882 2.5334935 1.7297363 71.5
-3.7273405 1.4305992 2.3584814 67
-5.0979905 0.25285149 2.9726722 22
-2.1667461 2.5725079 1.6255739 68.599998
-2.2462981 2.5607593 1.6702112 68.5
-4.9946423 0.23162723 2.9678035 21
-5.0756607 0.17985845 2.9954629 20.5
-1.3698277 3.0922821 1.2848035 17
-2.0306795 2.5876877 1.5756119 66.833336
-2.0823016 2.5778749 1.6297463 65
-3.6937447 1.1368716 2.3915741 89.5
-3.7855036 1.1476489 2.3819494 114
-4.9212837 0.20705152 2.9758344 20
-4.9785357 0.13659716 2.9824939 21
-5.0458488 0.079144239 2.9968174 20.5
-1.225505 3.1877365 1.2523676 15
-1.262202 3.1108372 1.2499046 16.5
-1.3410316 3.0419641 1.2521424 17.25
-1.4233706 2.9724393 1.264773 18
-1.8421665 2.6074646 1.5043507 71.5
-1.9250519 2.5975332 1.5529196 67.5
-3.6555388 1.1522498 2.3936524 76
-4.8720064 0.071849108 2.9832864 21
-4.9352856 0.04460454 2.9778187 21
-5.0221348 -0.021071196 3.0023017 21.5
-5.0059214 -0.10594082 3.0248811 20
-1.2158833 3.0577269 1.2540815 16.666666
-1.289718 2.9950466 1.2655802 16.4
-1.3604963 2.9341176 1.2612023 16.666666
-1.4110081 2.8548362 1.2770259 17
-1.6361368 2.6309009 1.4247371 72.5
-1.7250847 2.6211476 1.4496721 73
-1.7801526 2.6108956 1.4669093 69
-4.8627634 -0.054266453 2.9857256 21.5
-4.9683533 -0.1341002 2.9783123 21
-4.976305 -0.2094264 3.0267653 20
-1.2397366 2.8544948 1.2819216 16
-1.3543427 2.7356544 1.2728691 51.5
-1.4983958 2.6427944 1.3611023 80.333336
-1.5768559 2.6329582 1.3951386 72
-3.3455143 1.1076667 2.3052785 25
-4.7950501 -0.13399625 3.0070391 20.5
-4.8710041 -0.13956928 2.985683 20
-4.9435005 -0.31033611 3.0282042 20
-1.1323898 2.7640386 1.2712287 36
-1.2278886 2.7453144 1.2726219 48.666668
-1.2811935 2.681637 1.2853606 60.5
-1.3808796 2.6543546 1.3127799 75
-4.7418451 -0.23222852 2.990397 20
-4.803875 -0.25341845 3.0000677 20
-4.9228687 -0.41424799 3.0396326 20
-1.0905199 2.7714109 1.2611011 23
-4.7397695 -0.34434903 3.0048754 20.333334
-4.8876915 -0.51457262 3.0412354 20
-0.19627392 3.3360386 0.77802271 1
-4.698256 -0.40326059 3.0159347 21.5
-4.7103052 -0.49600005 3.0152223 21
-4.8616133 -0.61780262 3.0506973 20
-0.057984948 3.3569674 0.75742811 1
-0.12779808 3.346591 0.7679382 0
-4.6271935 -0.48407435 2.9988604 19
-4.6806021 -0.58787084 3.0231557 21.5
-4.8219271 -0.71682036 3.0494785 20
-2.3268139 1.2521133 1.8993257 103.5
-2.4066334 1.2007558 1.9135423 35
-2.4545958 1.1789062 1.9240192 43
-2.617383 1.0533054 2.0231194 21.25
-2.6549582 0.98698473 2.0199881 20
-4.5829072 -0.56402326 2.9971662 25
-4.6387868 -0.67543221 3.0203667 21
-2.1951959 1.2448173 1.889998 52.25
-2.2635701 1.2104721 1.8947074 31.214285
-2.3614113 1.1510885 1.9048171 54.666668
-2.4223759 1.1361834 1.9030932 43.5
-2.482712 1.0371875 2.0243635 25.363636
-2.560503 0.96995443 2.0234706 24.181818
-2.6320422 0.91744113 2.0220404 23.333334
-4.5443282 -0.6466248 3.0021343 23
-2.1436069 1.2527878 1.8743258 71
-2.2272789 1.1480546 1.8960923 33.454544
-2.2898111 1.1130434 1.8807645 32.666668
-2.4256756 0.9512195 2.0261807 28
-2.4901052 0.90118235 2.0279901 25.125
-2.563287 0.83529556 2.0271244 25.333334
-2.3924742 0.8844372 2.0288622 29.5
-2.4229403 0.82657194 2.0297551 30.692308
-2.5155718 0.75928336 2.0288336 28
-2.5664282 0.7089631 2.0290949 27.200001
-2.3752193 0.74698293 2.0338244 32.76923
-2.4337258 0.68564749 2.0331335 32.307693
-2.5251832 0.61457419 2.0333688 29.555555
-2.3244174 0.65640354 2.0404468 35.285713
-2.3849001 0.60505784 2.0382874 35.142857
-2.451858 0.54641926 2.0412874 22.25
-2.5206776 0.51380652 2.040607 14
-2.3266089 0.56009227 2.0461707 27.166666
-3.0843318 -0.40613925 2.4086275 47.5
-2.9990025 -0.44205976 2.4013839 59.5
-3.0404842 -0.47281325 2.4176955 65
-2.8174324 -0.39280945 2.3958204 64.5
-2.7324519 -0.43362713 2.3213387 134
0.33034712 0.36982799 1.1243279 11
0.23000193 0.36323884 1.1301527 6
0.50303763 0.37854356 1.0582486 26
0.42429841 0.37955958 1.117479 16.333334
0.33456457 0.35666734 1.1042404 24
0.55591786 0.38179088 1.0985367 32
0.78204906 0.36988121 0.99152815 5
0.92344397 0.38791835 0.96073586 27
0.83934385 0.35336012 0.97159398 77
1.0269413 0.37631679 0.919451 20
0.91486406 0.27196938 0.91353148 23
1.1408867 0.25903124 0.90297955 3
1.1316134 0.20940089 0.91550267 10
1.09182 0.16461068 0.91941756 20
1.0278096 0.12442636 0.91582769 19
1.1595678 0.003465116 0.91690445 8
1.1087589 -0.040074706 0.92328763 21
1.1518894 -0.35679263 0.93591392 15
-1.6302187 -3.7228708 2.5477939 3
-1.4966989 -3.7587543 2.4698792 30
-1.3894885 -3.8312314 2.4701285 24
-2.9739096 -5.442728 3.2240052 18
-2.867471 -5.605103 3.2331338 16
-2.5393758 -5.4590473 3.0992479 17
-5.3707218 2.2284532 2.8666096 51
-5.4190736 2.2309191 2.8805051 53
-5.4942598 2.1616619 2.9572294 35.333332
-5.2704577 2.243691 2.7946661 54
-5.4867506 2.0120859 2.966855 17.75
-5.0169253 2.2259455 2.7691441 50
-5.4504642 1.9194357 2.9646587 21
-5.4707613 1.8805318 2.9663048 20
-5.4546394 1.7817297 2.9637971 21
-4.6863403 2.2665706 2.6584589 46
-5.4090762 1.7130216 2.9685221 20
-4.5301838 2.2845845 2.542443 52
-5.2908616 1.640363 2.9869821 20
-4.4242706 2.2925129 2.5852976 59
-1.6483936 4.4535732 1.285058 11
-4.2914176 2.3062959 2.4800549 55
-1.5053014 4.5095677 1.234508 11
-1.5103475 4.4038057 1.231809 10.666667
-1.581393 4.3826857 1.2334843 11
-1.7198236 4.2937241 1.2794058 10
-3.9823446 2.3430114 2.3409801 64
-4.0974798 2.3342988 2.4340014 61
-1.5880573 4.3040671 1.2324997 11.333333
-1.6434278 4.246356 1.2335362 10
-1.5705415 4.1915188 1.2831492 12
-1.6388298 4.0648112 1.2783725 12
-3.5704448 2.4165733 2.2137036 66
-3.6371393 2.4110465 2.2790213 67.5
-3.4787364 2.4335141 2.1588228 58
-3.5281715 2.4279537 2.1926091 61.5
-1.5020721 3.9572604 1.2872698 12
-1.5651402 3.8601229 1.284328 12
-3.2181642 2.4449725 2.1527586 57
-3.0276604 2.4765611 2.0826771 58
-3.1044264 2.4633965 2.0666089 60
-1.3780781 3.8167605 1.2814218 8
-1.470006 3.7183774 1.2858313 11
-2.8787923 2.4877026 1.9959552 63.5
-2.9730875 2.4768682 2.0025709 61.5
-2.688482 2.5123162 1.8987664 64
-2.7795889 2.4993546 1.9444892 62
-2.5176675 2.5333028 1.8961517 70
-2.6300404 2.5189712 1.8740319 72
-2.3364081 2.5539618 1.8070157 67.800003
-2.4308333 2.5428662 1.8172483 65.333336
-3.6356349 1.4337908 2.3750923 29
-2.1626163 2.5714304 1.7078708 66.5
-2.2431815 2.5655668 1.7534732 66
-3.5294504 1.4430861 2.3818007 24
-4.915586 0.26315784 3.0222631 20
-1.1364038 3.3028913 1.2685728 21
-1.2254813 3.2668731 1.2925972 20
-1.2865674 3.1821666 1.2836941 17
-2.0450201 2.5853047 1.6521832 66
-2.1103544 2.5808802 1.6954654 72
-3.4070015 1.4325843 2.3702459 49
-4.8846979 0.16640425 3.0183113 20
-1.0281867 3.3093593 1.2499313 19
-1.0690207 3.2463787 1.2545686 13
-1.1447223 3.185339 1.2689233 15
-3.5611651 1.1532446 2.414856 50
-4.7124949 0.17876101 3.0314608 21.5
-4.8619947 0.070121288 3.0213428 22
-0.95645702 3.2469969 1.2578843 13
-1.0245925 3.1792636 1.256829 14.75
-1.1142135 3.119612 1.2542441 16
-1.1783091 3.0725224 1.2673444 16
-3.3324404 1.1871891 2.40517 55
-4.6802635 0.045013428 3.036447 23
-4.8427658 -0.026707172 3.0277863 20
-0.64664757 3.3253636 1.1180105 1
-1.0315068 3.0514028 1.2979405 12
-1.111908 2.9859147 1.2956018 15
-1.1889007 2.921773 1.2940174 16
-1.4287937 2.6670685 1.5149918 77.5
-4.6575928 -0.042174578 3.0379684 20
-0.54298377 3.3225954 1.0824107 0.5
-0.62974787 3.3007035 1.0896504 1
-0.95679712 2.9288347 1.297837 15.5
-1.2314409 2.6866968 1.4251528 77.333336
-1.3271663 2.6732824 1.4686904 78
-4.6337647 -0.13121605 3.0415452 21
-0.40011334 3.31991 1.0372038 1
-1.0402966 2.8230941 1.2706661 17
-1.0394022 2.7079005 1.3516514 77
-1.117007 2.6957331 1.377588 78.166664
-1.1974297 2.6827283 1.4106829 74
-4.6053462 -0.21865892 3.0400848 22
-0.30167389 3.3178387 1.0136912 1
-0.90852535 2.7183154 1.3088149 74.800003
-0.99883026 2.7036057 1.3328657 78
-4.5729628 -0.35028791 3.0505466 21
-0.8080256 2.7367489 1.2873752 67.333336
-4.530241 -0.48057258 3.0529895 22
-2.5226049 1.1386316 2.1335499 150.5
-4.5089321 -0.56969047 3.0627828 21
-2.179785 1.2566062 1.9129958 79
-2.228117 1.2281699 1.9307153 83.333336
-2.304162 1.1255081 2.0475395 30
-2.3785753 1.1033912 2.0470333 42.599998
-2.4468651 1.0891324 2.0347888 26
-4.4728975 -0.653543 3.0602703 21
-0.0062787533 2.9743423 0.94178033 20
-2.0877755 1.2709601 1.8918645 131
-2.1305652 1.2167971 1.9211293 42.857143
-2.1635077 1.1801575 1.953841 78.666664
-2.254961 1.0835426 2.0335441 29.875
-2.3307416 1.0333521 2.0294149 26.875
-2.3813443 0.9834947 2.0264244 25.75
0.019954681 2.8764806 0.95421273 44.333332
-2.2006302 1.0125868 2.0354846 31.571428
-2.2641168 0.94818133 2.0355201 30.846153
-2.3345404 0.8970719 2.0342605 30.4
0.092968583 2.8100004 0.96437818 23
0.040418625 2.8225169 0.97267389 44
-2.1629255 0.94429076 2.0351496 34
-2.1982975 0.87237418 2.0380569 38.111111
-2.2819796 0.81409049 2.0395048 36.153847
-2.3165157 0.7391389 2.0414925 34
-2.1519167 0.79323775 2.0446339 46.25
-2.224432 0.73283124 2.0418496 43.454544
-2.2632146 0.6752516 2.0440986 42.200001
-2.4377294 0.52206713 2.1521749 4
-2.1480975 0.66242915 2.0493016 49.375
-2.2250013 0.5980193 2.0440741 39.090908
-2.2634997 0.53812873 2.1137526 9.5
-2.3595567 0.52545428 2.1371384 2.6666667
-2.1134541 0.58189082 2.0489805 39
-2.1515822 0.56324512 2.0543737 23
-2.8370352 -0.36103094 2.4773808 7
-2.7607734 -0.37065804 2.4288101 49.666668
-2.6329703 -0.37605619 2.411016 70.75
-2.7196572 -0.42435455 2.4047327 73
-2.5703483 -0.41638339 2.3959246 81
0.53112197 0.40187806 1.1415765 3.5
0.64001548 0.41185814 1.118909 15
0.56797302 0.4081099 1.1349506 5
0.7923066 0.39112854 1.0384917 9
0.72254092 0.40609074 1.0645328 25
0.93928516 0.4003166 1.0559388 17
0.86464435 0.38894296 1.0575635 15
1.0728024 0.4254719 1.0009696 6
-1.3676707 -3.6774292 2.5503464 2
-1.5109349 -3.7690856 2.5539823 14
-1.2098426 -3.6940503 2.4727058 3
-1.3828423 -3.7740111 2.5566862 25.5
-1.1121936 -3.6638169 2.4216022 68
-0.92291212 -3.5938649 2.3177161 122
-1.0090427 -3.7103765 2.4124818 92
-1.2803702 -3.8966637 2.4664123 7
-1.429062 -4.0322981 2.6380575 22
5.4292603 1.0714698 -0.56963992 109
5.2430186 0.87540603 -0.48633695 107.5
5.3049622 0.7511065 -0.50587034 57
-5.2113953 2.2004659 2.9112043 47
-5.3071141 2.1211109 2.9816298 16
-5.0342431 2.2260063 2.9215355 50
-5.31075 2.0011351 2.9868882 16
-4.8582487 2.248718 2.7883615 48
-5.3050418 1.8788351 2.9872179 16
-5.1110106 1.9227378 2.986598 20
-5.3054895 1.7614355 2.9920304 16
-4.5645032 2.2750039 2.6947434 53
-5.1182413 1.8161139 2.9961934 21
-1.4847426 4.7610502 1.2891946 12
-1.5693408 4.600637 1.2870468 11
-4.3365073 2.3101246 2.630568 57
-5.1201401 1.7076932 3.0021367 20
-1.3361332 4.7718787 1.2346964 11
-1.3990411 4.632319 1.2345161 11
-4.2139277 2.3217618 2.5291784 57
-1.3122596 4.6409893 1.2345611 11
-1.3716402 4.5651846 1.2332141 10.5
-1.4449638 4.5013065 1.2324765 11
-3.8792448 2.3880289 2.4748375 64
-1.4183251 4.4474697 1.2890978 11
-1.4977187 4.3268147 1.2892251 10
-3.7452204 2.4010243 2.3696842 65
-3.8164973 2.3919787 2.4432087 66.333336
-3.6974378 2.4035778 2.3440921 63
-1.2854599 4.2865973 1.3007498 10
-1.3614036 4.1817698 1.2981265 10
-1.4337523 4.0635915 1.2911658 12
-3.3948011 2.4322176 2.2962499 54
-3.4776821 2.4146938 2.3626628 62
-3.1731677 2.4590354 2.2014055 56
-3.2793078 2.4475579 2.2474489 55.5
-1.2412431 4.0148048 1.2958694 9
-1.3114802 3.9013481 1.2841923 8
-2.9986382 2.4755566 2.1296527 56
-3.0810308 2.4663577 2.1624248 58
-2.8526056 2.4942286 2.0661635 63
-2.93927 2.4828115 2.1228609 59.333332
-2.6600041 2.5188887 2.0360956 65.5
-2.7614584 2.503099 2.0481141 66
-2.5171132 2.5356574 1.9699831 66.75
-2.5960979 2.5262792 2.0059037 64.25
-2.3380749 2.5553684 1.8552576 65
-2.4217944 2.546447 1.9031391 64.75
-0.90342867 3.5078089 1.2689536 5
-1.0045437 3.4327955 1.2720454 6
-1.098062 3.3838933 1.287436 6
-1.923232 2.6160481 1.8013206 66
-3.3162794 1.4661334 2.3829703 52
-0.82063079 3.4177554 1.274564 5.5
-0.90970731 3.3438563 1.2621458 21.666666
-0.96529019 3.3015404 1.2945448 21
-1.02873 3.251188 1.2946001 13
-1.754207 2.630466 1.7184238 67.75
-1.831183 2.6228209 1.7607809 67.14286
-3.0624957 1.5874425 2.3148601 5
-3.1186416 1.5049349 2.3809073 86.666664
-3.1841273 1.4561971 2.3722982 114
-4.5709786 0.28037381 3.0358448 25
-0.76191556 3.3614385 1.260267 26
-0.8542918 3.2951941 1.262128 13.333333
-0.90812266 3.2199421 1.2588011 12
-1.5641037 2.6519594 1.6154106 70.199997
-1.6350317 2.6429253 1.6518304 65.833336
-1.7012737 2.634279 1.69283 64.5
-3.1005998 1.4370916 2.366153 150
-4.5547819 0.1979301 3.0409141 27
-0.63625669 3.3456607 1.1877239 2
-0.71342766 3.3113916 1.2617679 11
-0.78541577 3.2602358 1.2846494 11.5
-0.85521984 3.1905179 1.3056145 13
-0.94609916 3.1169786 1.3007003 13
-1.3724127 2.6769922 1.5235636 72
-1.4299681 2.6653788 1.5669647 70.53846
-1.5111217 2.6553569 1.5945482 69.375
-3.12378 1.218231 2.3892481 118.66666
-3.2119102 1.2059543 2.393117 123
-4.5244493 0.075073004 3.0436554 27.5
-0.43040287 3.3489733 1.1062772 1.5
-0.50024343 3.3266697 1.1474872 2
-0.58828413 3.3054376 1.1768849 2
-0.76611495 3.0572052 1.3093626 14
-0.84991157 3.0027051 1.3047373 15.5
-1.2210248 2.6916356 1.4907953 71.800003
-1.2970934 2.6795359 1.5296011 70.699997
-1.3678359 2.6634216 1.5788165 73
-3.0393829 1.2143047 2.3854377 142
-4.4955354 -0.047900677 3.0490375 28
-0.28900921 3.3679414 1.0539414 0
-0.38014412 3.3449671 1.1189938 2.5
-0.71089554 3.0832772 1.3076086 13
-1.037246 2.7130284 1.4056706 72
-1.0831723 2.7043481 1.4595319 70.5
-1.169421 2.6936607 1.485737 69.400002
-4.4704185 -0.12911677 3.0487285 30
-0.11236882 3.3894036 1.0314415 0
-0.1852262 3.3597951 1.014477 0.33333334
-0.23593116 3.3309946 1.1067656 1
-0.88364899 2.723434 1.3938202 70.400002
-0.96821517 2.7144413 1.4140363 72.5
-2.723587 1.175557 2.2599037 150
-4.1876225 -0.020175219 3.0134559 31
-4.4432468 -0.20990396 3.0476487 30
-0.035445809 3.365993 0.98085165 0
-0.59325171 2.825604 1.2753909 30.333334
-0.68986583 2.768178 1.2978944 59.5
-0.76351857 2.7418475 1.3405396 72.666664
-0.83895862 2.7157116 1.3778787 72
-2.6399803 1.1702718 2.2216549 150
-4.1650252 -0.10146773 3.0193636 31
-4.1398916 -0.18159032 3.0210047 31
-4.4121518 -0.33196974 3.0548108 25.5
-0.49816298 2.8469114 1.2747746 47
-0.55556703 2.8281195 1.2760544 51
-0.61150968 2.7534666 1.3253903 71.333336
-4.1099315 -0.26024985 3.0207596 31
-4.3744926 -0.45229959 3.0583801 32
-2.2819571 1.157738 2.1110606 120.5
-4.0782347 -0.33863664 3.0188084 31
-4.3547487 -0.53491807 3.0676191 28
0.0021914244 2.9798007 1.0413641 18.333334
-2.1654904 1.1222966 2.0404766 31
-2.2300839 1.130208 2.0504308 34
-4.0448818 -0.41704285 3.0173671 31
-4.3191791 -0.61231112 3.060976 28
0.024362087 2.8964014 1.0021405 62
0.02478683 2.8623161 1.0504727 58
-2.1670995 1.0774151 2.0410433 35
-3.9788833 -0.48132956 2.9810715 32
0.13484836 2.8391583 1.0115612 47.400002
0.047068119 2.8034315 1.0602269 58
-3.9784629 -0.57182503 3.0174499 32
-2.7231741 -0.34639925 2.4789815 7
-2.5215671 -0.34126961 2.4255888 57
-2.3717437 -0.34955466 2.4225326 45.5
-2.4544787 -0.38244009 2.4214172 50.125
-2.2972078 -0.38085377 2.414712 43
-2.4091864 -0.41921699 2.4217863 46
0.8732456 0.44354951 1.1160879 20
0.77095026 0.44220197 1.1618029 2
1.0208094 0.43598229 1.0995992 16.666666
1.0093231 0.42969978 1.1052698 30
-1.2711344 -3.7637825 2.553339 24
-1.2748642 -3.8226268 2.5612397 23
-0.94351637 -3.6212611 2.4875803 8
-1.1652322 -3.9208398 2.5938435 17
-0.84242833 -3.6631556 2.4794509 44
-1.2836719 -4.0576973 2.6495304 20
5.2321806 0.99761844 -0.37582612 111
5.3563986 1.0081427 -0.47865653 100
5.3221059 0.98191071 -0.41341197 98
5.2486639 0.82907557 -0.39067805 102
-2.1385112 -5.3750448 3.1092618 17
5.2669706 0.80582047 -0.347031 109
5.3621383 0.70480514 -0.4362998 10
5.3536196 0.68477488 -0.38192856 19
-2.0162437 -5.4870663 3.1120715 14
-1.7338519 -6.2829232 3.1416183 2
-5.1201119 2.1523485 2.9876575 20
-4.8866968 2.2414432 2.9511123 50
-4.9446726 2.1623335 2.9990337 20
-5.1212034 2.0397305 2.9908199 20
-4.7190528 2.2588663 2.8173852 53
-4.9422007 2.056741 2.9987397 20
-1.2960074 5.0086198 1.2723594 14
-1.3922977 4.9525771 1.2984426 14
-4.4642887 2.2925751 2.7368548 57
-4.6022944 2.2761607 2.8528461 53
-4.9467812 1.953766 3.005754 20
-1.1231599 5.0394711 1.2164274 32
-1.1994274 5.0124092 1.2335272 34
-1.2421273 4.9117775 1.2349355 9
-4.9435749 1.8498718 3.0070653 21
-0.9042542 5.0511065 1.1298623 15
-1.0041622 5.0349803 1.1633341 19
-1.1234984 4.8836265 1.2409997 9
-1.174625 4.8516779 1.2380668 9
-1.25116 4.7449179 1.2559301 10.666667
-4.0305796 2.3747101 2.6322746 61
-4.0890965 2.3699253 2.6818535 60
-4.7655325 1.7813321 3.0050211 20
-4.9266305 1.7424802 2.9989409 20
-0.75458455 5.0643358 1.0788795 22
-1.2529774 4.6984849 1.2325866 11
-1.3353182 4.5897126 1.293756 11
-3.9306421 2.3879852 2.5436597 67
-4.0054307 2.3795304 2.5988522 60.5
-4.7664351 1.687862 3.0102644 20
-0.60314655 5.0687437 1.0277005 29
-0.39325261 5.0942631 0.96701038 23
-0.49793816 5.086061 0.99864316 22
-1.1187392 4.5255475 1.3099546 11
-1.2047865 4.4027834 1.3041427 11
-3.5738521 2.4043961 2.4430819 62
-3.6746128 2.3924994 2.5285382 54
-3.4121134 2.4290466 2.4053333 57
-1.0113517 4.2959499 1.3075441 10
-1.09217 4.2089434 1.3057376 10
-3.1870379 2.4528255 2.3354926 58
-3.3083332 2.443579 2.361186 55.5
-0.11786604 4.9051332 0.88357759 0
-0.2394495 4.8854442 0.87154686 3
-1.1685529 4.117857 1.3031044 10
-3.037436 2.4748259 2.2360115 59
-3.1189523 2.4632568 2.273694 56
-0.045541286 4.8497562 0.8094188 0
-2.8210166 2.5031259 2.2111359 63
-2.8532896 2.5004935 2.2118595 62
0.052717686 4.8321371 0.78001225 0
-2.6399181 2.5181513 2.0924826 65
-2.6987321 2.5142348 2.1219656 63
-2.7737851 2.5089788 2.1761787 63
0.15745997 4.8272429 0.75161946 0
-2.5880454 2.5265489 2.0499067 62
-2.2671835 2.5673497 2.0120118 66
-0.79691255 3.6879878 1.3020483 5
-0.8783828 3.6108575 1.2988118 5
-2.0760765 2.6001174 1.9351114 60.5
-2.1373651 2.5895693 1.9557974 60.599998
-2.2179844 2.581275 1.9822541 64
-0.68963754 3.650418 1.2622169 11
-0.76990914 3.5746329 1.2551396 7
-1.9445641 2.6099427 1.8524934 66
-2.0278864 2.6007459 1.8934067 66.14286
-0.62805402 3.6364326 1.238261 5
-0.67640734 3.5510244 1.309629 11
-0.74632466 3.4811957 1.2809227 7
-1.7330265 2.6283915 1.8040713 65
-1.8391671 2.6186805 1.8126568 64
-3.0659168 1.5699952 2.3959396 23
-3.0718243 1.5081615 2.3911786 53
-0.61018109 3.48276 1.2639396 9.666667
-0.69193673 3.4001389 1.2620751 11
-1.5973577 2.6406949 1.7449585 63
-1.691061 2.6267986 1.7697442 62
-2.873024 1.5379524 2.3902268 75
-2.9710803 1.5008639 2.386471 54
-0.5031178 3.4032707 1.2689764 10
-0.60206318 3.3684351 1.2842176 10.333333
-0.69255519 3.3079102 1.3135338 12.5
-1.4012442 2.6590803 1.6871543 67
-1.4917507 2.6505637 1.7129474 62
-2.8310473 1.4904222 2.3855009 55
-4.1831665 0.2944355 3.0149395 26
-4.2739592 0.3067348 3.0041969 31
-0.36137044 3.4584284 1.2286487 4
-1.2046835 2.6792071 1.6008879 60
-1.2637613 2.6722391 1.6237522 65.5
-1.3424195 2.6650903 1.659189 61.5
-4.1056294 0.33853996 3.0100646 30
-4.1327562 0.25971091 3.0192842 29.666666
-4.2150788 0.19277036 3.0224762 29.333334
-0.27609813 3.3617792 1.1409464 2
-0.32773554 3.3737473 1.1907308 1
-0.56030512 3.1657131 1.3131821 11.5
-0.65152502 3.1185822 1.3103843 13
-1.0502448 2.7019753 1.5292203 63.666668
-1.1448846 2.6842327 1.5775683 63.5
-2.7933688 1.2389765 2.3751645 141.5
-2.8983448 1.2362835 2.3883293 40
-4.0573354 0.18944001 3.014293 29
-4.1280808 0.13464105 3.0261321 29.5
-4.2134571 0.060435891 3.0141103 32
-0.041284561 3.4097846 1.0642767 0
-0.15529656 3.373064 1.1206942 0.75
-0.20288587 3.3633897 1.1713841 0
-0.86298609 2.729593 1.4623326 69.5
-0.93459719 2.7119324 1.4937078 68
-1.0032299 2.6990645 1.5301131 66
-2.6772938 1.2650003 2.3660862 150
-2.728045 1.2292039 2.3765018 150
-3.964767 0.15804851 3.0126524 29
-4.0314922 0.11501646 3.0158093 31
-4.1087365 0.054627299 3.0318632 30
0.082387328 3.4114285 1.0374417 0
0.013598919 3.3711722 1.0807613 0.66666669
-0.099061608 3.3405247 1.086421 1
-0.66154838 2.7509446 1.395591 64
-0.71697247 2.7387867 1.4419897 66.428574
-0.80551606 2.7291541 1.4586318 67.25
-2.5297208 1.2376337 2.3429239 150
-3.9461994 0.049865603 3.0123076 29
-4.0259895 -0.021883845 3.0133033 30.5
-4.0691032 -0.081768036 3.0408344 30.333334
0.12439752 3.3508186 1.060558 0.5
-0.3964597 2.9108284 1.2824285 21
-0.46738112 2.8670709 1.2726969 29.5
-0.50237298 2.7676864 1.3427122 70.400002
-0.59295285 2.7501671 1.3876276 65.5
-2.414958 1.2339275 2.3055773 150
-3.8758299 -0.049647212 3.0160632 29
-3.9443336 -0.1013267 3.0148544 30
-4.034009 -0.18310547 3.0371096 29.5
-0.23489761 2.9021175 1.2626172 16.5
-0.31938839 2.8207626 1.2896327 51.666668
-0.39666843 2.781333 1.3070951 70.25
-0.47720277 2.7596941 1.3132432 67
-2.2350583 1.2180052 2.2171037 150
-3.8286014 -0.15046084 3.0157878 28.5
-3.9177401 -0.17295814 3.0199263 31
-4.0014434 -0.24091399 3.0223317 31
-4.0070782 -0.2790637 3.0509472 29
0.02399838 2.9549885 1.1272142 13
-0.25681078 2.8037782 1.302557 57
-3.8844199 -0.24226952 3.0169749 30
-3.911736 -0.31362474 3.0205531 29
-3.9589982 -0.37472773 3.0382919 31
0.024640918 2.8675079 1.1983039 54
-3.8377633 -0.40903294 3.0225754 30
-3.9561186 -0.44080997 3.0617309 30
0.25223768 2.8669641 1.0418415 70
0.17660117 2.8227856 1.0621235 62
0.089304209 2.8172669 1.170808 63
-3.774893 -0.47753608 3.0322518 28.666666
-3.8775151 -0.51943481 3.0192676 31.5
-3.8962388 -0.60132825 3.0671363 30
0.3723774 2.8714237 1.0579796 48.333332
0.2746675 2.8296688 1.0607677 54
-3.740418 -0.56368446 3.0441997 30
-3.837224 -0.606457 3.0243928 30
-2.5140541 -0.32390183 2.5040789 70.5
-2.3084228 -0.3208701 2.4298842 40
-2.3334091 -0.30139178 2.4960828 43.5
-2.1511154 -0.30397034 2.4395876 42.25
-2.228632 -0.33256018 2.433573 46.272728
-2.260638 -0.39299262 2.4288993 48
-2.0413263 -0.30570018 2.4380908 42
-2.0827761 -0.33257204 2.4355621 45.125
-2.146821 -0.37901312 2.436506 48
-2.0192175 -0.37653244 2.4381375 47
-0.61223137 -3.5694041 2.4849288 3
6.2291508 2.0420508 -0.78372383 150
-0.7353977 -3.7434168 2.4917574 24
5.4902258 1.3405924 -0.44930172 49
5.3321061 1.1623549 -0.40955842 110
-0.25575221 -3.5477557 2.3600538 107
-0.62901807 -3.790308 2.4858723 11
-1.3141463 -4.3502779 2.7687106 19
5.4758062 1.1479323 -0.4431926 77
-1.1540571 -4.3504596 2.7854037 18.5
-1.1942902 -4.4374132 2.7724569 14
5.4553742 1.1155877 -0.38591826 93
5.3055224 0.95456076 -0.36255956 101
5.391253 0.85075879 -0.36045969 31
6.0988283 1.3031378 -0.66930199 130
-4.7535987 2.2607846 2.9806728 56
-4.778399 2.1711454 3.0008903 19
-4.7762365 2.0715842 3.001832 21
-0.99377644 5.0705762 1.2212225 30
-1.0622822 5.0418901 1.2496779 22.666666
-4.2123685 2.3588581 2.797286 58.5
-4.2675672 2.3519931 2.8428757 57
-4.7713017 1.9730572 3.0016577 20
-0.79999352 5.0990071 1.1698033 23
-0.85698318 5.0790138 1.2034397 27
-0.94415641 5.0618901 1.2309285 24.5
-1.0206697 5.017261 1.2457023 12
-1.0563319 4.935482 1.2426337 9
-1.1484932 4.8969173 1.3050277 9
-4.1430359 2.3656867 2.7303185 59
-4.7669864 1.8753104 3.0015633 21
-0.6616683 5.1085405 1.0858673 13
-0.72941566 5.0988474 1.1472491 20.666666
-0.75994205 5.0640001 1.2090884 23
-3.9049394 2.3759575 2.7304938 52
-4.4690609 1.8918223 2.9979899 19
-0.46100497 5.1275816 1.0294 15
-0.5318265 5.1223288 1.0757568 19
-0.60309744 5.1133461 1.1175426 24
-0.93142128 4.7720699 1.317304 11
-1.0276531 4.6423578 1.3129097 9
-3.7819042 2.3810539 2.6214874 53
-4.4759316 1.7998362 3.0050149 20
-0.3861742 5.1099625 1.0309552 12
-3.5934219 2.408294 2.5656536 54
-0.28505182 5.1113853 0.93803728 20
-0.28899097 4.9988918 1.0426732 7
-3.3587601 2.4320219 2.4519227 64
-3.4413457 2.4238305 2.5295076 60
-3.5008802 2.4184744 2.4832802 56
-0.3473947 4.9383411 1.0063605 1
-0.83827317 4.4990063 1.3163109 9
-0.92599845 4.4028263 1.3130407 10
-3.2408965 2.4521518 2.4309235 56
-3.3104615 2.4398582 2.4994185 61
-2.9892755 2.4869947 2.381573 56.666668
-0.034134388 4.8535552 0.93537307 1
-2.8152084 2.5053017 2.2472956 60
-2.8862367 2.4979355 2.2889426 60.200001
-2.9429412 2.491498 2.3486617 57.5
0.042379379 4.8507419 0.90553999 0.5
0.15611362 4.8207378 0.8793571 0
-2.4436271 2.552958 2.1646228 63.333332
-2.5468647 2.5434175 2.2287829 66
-2.262234 2.5772336 2.0787225 66
-2.323673 2.5673559 2.107511 63
-0.62012553 3.8627834 1.3153493 9
-0.70984769 3.7817492 1.3112949 8
-2.1245074 2.5882514 2.023082 61.799999
-2.2075672 2.5829864 2.055423 64.25
-1.908861 2.6097491 1.9736731 58
-2.0140591 2.5991054 1.9970659 58.75
-1.7069328 2.6300535 1.8959782 63
-1.762518 2.6201282 1.9185055 60.333332
-1.8459427 2.6136546 1.9230114 63.5
-1.5628648 2.6456165 1.8475797 68.5
-1.6479845 2.6354609 1.8592488 60.25
-0.40337276 3.525445 1.2616727 7
-0.45691895 3.4934094 1.2970068 10
-0.51584947 3.426044 1.3229702 10
-1.4288585 2.6545975 1.7792859 64.333336
-1.5057034 2.6510994 1.8181295 68
-2.6741159 1.5804925 2.4031479 8
-2.7350428 1.5436897 2.3904576 38.200001
-0.20884788 3.4964523 1.276283 10
-0.29750037 3.482965 1.2899784 8
-0.38765764 3.4583809 1.287861 9
-1.1590298 2.7031646 1.7203774 70
-1.2274759 2.685106 1.7289575 68.85714
-1.3061159 2.6764011 1.7609816 65.25
-2.6054902 1.5526724 2.3937259 43.333332
-2.6739585 1.5105641 2.3837748 103.5
-4.0324397 0.33234394 3.0311213 28.5
-0.25034606 3.4011912 1.2533922 3
-0.25699592 3.3246524 1.3299448 10
-0.36215127 3.2730718 1.3251452 10
-0.46101153 3.2263513 1.3216693 10
-1.0246865 2.7068305 1.650327 68
-1.1153393 2.6953936 1.6831548 67
-2.4864466 1.5002999 2.3644867 150
-2.5139294 1.5318992 2.3931475 58
-3.8730726 0.32282245 3.0458789 29.5
-3.9999087 0.22018242 3.0339999 30
-0.056188583 3.3929687 1.168941 0
-0.11339629 3.3525219 1.2079966 1
-0.18190515 3.3397827 1.2141804 1
-0.82164598 2.7376268 1.5912995 71
-0.88831091 2.7198222 1.6067169 67
-0.96655738 2.7114775 1.6302588 70.75
-2.6070509 1.2656898 2.3950145 129
-3.8424783 0.21627045 3.0415268 29
-3.9744534 0.13461566 3.0412543 28
0.08751452 3.4001794 1.1616318 0
0.048947215 3.3859594 1.1849706 0.33333334
-0.049446464 3.3493919 1.1963925 0
-0.64513886 2.7606785 1.452547 68
-0.67616069 2.7467136 1.5576719 65.25
-0.75892186 2.7367587 1.5775951 67.14286
-2.4267626 1.2836938 2.3595538 150
-2.4893613 1.2706499 2.3707294 139.66667
-3.8177791 0.11048257 3.0465384 29
-3.9487844 0.019108415 3.0486302 28.5
0.21386826 3.3940363 1.063001 0
0.14334917 3.3690605 1.1478438 0
-0.10998225 3.0828505 1.3160965 10
-0.18214488 3.0627127 1.3162049 11
-0.29407609 3.0142257 1.3099844 11.5
-0.46677649 2.7829766 1.4539182 63.5
-0.55789042 2.7576585 1.4702508 63.666668
-0.6341356 2.7433276 1.5319123 71
-2.3520834 1.2761686 2.3364799 150
-3.7882688 0.0050643682 3.0477123 30
-3.9112594 -0.093552947 3.0450814 29
-0.1315043 2.9374499 1.2685945 12
-0.3584162 2.7830391 1.4093853 63.333332
-0.44841301 2.7586198 1.4276829 67.5
-3.763608 -0.063504457 3.0454435 29
-3.8889065 -0.16961503 3.0480587 29
0.0050890446 2.9551985 1.2533863 20.5
-0.066515803 2.8942375 1.2874019 32.5
-0.14940894 2.8215504 1.3034768 60
-0.21916759 2.803076 1.388257 60.5
-0.27026737 2.7800655 1.4169724 57
-3.7307994 -0.16696143 3.0467718 29
-3.8268001 -0.24870849 3.0385559 30
-3.8396745 -0.31933951 3.0531421 29
0.032538533 2.856348 1.2183375 65
0.01421845 2.8357701 1.3020678 63.75
-3.7009096 -0.27094316 3.0555973 29
-3.7573876 -0.31818008 3.0292363 32
0.2166599 2.8496828 1.201205 64
0.11075866 2.8344913 1.2499268 63
-3.6029294 -0.34120429 3.0564771 30
-3.6864386 -0.41211617 3.0372095 30.333334
0.3073597 2.8399632 1.1757221 59.5
-3.6423104 -0.49464452 3.0490117 30.5
-3.7314835 -0.61658251 3.0671172 28
0.48408711 2.8972478 1.0669956 26
0.45188439 2.8487668 1.0657375 32
-3.4834428 -0.46914113 3.0618253 32
-3.5933015 -0.57520461 3.0502691 28.666666
-3.4282413 -0.5916791 3.0603318 30
-2.1276627 -0.2817921 2.4859176 23
-2.1780753 -0.27559203 2.5223475 2
-1.9829535 -0.28405297 2.4588895 44.400002
-2.0436621 -0.309699 2.4465051 39
-1.8319361 -0.26047671 2.4528794 41.25
-1.9310611 -0.33817106 2.4423747 50.333332
-1.7792867 -0.31998134 2.4508033 47
-0.50921154 -3.6317496 2.4913261 23
-0.40326393 -3.6873827 2.4923968 22
-0.29738975 -3.7310133 2.4882767 16
6.1013918 1.4102528 -0.5950464 42
6.1266384 1.380038 -0.51730525 123
6.4324937 1.52336 -0.73406947 55
6.1066742 1.2393384 -0.57360923 91
-4.3869367 2.3393011 2.9544005 58.333332
-4.4443579 2.2960665 3.0064716 31.666666
-4.3258147 2.3518476 2.9054894 61
-4.4255638 2.2156897 3.0031824 19
-4.4682426 2.1827393 3.0025342 19
-4.0290837 2.3647127 2.8409054 47
-4.431303 2.0844967 3.0037241 19.333334
-4.4722018 1.9888085 3.002089 19
-0.63886881 5.1113348 1.1787051 22.5
-0.70746374 5.0834618 1.1944002 20.5
-4.4115963 1.9525136 3.0007334 19
-0.48863554 5.121613 1.1483431 22.5
-0.5584085 5.0970473 1.1601427 18
-0.82755697 4.9064646 1.3225965 9
-3.6961713 2.4003425 2.659682 56
-3.8011546 2.3902838 2.7569616 54
-4.2646527 2.0008416 3.0171726 19
-4.2742472 1.9059271 3.0191977 18
-4.4013157 1.8715805 3.0077405 19
-4.4297867 1.8363907 3.0056641 19
-0.39360547 5.1160727 1.1073207 21.5
-0.46388841 5.0916729 1.1198006 18
-3.5281065 2.4155824 2.6127999 58
-3.6178184 2.4046223 2.6996884 58
-4.2794313 1.8109328 3.018666 19
-4.388792 1.7914202 3.0120733 26
-0.34738421 5.0319109 1.0805413 7
-0.64757454 4.6996408 1.322698 9
-0.74322486 4.6059022 1.3217149 9
-3.3872826 2.4325056 2.5759718 61
-3.4666562 2.4228892 2.6548414 63
-0.28876162 4.9080067 1.1561806 3
-3.1301842 2.4721918 2.5332165 62
-3.0038304 2.4851971 2.4196198 61
-3.0614145 2.4812739 2.461786 59.5
-2.6227207 2.5364029 2.3282111 59.5
-2.730514 2.5190914 2.3808722 60
-2.4264772 2.5583379 2.2405918 63
-2.4971495 2.5504119 2.2912657 63.666668
-2.2254176 2.5760756 2.1749396 58
-2.3137608 2.5685325 2.1934175 63
-2.3551598 2.5622764 2.2171009 66
-0.52369237 3.9502192 1.3213975 9
-2.0848796 2.5911474 2.1321015 60.25
-2.1678455 2.5788224 2.1690674 57
-1.8991635 2.6118965 2.052628 60
-1.9706942 2.6006019 2.0775111 57.5
-2.0344074 2.5947783 2.1282291 56
-1.7774225 2.6246128 1.9716622 61
-1.8370949 2.6139593 2.0071089 56.5
-1.5270354 2.6604071 1.9517318 65.199997
-1.5995703 2.6562278 1.9989195 60
-1.3423085 2.6824665 1.840008 65
-1.4050112 2.6722531 1.8858581 67.111115
-1.4746785 2.669055 1.9329045 61
-1.1892178 2.6955128 1.8214006 65.166664
-1.2946558 2.6851442 1.8454525 64.599998
-2.4777389 1.6056988 2.4094017 22.5
-0.08889401 3.5351899 1.2835437 8
-0.98301041 2.7181058 1.7503335 68
-1.0645227 2.7099409 1.7819206 68.777779
-1.1368525 2.6996617 1.8385422 67
-2.3644667 1.5925895 2.4022067 38.166668
-2.4393592 1.5508319 2.3937585 82.875
0.02547276 3.5522022 1.2845743 8
-0.071857095 3.4058676 1.340013 8
-0.18823278 3.3496313 1.3312527 10
-0.85644519 2.7325649 1.7104499 66.444443
-0.94166285 2.7221584 1.735235 68
-2.3094506 1.5491546 2.3928952 117.5
-3.6186838 0.42864752 3.0272069 32
-3.7371802 0.32884645 3.0521193 31
-0.65180933 2.7524371 1.6308661 62.333332
-0.7329461 2.744143 1.6770071 66.5
-3.5084586 0.38272631 3.0353577 28
-3.5930264 0.3268882 3.0253367 31
-3.7089744 0.23189759 3.0480433 32
-3.7005875 0.16565609 3.0594761 30
0.17026782 3.3817348 1.1825533 0
-0.45367301 2.7810423 1.5241094 62
-0.5236299 2.7609332 1.5391984 66.428574
-0.59715641 2.7430005 1.5589573 65
-3.4700665 0.25586605 3.0333533 28
-3.5336566 0.20035493 3.0346787 31
-3.6757884 0.10167229 3.0510461 31
0.048939705 3.13517 1.3238726 10
-0.03326118 3.1075757 1.3190174 10
-0.3125689 2.7886431 1.4947029 62.714287
-0.39958262 2.7746639 1.522819 63.200001
-3.4556322 0.1541208 3.0443888 29.5
-3.5311332 0.092894435 3.0321844 32
-3.6473374 0.0051344633 3.0510957 31.5
-0.12052143 2.8055134 1.4034886 61
-0.1912626 2.798193 1.4560453 61.5
-0.24387491 2.8033137 1.5067718 67
-3.4223914 0.071537018 3.0411885 28.333334
-3.4748526 0.00033164024 3.0381444 31.333334
-3.6202893 -0.090426445 3.0557365 31
0.10744882 2.8486192 1.3112514 63
0.01604867 2.825314 1.4096901 59.666668
-0.061348438 2.8124297 1.4068015 56
-3.3765435 -0.024495244 3.0377312 27
-3.4091108 -0.054780364 3.0560122 30
-3.4666486 -0.10488451 3.0369074 33
-3.5898485 -0.1857338 3.0591812 32
0.24259436 2.8523574 1.3090379 60.5
0.17066443 2.8407373 1.3028305 64.5
-3.3590603 -0.13518476 3.0502944 28.25
-3.427753 -0.20119929 3.0344362 32.5
-3.5587885 -0.28182197 3.062546 32
0.41892254 2.8852324 1.2291259 61
0.34349072 2.8796148 1.2247097 65
0.30836606 2.8441918 1.2981912 61
-3.2909822 -0.23699176 3.0430932 27.5
-3.3641407 -0.27513361 3.0486898 31.5
-3.5101671 -0.40718925 3.0626945 33
0.47345233 2.8649292 1.1997142 57
-3.2499661 -0.3254503 3.0428648 28
-3.3223443 -0.37120903 3.0475981 31.25
-3.4602733 -0.5319308 3.0665832 31
-3.2252636 -0.42557013 3.0529871 28.666666
-3.3032212 -0.48770106 3.038918 33
-3.1963573 -0.50657701 3.0570576 29
-3.2751839 -0.55193472 3.0454698 33
-1.8763573 -0.25320321 2.5282645 23
-2.0234368 -0.27085543 2.536329 62
-1.8039089 -0.30343229 2.4735219 72.5
6.5366349 2.0164254 -0.7022264 30
6.1085339 1.5977778 -0.53258657 85
5.5406642 1.1203847 -0.23499918 8
6.1397934 1.3480446 -0.45333338 131
-1.0916092 -5.3128562 3.1609066 18
-4.0335846 2.369101 2.9753804 52
-4.1507583 2.3441577 2.9488261 50
-4.232214 2.2929854 3.0171728 19
-4.2423558 2.1929555 3.0148921 19
-0.72143507 5.0276852 1.3239775 18
-3.9061308 2.3751311 2.8540204 49
-4.103282 2.217932 3.0232975 18
-4.2491059 2.093179 3.011415 19
-0.52629638 5.0908799 1.2812555 23
-0.62298369 5.0743418 1.3062148 24
-3.6806366 2.4046967 2.818361 56
-3.8166392 2.3868277 2.8954146 55
-4.1153708 2.0799589 3.0200038 19
-0.3358171 5.1029739 1.2262057 22
-0.43261051 5.0901442 1.2516506 22
-3.5491683 2.4139776 2.7400076 60
-4.1266117 1.9461638 3.02 19
-0.43429589 4.9254532 1.3332353 10
-0.54345894 4.8124304 1.32831 9
-3.2941079 2.452569 2.7077537 68.5
-3.9957349 1.9285234 3.0308342 20.5
-4.1350803 1.85849 3.0225697 20
-3.1853094 2.4659009 2.5893795 65
-3.2375503 2.4572291 2.6473658 63.75
-3.9971375 1.8024263 3.0256627 22
-2.9366083 2.4999685 2.570739 59
-2.7782047 2.5202105 2.4690926 59
-2.8663826 2.5085738 2.5058446 55
-2.5894015 2.5398843 2.4021168 59.5
-2.6846881 2.5317478 2.46209 57
-2.4568541 2.5560422 2.3607459 59.666668
-2.5478237 2.5447564 2.4203117 59
-2.2553649 2.5708461 2.2912316 55.200001
-2.3361278 2.5637641 2.3309557 55.75
-2.1474607 2.5833843 2.2281201 58.333332
-2.1985281 2.5776627 2.2799559 61
-1.8311018 2.6307647 2.1952908 58
-1.7021683 2.6453066 2.1064043 60.666668
-1.7783194 2.6389792 2.1615264 59.333332
-1.5123372 2.665309 2.0250499 60.400002
-1.5985144 2.6543899 2.0551014 60.416668
-1.3118442 2.6877372 1.9492526 56
-1.373445 2.6782701 1.9738388 58.083332
-1.458308 2.6690748 2.0043311 58.400002
-1.1690998 2.699661 1.9025071 61.444443
-1.2548575 2.6887238 1.9298103 61
-0.96159154 2.7248917 1.8559847 58.5
-1.0355533 2.7146554 1.871732 60.700001
-1.0995436 2.7079306 1.91537 61.5
-2.2680514 1.6304539 2.4106686 6
0.18430293 3.5754781 1.2876139 8
0.10746908 3.5708377 1.287789 9
0.036011338 3.4346783 1.3380727 8
-0.82007056 2.7369957 1.8171284 61
-0.90503716 2.7294288 1.8399618 59.285713
0.26362419 3.5831831 1.2892882 19
0.16007578 3.4855561 1.3461828 8
-0.62091434 2.7616305 1.6834308 61
-0.71867657 2.7497113 1.7642171 54.333332
-3.3584509 0.46558285 3.0448024 28
-3.4110737 0.43373203 3.0418272 27
-3.5233181 0.38771725 3.0465288 30.5
-0.43379629 2.7771647 1.6281477 64
-0.49986434 2.7724586 1.6404455 63.875
-0.58328807 2.7609029 1.6539109 63.5
-3.3716049 0.36406374 3.0487146 28
-3.3723955 0.29521561 3.0619941 27
-3.5069432 0.28392148 3.0551081 29
-0.2779783 2.7957582 1.6086116 59.599998
-0.36821985 2.7865877 1.6274369 64
-3.2950742 0.29032695 3.0461357 29
-3.3639014 0.23202002 3.052918 26.333334
-0.091373563 2.8201632 1.4902241 59.666668
-0.15117657 2.8057818 1.5256257 58
-0.22763038 2.7941165 1.5929725 60.333332
-3.24546 0.20352483 3.0608861 28
-3.3272285 0.12579501 3.0559797 26.25
0.11608994 2.8472214 1.4165573 62
0.054555774 2.8306589 1.4826782 61.666668
-0.039659023 2.8201056 1.5058848 59
-3.1709189 0.086032271 3.0765672 26
-3.2232504 0.092609763 3.063324 29
-3.2937589 0.01763916 3.0634832 26.333334
0.25817585 2.8531604 1.4340734 56.5
0.16995931 2.8362381 1.4243107 58.666668
-3.1581073 -0.0069345236 3.0706449 27.5
-3.2564907 -0.066103816 3.0569685 26.666666
0.46415865 2.8850837 1.3431641 34
0.3652209 2.8713055 1.323868 58.666668
-3.1228757 -0.0891366 3.0708032 27
-3.2190375 -0.17274189 3.066963 26.5
0.46338081 2.8646598 1.3115531 60
-3.0879276 -0.17058182 3.0738719 27.5
-3.163408 -0.25709951 3.0586717 26
-3.18818 -0.29386365 3.0818012 27
-3.0375905 -0.27755296 3.0765097 27
-3.1317604 -0.35474086 3.0692255 26.666666
-2.9828215 -0.38170922 3.0766349 27.25
-3.0843668 -0.45988333 3.0718455 27
-2.9417496 -0.4607197 3.0814912 27.5
-3.0165501 -0.52807534 3.0657959 27
-2.9098837 -0.50981069 3.0761878 42
-2.0920236 -0.023152411 2.6684906 49.5
-2.5867915 -0.36028337 2.9321947 150
-2.0416722 -0.091310561 2.6508193 25.666666
-1.9837744 -0.17602503 2.6531343 25.333334
-1.9249634 -0.24777889 2.6435606 26
6.7519474 2.2856894 -0.67505038 9
-4.0922112 2.3111494 3.0242629 20
-3.9381804 2.3386273 3.0116558 36.5
-3.7336707 2.3999877 2.9345052 57
-3.8424616 2.2662346 3.0345147 22.5
-3.9725182 2.2234302 3.0324397 21
-3.973454 2.1338792 3.0242062 21
-3.4426255 2.4378834 2.8628571 60
-3.8515935 2.1453497 3.0311003 24
-3.9892035 2.0551472 3.0331042 22
-0.210747 5.108283 1.3303565 16
-0.31865072 5.0399199 1.3367839 11
-3.3372064 2.4484961 2.7573159 64
-3.3859336 2.4428983 2.8094044 63.333332
-3.8650761 2.0709114 3.0406485 24
-3.8635492 1.9884261 3.0325341 26
-3.8645656 1.9098654 3.0289063 26
-3.8765965 1.8377303 3.0397143 31
-2.8881459 2.5135641 2.6257713 55
-2.9774218 2.4911914 2.6588101 59.5
-3.0789676 2.4757125 2.7044945 59
-3.6811814 1.8945785 3.0318248 26.333334
-2.7777572 2.5174913 2.5676041 55.333332
-3.6139426 1.8855697 3.0322051 23
-2.6024017 2.544874 2.483772 63
-2.6509876 2.5343313 2.5352139 61
-2.702297 2.5260355 2.5936222 59
-2.4287922 2.5543935 2.4623907 54.42857
-2.5062656 2.5473161 2.5169675 52.5
-2.3327665 2.5676763 2.3957295 54
-2.0099585 2.6166589 2.3472493 58.333332
-2.0890067 2.601717 2.3744967 56
-1.8301915 2.6301157 2.2148738 56.5
-1.8876424 2.6256762 2.2607009 58.23077
-1.9653521 2.6192935 2.3139904 58.5
-1.67325 2.645669 2.2057667 57.666668
-1.7670703 2.6354389 2.2226355 56.333332
-1.4857062 2.6680477 2.1442919 60
-1.5376283 2.6588173 2.1534438 58.400002
-1.6348064 2.6494968 2.174583 57.666668
-1.3375604 2.6795766 2.0722649 59.285713
-1.4315614 2.6684937 2.1094027 58.5
-1.1334369 2.6951745 2.0333004 58
-1.2168641 2.6925704 2.0468743 58.875
-1.2845373 2.6838288 2.0860593 59
-0.97638482 2.7156081 1.9900087 56.666668
-1.0746179 2.70454 2.0162721 57.5
-0.81426722 2.7429547 1.8520459 58.5
-0.89420152 2.7252681 1.9677467 56
0.27710116 3.5124054 1.3468027 13
-0.59546208 2.7635145 1.7838069 68
-0.67072392 2.7537887 1.8179252 59.333332
-0.7520749 2.7440591 1.8355192 57
-0.45567822 2.779398 1.7656863 60.333332
-0.55006015 2.7643957 1.7857851 59.285713
-3.1533709 0.49256825 3.0635724 28.5
-3.260777 0.43168032 3.0696502 25
-0.34833968 2.7922118 1.7553725 60.5
-0.39540339 2.782527 1.7665843 57
-3.0456822 0.45463717 3.0616252 25
-3.1271214 0.42273223 3.0672131 28.333334
-3.2407484 0.34444356 3.0699396 26
-0.050124168 2.8220272 1.6120549 61
-0.11587369 2.8157592 1.6222777 59.666668
-0.18931389 2.8074698 1.6260083 59.5
-3.0753803 0.34478486 3.0724516 27.5
-3.1136155 0.28302169 3.0686932 28.666666
-3.2197661 0.25767577 3.0730343 25
0.14117754 2.8554442 1.5178689 56
0.097004056 2.8338778 1.5610971 54
0.0020153522 2.8223007 1.5957708 56.599998
-2.9987469 0.29329717 3.0560644 24.5
-3.0724411 0.19721556 3.072958 28.833334
-3.1927509 0.14253938 3.0809605 26
0.31359887 2.8644495 1.5154634 55.5
0.21957147 2.8579991 1.5167991 56.5
0.16373241 2.8315256 1.5633904 57
-2.9686942 0.18684626 3.0652471 24.5
-3.0286663 0.10480905 3.0763724 28.5
-3.0691273 0.077495456 3.0733147 29
0.41944885 2.8727417 1.4545453 46
0.34422982 2.8628469 1.4643178 55
-2.8814597 0.12552786 3.0768418 24.5
-2.9307451 0.081914783 3.0645392 24
-3.0159626 0.0031763315 3.077925 28.799999
0.47535896 2.8634667 1.4531198 52
-2.8568194 0.046664715 3.0811143 24
-2.8723297 -0.01589179 3.0715411 24.666666
-2.9748814 -0.095181942 3.0781536 28.833334
-2.8274531 -0.10284591 3.0771444 25
-2.9231207 -0.18970275 3.0838399 28.75
-2.9499702 -0.22991955 3.0777743 29.5
-2.7761257 -0.15874636 3.0858774 25
-2.8013625 -0.22451329 3.0760503 24.5
-2.8862114 -0.29994357 3.0887578 29.200001
-2.7186408 -0.2845912 3.0905766 24
-2.7498488 -0.32329702 3.0766511 24.5
-2.8511641 -0.39133739 3.0872002 29
-2.6915035 -0.37579405 3.0784168 30
-2.8030143 -0.46568406 3.0888696 30
-2.6650829 -0.46806729 3.0773747 30.5
0.32374883 -3.363292 2.5726938 4
0.32569611 -3.3817184 2.567627 40
6.1695566 1.5212007 -0.3255837 126
6.8797379 1.9115126 -0.63348818 139
6.1986895 1.3535264 -0.30103707 141
6.9179077 1.6625452 -0.60804617 112
6.9308825 1.6227672 -0.53201723 134
6.2897654 1.0197368 -0.25053239 78
-0.95855093 -5.2861443 3.2742672 16
-0.81842804 -5.3577576 3.2647815 2
-0.57558441 -5.2964907 3.1730032 15
-3.8236191 2.3830569 3.0278194 49
-3.624867 2.4086361 3.0425606 45
-3.5007615 2.4409704 2.9468153 65.333336
-3.5721667 2.4109612 3.0206101 45.599998
-3.6114731 2.3229914 3.0477817 23.5
-3.6521358 2.2503457 3.0387373 24
-3.2456717 2.4619098 2.8725874 58
-3.60552 2.2497292 3.0433033 23
-3.6330729 2.1907961 3.0425677 22
-3.0926011 2.4811149 2.8333507 60
-3.1618223 2.4706457 2.7869959 55
-3.4939682 2.118511 3.0379965 24
-3.6089864 2.1111412 3.0409222 23.25
-3.6562743 2.0490961 3.0395775 25
-2.9402165 2.4971924 2.7756209 61
-3.0177698 2.4872375 2.7534022 59
-3.5054297 2.0371392 3.030906 23
-3.6251521 1.9716767 3.0424724 29
-2.7592068 2.5226605 2.6605988 59
-2.8294914 2.5111592 2.6971235 60
-3.3862958 2.0144224 3.0316114 22
-3.523715 1.9633439 3.0344939 24
-3.5913801 1.8983722 3.0320148 29
-2.5435207 2.5429366 2.589725 53
-2.5965981 2.5372832 2.6399159 54.666668
-2.6498775 2.5268419 2.7039878 51
-3.4112525 1.9113415 3.0380883 22
-2.5025082 2.5491033 2.5597718 53.5
-2.1807728 2.5975161 2.4906836 54.400002
-2.2909193 2.5810754 2.5428765 56.5
-1.9916744 2.6138618 2.4035244 56.666668
-2.0659916 2.6084425 2.4289451 55.57143
-2.1241791 2.6031852 2.4936922 53.5
-2.3433087 2.3696022 2.6195872 25
-2.3648787 2.3205152 2.6190915 24.5
-1.844451 2.6261346 2.3691468 54.599998
-1.9287711 2.6187987 2.388432 55
-2.3016825 2.2868447 2.6267536 23.666666
-2.3375437 2.2315438 2.6262167 23.777779
-1.6523098 2.6481433 2.2827859 57
-1.7295794 2.6395495 2.3205776 55.727272
-1.7933799 2.6317241 2.3651705 55
-2.2702677 2.2203829 2.6229041 22
-2.2865295 2.1525195 2.6217821 23.333334
-2.3462238 2.1088619 2.6230085 24.5
-1.5140911 2.6626434 2.2430017 55.42857
-1.5965244 2.6539543 2.2756717 56.200001
-2.2709098 2.0797105 2.6241887 26.666666
-2.3008733 1.9992888 2.6186874 25.25
-1.3168899 2.6832585 2.1616809 57
-1.3999038 2.6740799 2.1848936 56.400002
-2.3150811 1.8968079 2.6275573 26.5
-1.1706216 2.7002161 2.133333 56.333332
-1.2518116 2.687397 2.1545377 56
-0.94845456 2.7237201 2.0811036 60
-1.0503702 2.7130885 2.1016841 57.666668
-0.77432805 2.7395334 1.9507874 58
-0.84857923 2.730159 1.9633881 59.200001
-0.88817781 2.7285147 2.0699582 56
-0.62780374 2.75544 1.9346483 57.666668
-0.72248226 2.7414896 1.9436979 56.666668
-0.4402765 2.7879202 1.8536665 55.5
-0.51334846 2.7701697 1.9070489 56.400002
-0.24545789 2.8051462 1.7572486 59.5
-0.30321836 2.7952299 1.7878222 57.333332
-0.36738503 2.7923274 1.8564755 56
-2.9511294 0.52401257 3.0668774 29
-0.084464908 2.8230472 1.7707174 56.400002
-0.17782247 2.8080668 1.7688315 56.599998
-2.8171277 0.50765491 3.0685916 24.666666
-2.8955727 0.46155643 3.0733957 27
-2.9483438 0.43528986 3.066864 24.333334
0.12925935 2.8484702 1.6401906 55.75
0.046073556 2.8405509 1.638797 60.5
-2.757524 0.45156169 3.0735257 23.4
-2.8245268 0.40668702 3.0775127 27.200001
-2.9018743 0.33900595 3.0718441 25.857143
0.24392033 2.8527348 1.6190128 53.666668
0.1736201 2.8417921 1.6395863 52
-2.7257104 0.36684692 3.0717375 23
-2.7595701 0.32279813 3.0768707 25
-2.854774 0.243209 3.0725043 26.833334
-2.9143128 0.23138583 3.0767312 24
0.45585215 2.8828707 1.5530255 46.25
0.37823772 2.8682261 1.5666353 50.75
-2.7148967 0.24125516 3.0749805 25.333334
-2.7874236 0.1912477 3.0731673 26.75
-2.8174136 0.12611806 3.0734057 27.5
0.5249846 2.8719769 1.466899 0
-2.6725087 0.15670204 3.0805836 24.333334
-2.6958323 0.12229621 3.0794768 26.166666
-2.7846928 0.039847493 3.077148 27.333334
-2.6497841 0.037159681 3.0852692 25.5
-2.7450032 -0.060160756 3.0814412 27.666666
-2.5967369 -0.048477888 3.0866261 25.666666
-2.6697927 -0.11494124 3.0881901 26.5
-2.7171402 -0.18811345 3.0918458 27.25
-2.5539024 -0.13403726 3.0934217 25.799999
-2.5674219 -0.19240129 3.0964446 25
-2.65938 -0.23715675 3.0897572 26.75
-2.5193062 -0.1969564 3.0979505 24
-2.5092068 -0.26173747 3.0977097 25
-2.6188319 -0.31770384 3.0889001 26.666666
-2.4594307 -0.33907592 3.0972061 24.75
-2.5673938 -0.41382766 3.0983503 27.5
-2.6265543 -0.45554543 3.0910499 25
-2.3976426 -0.39646173 3.0974152 24.799999
-2.4954572 -0.46760082 3.099093 29
-2.2487822 -0.42968935 3.0149078 72
-2.3767781 -0.46145469 3.09584 34
0.41778445 -3.4086752 2.5814493 27
1.3052545 -3.2597756 2.2653742 2
1.2227648 -3.2952518 2.3474896 6
-0.42578697 -5.3609905 3.1627798 0
0.088604212 -6.0584497 3.2039008 3
-3.2524147 2.469285 3.0105333 57
-3.3214993 2.4436438 3.0131891 40
-3.4258943 2.3940051 3.0452356 29
-3.4620023 2.2798667 3.0482647 21
-3.1412363 2.478327 2.9460733 57.5
-3.332134 2.314806 3.0506492 20.5
-3.4814706 2.2006438 3.0456772 22
-2.9298639 2.5005338 2.8667195 60
-3.0416195 2.4886804 2.8917427 60
-3.2432899 2.1886835 3.0447288 21
-3.3627696 2.1640098 3.0413713 21.5
-2.705153 2.5192599 2.7684383 57
-2.7499614 2.5181012 2.823175 58.5
-2.8696356 2.5048819 2.7909653 65
-3.2623439 2.0853851 3.0428176 25.5
-2.6701679 2.5307469 2.729486 53.666668
-3.1539927 2.0780778 3.0408711 27.5
-3.2844253 1.9514244 3.0417168 25.5
-2.3682556 2.5656195 2.6070576 43
-2.4535811 2.5585811 2.6896594 45.5
-3.0978391 1.9724261 3.0506675 26.5
-3.1611252 1.9494267 3.0453835 27
-2.1592438 2.5969694 2.599164 54
-2.2376268 2.5780411 2.6065328 41.714287
-2.2970707 2.5161262 2.6226687 23.75
-2.3695917 2.4662097 2.6376822 31.666666
-1.9619696 2.6200202 2.4982629 55
-2.0163233 2.610702 2.5292416 52.888889
-2.0949388 2.6005752 2.5766876 53.5
-2.1737497 2.5127256 2.6310184 24.1
-2.2425623 2.4270122 2.628334 25
-2.3046832 2.3676043 2.6278155 25.333334
-1.8340328 2.6318996 2.4394677 54.857143
-1.9059907 2.6246455 2.4936585 53.666668
-2.1224191 2.443372 2.6292202 24.6
-2.1854258 2.3634048 2.6294813 24.75
-2.2697325 2.3160536 2.6290288 23.714285
-1.7194587 2.6396544 2.3811209 53.333332
-1.7721273 2.6383734 2.420995 55
-2.1829116 2.2844551 2.6241834 26
-2.216898 2.2322087 2.6271024 24.5
-0.80438322 2.7390733 2.0617914 54.333332
-0.61254483 2.7608242 2.0520759 55
-0.69936323 2.7494607 2.0530286 53.5
-0.40605116 2.7801492 1.9256699 55
-0.46588433 2.7677612 1.9331214 56
-0.24443614 2.8041096 1.9061524 54.400002
-0.33656371 2.7878304 1.9264156 55
-0.028770685 2.8274879 1.7862151 51.5
-0.15537333 2.8240197 1.8892111 53
0.14618337 2.8514926 1.7820437 57
0.077113628 2.8426676 1.7915066 53.333332
0.013112068 2.8262877 1.7973007 58
-2.5376608 0.57511437 3.083096 30
-2.6507282 0.52938521 3.076159 27
0.30267763 2.8656211 1.6628196 51.5
-2.4893062 0.51994777 3.0804186 25
-2.6151199 0.45928323 3.0761442 25.5
-2.6451886 0.40104926 3.0803361 26.25
0.48649549 2.8710747 1.6271873 41.5
0.39946723 2.8758276 1.6670458 52
-2.4631228 0.44165993 3.0816636 25
-2.5379481 0.37497056 3.0842237 25.333334
-2.5974941 0.31149626 3.0825107 26
-2.4058356 0.35503447 3.0853968 25
-2.4424205 0.3164556 3.0827255 25
-2.5571651 0.24169707 3.0811062 25
-2.5838246 0.17126286 3.0920076 26.5
-2.3830013 0.23226607 3.0896041 25
-2.5067835 0.14745033 3.0861468 25.4
-2.5351994 0.088760018 3.090512 26
-2.3416128 0.14016533 3.0934229 25.5
-2.4589028 0.060343981 3.0921264 25
-2.4852948 0.016984701 3.0933821 26.200001
-2.294044 0.065198779 3.0935221 30.5
-2.3002563 0.019424796 3.0952687 26.5
-2.4371748 -0.049374819 3.0962393 26.4
-2.4654081 -0.11888635 3.1034572 27
-2.2312043 -0.033215761 3.0606213 56.333332
-2.2673182 -0.031852841 3.0883622 43
-2.3831754 -0.12833905 3.1013961 26
-2.425643 -0.20119512 3.1085074 26
-2.3265171 -0.2266053 3.1034579 25.5
-2.3833337 -0.28178728 3.1102669 27
-2.267216 -0.31416392 3.1027412 25.666666
-2.311703 -0.35650706 3.1089129 26.333334
-2.1973748 -0.39120895 3.0665596 84.333336
-2.2665625 -0.40035856 3.1032085 30
-2.344471 -0.44535279 3.1014078 28
6.0096059 3.4740658 -0.3239727 84
6.196393 1.622334 -0.13025355 121
6.8541441 1.9938765 -0.42360187 136
6.2215872 1.4605734 -0.106426 126
6.8793945 1.8077385 -0.3989253 131
6.2519274 1.3004324 -0.083549738 111
6.2824059 1.1387696 -0.057257891 92
1.2306197 -3.2875533 2.3830988 7
6.337419 0.97876406 -0.032102823 134
1.3292477 -3.261317 2.3473022 6.5
1.2379239 -3.2943885 2.3689241 6
-0.23539782 -5.190033 3.2063177 16
-0.089497805 -5.2515259 3.1990561 14
-0.19743228 -6.0295372 3.3059845 3
-0.012596846 -6.0176249 3.3026133 3.5
-0.043988228 -6.0284472 3.258956 23
0.13040662 -6.016593 3.2316082 15.5
-0.0090315342 -6.0382981 3.2882819 3
-3.074223 2.4664912 3.0428948 42
-3.1726768 2.4602125 3.0416076 45
-3.2009897 2.4016058 3.0567613 22
-2.8665974 2.507283 2.9656286 58.666668
-2.9945679 2.4970655 2.9491956 63
-3.0109169 2.3817058 3.0606711 23
-3.1079674 2.3380566 3.0475106 27
-3.2149379 2.3284516 3.0502117 22
-3.2386363 2.2674427 3.0620577 23
-2.6608076 2.5363801 2.9007454 57
-2.7930326 2.5141621 2.8809934 54.5
-2.8267918 2.510777 2.9149661 60
-2.9605815 2.2892826 3.0525885 28
-3.01739 2.2762985 3.0580418 25
-3.1337745 2.2082334 3.0459158 27.5
-2.5260043 2.5564222 2.8119724 54.5
-2.599755 2.5428002 2.836128 56
-2.9781594 2.1963658 3.050792 26.4
-3.0467181 2.1444294 3.0491641 26.75
-3.1032476 2.0625305 3.0481336 26
-2.9037228 2.141614 3.0467131 24.5
-3.0047073 2.0607715 3.0514481 26.166666
-3.0431736 2.006706 3.0520067 26.5
-2.8717027 2.0721183 3.0479777 25
-2.8967209 1.9820926 3.0453413 25
-3.0219383 1.9577683 3.058671 25.333334
-1.9922403 2.6139429 2.5999422 51.5
-2.0723727 2.5633214 2.6302683 29
-2.118407 2.5242128 2.6338003 25
-2.8012223 1.976459 3.0587158 26.5
-1.9278175 2.624717 2.5543039 49
-0.54428762 2.7747278 2.0575469 52
-0.36468196 2.7898641 2.0634358 56
-0.45603836 2.7802911 2.0576119 52.666668
-0.20921898 2.8032718 1.9494953 57
-0.31803346 2.7944875 2.0671144 48
-0.0135566 2.8334248 1.9332416 49
-0.11137259 2.8182969 1.9375336 50.714287
0.16880429 2.8615501 1.8090277 53
0.067654252 2.8483548 1.9290549 44
0.049398303 2.8382506 1.9487178 51
0.30611169 2.8671842 1.8175256 51.5
0.2195189 2.8553505 1.812331 50.75
-2.4780884 0.58553255 3.0803401 25
0.4965986 2.8774838 1.6927264 11
0.41032243 2.879396 1.8180013 53
1.1270419 -3.4141216 2.5282578 10
1.3023386 -3.4834514 2.5625706 24
-2.8875365 2.5051169 3.0119689 60
-2.9355712 2.4779685 3.0547707 42.166668
-2.9910741 2.4479895 3.0674338 25
-2.7269392 2.5327144 2.9741156 54
-2.8077173 2.493283 3.0456157 35
-2.858031 2.4085712 3.057646 24
-2.9591467 2.3750467 3.0610185 23.5
-2.9940166 2.3326194 3.070617 25
-2.5782621 2.5507462 2.9497592 54.333332
-2.7072589 2.4081511 3.0545559 22.5
-2.776298 2.3380742 3.0475156 24
-2.8964133 2.3126218 3.0530601 26.5
-2.4863679 2.4566844 2.9295969 39
-2.6846588 2.3073885 3.0567672 25
-2.7165213 2.2407143 3.0586138 25.333334
-2.8219464 2.2209013 3.0500197 24.5
-2.6239343 2.2445731 3.0589144 25
-2.6665425 2.1916597 3.0631592 25.142857
-2.7493236 2.1127775 3.0590117 25.200001
-2.778384 2.043519 3.0498927 25
-2.6252296 2.1216135 3.0560842 26.714285
-2.681385 2.045321 3.0641272 26.333334
-2.7760856 2.0095816 3.0676191 26
-2.5675776 2.0430322 3.0686355 25.5
-2.6388774 1.9840684 3.0647833 36.333332
-2.7088032 1.9681003 3.0623643 29
-0.19552016 2.8099523 2.0838125 49.5
-0.26856303 2.8034258 2.0755281 49
-0.12142503 2.8183331 2.0946381 46
0.14550734 2.8476791 1.961077 49.400002
0.068679571 2.8318653 1.979053 47.5
0.35835922 2.8767314 1.8414688 53
0.23696005 2.8634434 1.9742813 50
0.4566437 2.8762581 1.8479531 42.5
0.37645197 2.8627558 1.842999 52
5.996345 3.6337342 -0.13548636 130
6.0019608 3.4588947 -0.12313056 127
6.5976114 3.9142811 -0.37836409 27
6.0553493 3.1310155 -0.097155333 141
6.83885 2.0795608 -0.20387197 140
6.8661232 1.9029465 -0.18147564 135
6.2864428 1.3930726 0.10417175 150
6.3154378 1.2382019 0.12769365 150
6.3196774 1.0829031 0.1511519 150
6.3411708 0.92692065 0.17741132 148
1.456192 -3.5123646 2.5738909 19
1.6104131 -3.5317345 2.5824213 28
0.35202932 -5.1911807 3.2173746 15
0.79681587 -6.0050964 3.1936336 25
0.96054268 -6.00178 3.1544986 21
-2.6800258 2.536515 3.0377295 46
-2.7171845 2.4933488 3.0586567 20
-2.5740237 2.520071 3.0525467 31
-2.6128359 2.4617515 3.0565193 19.5
-2.5224564 2.4742463 3.0533636 24
-2.5688424 2.397227 3.0624151 24.333334
-2.6211491 2.3301578 3.0626915 25.799999
-2.5435674 2.3214064 3.0689921 24.5
-2.5781991 2.2651443 3.0623758 25.200001
-2.537746 2.1943748 3.0622325 25.666666
-2.5403602 2.116055 3.060534 26
-2.5037851 2.0532284 3.0757103 27.5
0.037063956 2.8384154 2.1261325 49
-0.044785976 2.8253775 2.1069603 46
0.085897326 2.8357587 2.130285 46
0.37402439 2.8790174 2.0025878 49
0.30800045 2.8649998 2.0030072 46.599998
0.20750475 2.8467646 2.0025959 45
0.39832747 2.8686376 2.0233274 50.5
1.6093071 -3.3504126 2.5792115 34
1.7582607 -3.3687866 2.5872281 19
1.749191 -3.5273724 2.5772641 13
1.8903178 -3.5184245 2.5705407 5
0.19971144 2.8513541 2.1595454 43
0.14389718 2.8455572 2.146348 43
0.25437546 2.8539104 2.1704683 50
0.45292509 2.8760526 2.0300736 74.666664
6.4869919 3.4690897 -0.12833452 69
6.8177171 2.3135738 -0.014446259 143
6.8330936 2.1431279 0.0056180954 141
6.8547897 1.9735408 0.028736115 146
6.875948 1.805027 0.049719334 144
6.8987765 1.6375859 0.073162317 150
6.2630663 0.77035904 0.49965346 149
1.9077039 -3.3802321 2.5939195 20
2.0601149 -3.387872 2.5989649 21
7.0669503 0.28773093 0.29943705 63
2.3393514 -4.0539904 2.6378329 1
0.37608254 2.8700533 2.2055075 52
0.31558776 2.8622842 2.1878154 47
0.48425996 2.8606429 2.2226868 4
0.43708265 2.874562 2.2214346 45
1.7676427 0.39021617 2.1864331 1
1.7934124 0.31910068 2.1863518 1
1.724468 0.26118529 2.1863356 1.5
1.8081093 0.25104928 2.1831076 2
6.061758 3.3323135 0.23702264 96
6.1068597 2.97578 0.2534976 150
6.1384454 2.8038077 0.26402617 124
6.1502495 2.6262546 0.27579999 150
6.1825857 2.4570739 0.28988361 109
6.1640902 2.2770257 0.30382562 99
6.2942657 1.2717152 0.42338228 47
6.2907019 1.10496 0.44820237 150
6.2901115 1.0919089 0.54576409 150
6.2828074 0.93857646 0.47336376 150
6.2734032 0.92669535 0.56624222 150
6.2787914 0.76335478 0.58958507 149
6.3190742 0.6079154 0.53129458 150
6.3219576 0.60151625 0.61586857 141
6.3592072 0.44307208 0.56338966 141
7.0941262 0.11490631 0.33406568 138
1.7346344 4.3399439 1.6088191 18
1.8362889 1.0191581 2.1798227 0
1.8481059 0.91641641 2.1865678 6
1.8449534 0.83713424 2.1859262 5.5
1.8417195 0.75756001 2.1875 4
1.8382262 0.70468628 2.1889741 5
1.9478371 0.69177628 2.182724 1.5
1.8366317 0.62658679 2.1950908 5
1.8187695 0.54665148 2.1931455 9
1.9615722 0.61308348 2.2008362 6
1.9209278 0.53332293 2.1894999 4.5
1.7954948 0.49430382 2.1862886 5
1.7883081 0.44211417 2.1899748 1
2.0084295 0.45195723 2.1925921 1.5
1.8836131 0.4290399 2.1870134 1
1.8563294 0.35164315 2.1873136 1
6.0263853 3.7023358 0.22674608 118
1.9616195 0.33918542 2.1931517 1.5
1.9123241 0.25766063 2.1882615 2
2.0966935 0.30373156 2.1916347 2
6.0393705 3.5137529 0.23033762 144
6.1396685 2.9307876 0.3963728 66
6.1621375 2.7609224 0.40323305 63
6.1917257 2.592814 0.41058636 58
6.2077293 2.4225993 0.42077398 79
6.1814556 2.2444823 0.43062234 150
6.2429585 2.0869327 0.44460368 150
6.6435895 2.2054093 0.32915664 150
6.2833037 1.2551329 0.52506232 74
6.2814088 1.1143167 0.62197554 150
6.2702293 0.95007777 0.63827133 144
6.264286 0.80123568 0.68229377 109.5
6.3059816 0.62870193 0.67664421 138
6.3510876 0.46481276 0.70047128 133
6.3479104 0.43745303 0.64303124 137
0.69871509 3.1317544 2.2252493 15
1.8518356 0.96915436 2.1882434 1
2.130254 1.0681486 2.1785815 1
1.9970109 1.0422784 2.186522 0
1.9822592 0.95949209 2.1802526 3
2.1348271 0.98009479 2.1858687 2
1.9700825 0.85193872 2.1793871 3
2.1443012 0.89278394 2.1988509 1
2.1104562 0.80028772 2.1894705 2
1.9687488 0.77275586 2.1855965 4
2.0966897 0.68279266 2.1982944 4
5.978518 3.7943339 0.40142488 66
2.0633004 0.56590176 2.199255 6.5
2.2394373 0.59838694 2.1964715 8
2.2090588 0.50801176 2.19946 1
6.0194831 3.6180205 0.38328791 131
2.3161197 0.52973777 2.1979096 1
2.2844243 0.43503124 2.207952 1
2.19291 0.38115561 2.1999655 1.5
2.1317751 0.36082006 2.1936824 1
5.993104 3.4191861 0.43192744 150
2.3277888 0.39883453 2.2158308 0
2.2937012 0.33413255 2.2083015 1
2.1980045 0.28224099 2.2110305 0
6.0573444 3.2588263 0.41336489 99.5
6.0616322 3.069443 0.4510622 133
6.085104 2.892046 0.46418834 134
6.1173449 2.7318304 0.50247145 110
6.1722736 2.5560069 0.49393988 83
6.1511183 2.5803177 0.53022265 89
6.203269 2.4250116 0.53738594 82
6.1435933 2.3690104 0.50929976 150
6.1718731 2.247381 0.54033899 150
6.2090845 2.2088275 0.5298512 150
6.2304411 2.0943196 0.55029082 150
6.8474927 2.0626085 0.35212255 150
6.861352 1.8793783 0.37270164 150
6.2731333 1.3511746 0.64613891 150
6.8789377 1.6976509 0.39497089 150
6.2978716 1.1846726 0.67519259 150
6.2757883 1.1378336 0.68625891 150
6.2633953 1.0111079 0.70204127 49
6.9046774 1.5184407 0.41832256 142
6.2796106 0.9758172 0.69707978 150
6.3037481 0.84503555 0.73533642 39
6.3295565 0.66553092 0.74962461 95.5
6.351263 0.49228644 0.74608004 143
7.0234351 0.26022172 0.63004053 142
7.0470476 0.080371857 0.66812563 139
1.7785912 4.2841291 1.7935582 70
1.9266181 4.3064137 1.8100628 70
0.8415488 3.2454338 2.3592408 7.5
0.81493288 2.9934185 2.3938613 52.5
0.85729891 2.8938706 2.3436959 10.5
0.99672019 2.8582077 2.3653316 0
0.92439425 2.8558054 2.3411412 1
2.1606174 1.2246166 2.1928854 0.5
2.1478462 1.1312318 2.186645 1
2.3547482 1.1029185 2.1905155 0
2.3552113 1.0083655 2.198149 1
2.4020224 0.93065536 2.2128665 1
2.34655 0.87387753 2.1998789 1.6666666
2.3013775 0.78456545 2.196671 2
2.4503939 0.86167204 2.1983242 3
2.4160626 0.79562771 2.2082129 2.5
2.3400645 0.72646046 2.2071307 4
2.2726929 0.66000485 2.2026608 6
2.4242527 0.72708046 2.209404 5
2.3875122 0.64100337 2.2149072 5.3333335
2.3655043 0.59471279 2.2087455 7
6.0289812 3.5912797 0.52997017 98
2.3514698 0.49773049 2.2153001 1
2.5768745 0.56450677 2.2156901 1
2.5545373 0.51153493 2.2096882 1
6.2322183 3.5160267 0.38893962 51
2.555522 0.42303038 2.2227275 0.66666669
2.5025334 0.35566229 2.2156568 0.66666669
6.0644689 3.2472327 0.52516985 101
6.688024 3.369381 0.25093603 52
6.4975595 3.2347975 0.40132356 64
6.1029739 2.9102712 0.52457428 130
6.1036463 2.7380342 0.63549376 129
6.1473818 2.5843472 0.63669252 104
6.1968007 2.4312062 0.63907528 58
6.177628 2.2598584 0.6378901 150
6.2198472 2.1046691 0.64199495 150
6.8303103 2.0282328 0.47921324 132
6.8604202 1.8518515 0.49632788 142
6.8692889 1.6726799 0.51364827 142
6.8919954 1.496573 0.53323531 147
7.0242391 0.25739455 0.71365499 134
7.0377808 0.079182863 0.74526644 137
1.9059401 4.3572612 1.8909389 73
1.7624383 4.3373771 1.8735629 71
1.6958988 4.2852602 1.9915348 71
2.0809481 4.3284636 1.8276709 64
0.7834667 3.0723138 2.4362869 44
2.3714557 1.3634825 2.1893835 0
2.3526084 1.3060428 2.1914971 0.5
2.3562942 1.2423358 2.1918068 2.5
2.5440905 1.3221056 2.1990733 1
2.3744655 1.1619229 2.2006767 0.66666669
2.5363681 1.180348 2.2040169 1
2.3928146 1.0282059 2.2082412 0.5
2.5351186 1.0758806 2.2138908 1
2.5197849 1.004797 2.2138829 5
2.4732699 0.93095946 2.1992755 3
5.9817963 3.7493346 0.58428955 88
2.7364972 1.0198656 2.1953983 3
2.6700919 0.9934473 2.2138479 4
2.716469 0.90839195 2.2032063 5
2.655561 0.84954321 2.2182581 4
6.0122142 3.5706592 0.63857794 60
2.6605182 0.78692746 2.2115362 3.5
2.654093 0.71555305 2.2208452 4
6.008297 3.3851037 0.64420462 68
2.7754641 0.68722057 2.2062221 1.5
2.6612177 0.63328147 2.2102561 5.5
2.6045554 0.60804033 2.2177091 4
2.5888491 0.49518311 2.2349732 1
6.3171825 3.5257611 0.5391438 57
2.7955916 0.547122 2.216922 0
2.6687694 0.50661421 2.229939 0.5
6.0602031 3.2350273 0.64843702 88
2.8191695 0.47875535 2.2417231 1
2.7728186 0.41067779 2.234652 1
6.0650349 3.0491023 0.66291308 111
2.8161716 0.38165677 2.253633 1
6.3676572 3.1767364 0.53649449 56
6.1001596 2.906476 0.63952541 121
6.0987816 2.8851326 0.67457604 108
6.1134653 2.7161875 0.68713927 62
6.165812 2.5575457 0.70334864 78
6.1389341 2.3813026 0.71522737 150
6.1872859 2.2242827 0.73466349 150
6.8215261 2.156981 0.57937694 144
6.8281317 2.0421391 0.58884811 142
6.8352056 1.9720726 0.60243678 142
6.8525009 1.8670249 0.59914827 140
6.8660336 1.7901897 0.62878275 150
6.8647213 1.6910138 0.61159229 142
6.2798996 1.2490757 0.86944807 129
6.8896008 1.5629435 0.64165688 148
6.2903686 1.0881557 0.89600527 120
6.3221359 0.92821193 0.92798781 126
6.879837 1.3522956 0.67806458 150
6.3375869 0.76832747 0.95802402 128
6.351522 0.60694098 0.9909662 125
7.0113487 0.31767344 0.81276274 142
7.0269923 0.288306 0.77064526 122
7.0395045 0.12324357 0.81591487 118.5
1.7210776 4.3469534 2.0592771 73
1.8266878 4.2980394 2.0047982 64
2.0519202 4.3740225 1.9079939 68
2.2397299 4.3475275 1.8464029 30
2.6351254 1.715361 2.2098229 0
2.5300655 1.6430677 2.1892052 0
2.6512656 1.6460129 2.2116523 0
2.5400414 1.5724323 2.193346 0
2.5483623 1.5018167 2.1969771 0
2.6727972 1.5392488 2.2141612 0
2.5563815 1.4321382 2.2016239 1
2.700983 1.4345936 2.2226095 0
2.6992412 1.360522 2.2195473 1
2.8416705 1.3384365 2.2132928 8
2.7138815 1.2907655 2.2262325 1
5.9394627 3.9109583 0.62887549 26
2.8398068 1.2608734 2.2183421 7
2.710403 1.2164214 2.2248759 1
2.704968 1.1430337 2.224025 1
2.8426237 1.1852826 2.2278855 8
2.7383575 1.0847093 2.2144001 1.5
5.9928284 3.7336643 0.67245388 119
2.6968086 0.92437637 2.232352 6
6.038137 3.5744901 0.66441059 96
6.5784554 3.8580527 0.4449687 45
2.7968538 0.76796925 2.2212691 0
6.2961116 3.5005803 0.67136669 57
6.2142568 3.2826846 0.6639955 50
2.8857865 0.45594168 2.2677946 1
6.3772206 3.1726894 0.66224885 55
6.826426 2.0567052 0.68324089 141
6.8477621 1.8846931 0.68977618 136
6.8687963 1.7136185 0.6973269 138
6.8973737 1.5407479 0.70582056 143
7.0316596 0.51186919 0.86214161 141
7.0482922 0.32874203 0.90314901 136
7.0776534 0.14253068 0.94782829 69
1.8496327 4.357626 2.0757909 67
1.7564964 4.2070599 2.1861205 61
1.6587009 4.1806355 2.1740761 67
1.5712831 4.1652994 2.2464783 60
1.9809772 4.349299 2.0619161 64.5
1.8478012 4.1812305 2.18291 60
2.2173569 4.4064775 1.9350561 64
2.1174505 4.3414984 2.0451393 64
2.3890011 4.3945932 1.9118112 46.5
1.9760023 3.6995816 2.1268067 0
2.8691044 1.8341594 2.1627717 3
2.8288224 1.7697617 2.1979365 8
2.9210987 1.7746316 2.1839147 12
2.9531236 1.7077643 2.1970367 11
2.8431251 1.6531614 2.2029452 8
2.9532571 1.6324438 2.1956844 12
2.8479471 1.5747193 2.2058673 9
2.8601413 1.4989909 2.2143831 9
2.9874444 1.5530778 2.2058828 14
2.9696047 1.4870554 2.203742 11
2.8495522 1.4177961 2.2123132 8
3.3980055 1.7102591 2.0688224 27
2.9675779 1.4150144 2.2036455 11.5
2.9683971 1.3376464 2.2088187 10.5
3.4160113 1.6221923 2.0677996 45
3.089817 1.3337215 2.2312703 10
2.9624972 1.2589707 2.2122188 10
5.9595594 3.6676664 0.85842824 133
3.4472923 1.5361567 2.074755 46
3.059576 1.2274892 2.2400718 6.5
5.9731331 3.4986799 0.86282063 64
3.4490886 1.4444406 2.071301 45
3.4471579 1.3512213 2.0661581 30
3.5829825 1.3364139 2.0502391 19
3.468328 1.2636249 2.0725358 19
6.0036268 3.3390419 0.86951876 128
6.0243278 3.1779995 0.87657475 121
6.0500112 3.017992 0.88710999 91
3.0516839 0.41331363 2.3061862 16
6.0816708 2.8626881 0.89803386 128
3.2734463 0.492064 2.2678483 13
3.1876321 0.43066847 2.2773609 16
6.0932317 2.701647 0.90926814 126
6.1151152 2.5460324 0.92249966 134
6.1332893 2.390008 0.93599272 150
6.1899829 2.2433705 0.95620227 150
6.804801 2.1851263 0.79959083 137
6.8261871 2.0102885 0.82155395 133
6.8400545 1.8332458 0.84430361 135
6.2688518 1.3176386 1.0766946 131
6.8705487 1.6613946 0.87015486 142
6.286211 1.164799 1.102765 127
6.3083162 1.0131299 1.1291642 131
6.8993063 1.4892709 0.89771199 132
6.3219824 0.86097455 1.157446 131
6.3312206 0.70780468 1.186334 127
6.7673678 -0.06525445 1.1843655 30
2.7612228 -4.9691467 3.3478436 16
2.8154006 -5.0350237 3.3479173 16
2.8859005 -5.1582198 3.371274 14
2.9612994 -5.2675285 3.3596292 15
1.7424147 4.2322283 2.2936435 66
2.1372807 4.397788 2.1241598 63
1.8748562 4.2590637 2.2451763 62
2.2675974 4.3573036 2.0662842 61
1.944284 4.1592083 2.1826487 57
2.0553637 4.1492295 2.1903806 59
2.5443063 4.4445486 1.9832393 5
2.9935946 1.761242 2.2010636 15
3.0597868 1.6989148 2.2178454 11.333333
5.9079018 3.9999814 0.85251093 30
3.0795255 1.5803875 2.2191885 16
5.9330049 3.8326726 0.85483956 141
3.4263639 1.8101554 2.0884562 8
3.3642683 1.7542864 2.1526072 41.5
3.3648295 1.6641725 2.1551871 59.5
3.0952187 1.4587039 2.2283173 10.5
3.6610875 1.8405581 2.0473778 20
3.3816543 1.5784415 2.1659398 55.5
3.3471246 1.5584514 2.2184572 30
3.6682754 1.642843 2.0576768 65
3.3763115 1.4652824 2.1882839 51.25
3.3543792 1.3763924 2.2389483 55
3.0728099 1.1910781 2.279089 16
3.6603599 1.5439076 2.0619416 91
3.3895845 1.3886124 2.1800141 60
3.4017179 1.3167793 2.1937814 49
3.3381963 1.2837424 2.2428358 28
3.1368566 1.1780518 2.2648294 11
3.6416979 1.4430991 2.0637589 28
3.840878 1.2664558 2.0929213 12
7.035192 0.44293571 1.0991853 123
7.0546865 0.26732159 1.1390318 107
6.4962168 -0.53977585 1.4896264 99
2.9698691 -5.0083885 3.3593645 17
3.1737709 -5.0314121 3.3633707 16
3.0640321 -5.1188221 3.3789549 15
3.1005802 -5.1936398 3.3672709 15
3.2189639 -5.3527951 3.3750062 12
1.7326429 4.3470378 2.3847108 62
1.8956298 4.2696824 2.3272357 63
1.0125973 3.4327374 2.7301235 21
2.2806354 4.4068995 2.1455259 52
2.4062903 4.3754215 2.1198125 55.5
2.1954324 4.1656609 2.2148485 62
3.3110595 1.8285172 2.1909101 11
3.3512211 1.7456852 2.2103503 34
3.3480272 1.6519216 2.2132139 28
6.0090213 3.603682 1.0779519 44
3.7223516 1.7559309 2.0727737 32
3.8658457 1.7748026 2.099946 27
3.8521643 1.6698533 2.0932755 33
5.9921403 3.4326279 1.0791461 64
3.8532748 1.5684373 2.0916765 35
3.8487182 1.4675684 2.0908449 44
6.070261 3.1378474 1.0986602 23
3.8444803 1.3668559 2.0909481 62
3.751123 0.50581396 2.2709684 25
6.1369133 2.3797197 1.1514342 121
6.1780014 2.2388411 1.1695724 150
6.785533 2.2110896 1.0338676 135
6.8082242 2.0451708 1.053895 132
6.8325868 1.8803265 1.0763826 136
6.2566853 1.3625848 1.2807848 149
6.8509645 1.7158723 1.0987017 140
6.2871161 1.2202058 1.3060069 137
6.8731904 1.5503061 1.1241758 137
6.2907028 1.0747824 1.3280357 132
6.3125968 0.93053055 1.3554052 124
6.3364639 0.78641605 1.3842196 132
6.3392696 0.64118934 1.410759 123
6.3546801 0.49549365 1.4395059 124
6.3773494 0.35003352 1.4721612 121
3.2602446 -5.127327 3.3692462 17
3.3428922 -5.2548022 3.3784921 16
1.7489383 4.3390265 2.4639225 58.5
1.8714648 4.3701253 2.4095588 60
2.0649877 4.3369446 2.3075743 67
2.0702746 4.3229671 2.3722787 65
2.5883822 4.3940878 2.1167798 41
2.4928997 4.3390236 2.1520495 53
2.3485487 4.1904473 2.2463145 49
2.5938823 4.2947311 2.1539817 4
5.9683132 3.9242668 1.0713408 10
3.6788826 1.2539376 2.3222938 0
4.038106 1.3125231 2.2330852 4
3.9968762 0.53742909 2.315767 3
4.1881118 0.48284173 2.3047633 30
4.2603884 0.53599179 2.2584577 10
7.0047569 0.5626955 1.3066032 125
7.035872 0.39523935 1.3443414 113
7.0454035 0.22883749 1.3796203 77
6.865716 0.071068287 1.3901246 51
6.4937267 -0.69651866 1.7369853 74
1.7716789 4.3508911 2.5739789 62
1.6871713 4.3209791 2.5863371 61
2.0123661 4.3896413 2.4353671 61
1.9361992 4.3646898 2.5012727 56.5
1.8584695 4.3274803 2.4874148 59
2.1564794 4.407732 2.4624596 59
2.2571008 4.3946018 2.3951383 53.5
2.7794967 4.430428 2.1547771 0
2.5745089 4.2769742 2.3143291 48
6.206264 3.8603568 1.1005466 59
6.3277607 3.3972516 1.1238298 64
4.0125184 1.2498072 2.2843587 19
4.2463379 0.58870518 2.3100319 1
6.2254953 2.0582557 1.4616656 53
6.2472043 1.4227862 1.5316731 150
6.241415 1.2662187 1.5523386 150
6.2031965 1.1074464 1.5683618 143
6.2762556 0.9579246 1.6059443 136
6.2967629 0.804461 1.6374649 128
6.3055038 0.6494565 1.6678983 123
6.3155985 0.49536943 1.6998568 124
6.5245981 -0.85356975 1.7837607 59
6.5493045 -1.0119081 1.8328482 12
1.8045297 4.3528161 2.6282525 62.5
2.0203221 4.4020391 2.5257659 50
1.9236243 4.3590899 2.6144986 61.5
1.9035642 4.3598251 2.6580939 59
2.1571059 4.4196844 2.5629125 48
2.1098893 4.3585482 2.5314474 54
2.3047271 4.4226809 2.4897406 54
2.237246 4.3678751 2.5518024 49
2.4178491 4.4210186 2.4322906 48
4.0038424 1.3433826 2.4534636 0
6.6339006 3.1688066 1.1744661 47
6.68014 3.0131712 1.1890416 46
6.7197752 2.858707 1.2035289 45
6.7379565 2.6975875 1.2168016 45
6.3834729 2.257704 1.4761722 63
6.7973132 2.2197764 1.2647502 140
6.8149247 2.0627191 1.2839544 135
6.4467907 1.6102481 1.5479338 56
6.8318186 1.9050567 1.3035035 137
6.8567858 1.7496197 1.3263509 130
6.8723593 1.5932269 1.3482759 139
6.2586927 0.98153424 1.7266759 120
6.2734594 0.82933879 1.751382 121
6.29351 0.67724109 1.7785518 122
6.3081131 0.52446103 1.8076881 122
6.3375978 0.34130287 1.7363174 133
6.3425641 0.18668985 1.7711775 123
6.3740716 -0.12460256 1.8531547 113
1.693453 4.2918572 2.8061633 60
1.629185 4.2652287 2.8431706 61
2.0385993 4.3799095 2.6205673 63
2.0170827 4.3548055 2.6737914 53
2.1854362 4.4009295 2.6526599 61
2.0995259 4.3520184 2.6708121 49
2.3035119 4.443244 2.6043513 41
2.20889 4.2952256 2.6784 51
2.5850477 4.4671345 2.4521916 44
2.475872 4.4568567 2.5316834 49
2.3808708 4.3903198 2.5826101 45
2.5905681 4.4313879 2.4937215 41
6.4987841 4.3590131 1.1368904 8
6.1539869 3.3966932 1.4076099 58
6.3499923 2.0924907 1.6413801 127
6.3636241 1.9329724 1.6537941 129
6.3861446 1.7776701 1.6688957 129
6.4089012 1.6222322 1.6871483 131
6.4191575 1.4635544 1.7027088 130
6.265542 1.2950308 1.7949055 122
6.4318194 1.3076491 1.7223344 125
5.469842 0.52615857 2.1973424 10
6.3180304 1.1396053 1.7185589 123
6.2743883 1.136318 1.8248539 118
6.2563715 1.0420091 1.8307115 125
6.2723193 0.89006567 1.8496261 121
6.2835388 0.73804474 1.8701621 115
6.2943592 0.58557487 1.8919785 119
6.322669 0.43228626 1.9197465 118
6.3193083 0.37033391 1.8360709 121
6.3353434 0.24761224 1.9078178 115
6.4123135 -0.56411505 2.0633628 79
6.430932 -0.75450087 2.0407434 113
6.4456668 -0.91592145 2.092669 111
1.831567 4.3257027 2.8454947 62
1.7561224 4.3223047 2.8941822 53.5
2.2082675 4.3748994 2.6834681 48
2.4449513 4.4555798 2.641871 39
2.3256357 4.4096518 2.6783724 52
2.3387463 4.3763218 2.7051525 47
2.6296148 4.4644861 2.5604584 40
2.5283279 4.4105587 2.6146231 41
2.328018 4.2853661 2.6972764 47
2.7606735 4.4739218 2.5148363 21.5
2.4416571 4.2664499 2.7120488 27
4.6753654 2.5375667 2.2253327 2
6.2035456 3.2161803 1.6027405 88
4.044477 1.3016014 2.5631962 0
6.2299619 3.0526958 1.6029139 86
6.2256293 2.8829865 1.6006844 96
6.2765546 2.7909086 1.6436758 120
6.2623038 2.7257295 1.6070211 101
6.2950459 2.6237583 1.6557128 127
6.2952847 2.5691559 1.6155696 105
6.3097143 2.4321268 1.6458743 124.5
3.9837704 0.49980748 2.7179253 1
6.3299017 2.2707446 1.6585085 126
6.7736702 2.5247188 1.5297921 44
6.3614874 2.1281276 1.7074397 129
6.3847084 1.9662304 1.7298226 128
6.3984385 1.8019911 1.7515478 123
6.8063607 2.0055885 1.5744705 129
6.4144764 1.6391387 1.7776037 126
6.7972507 1.8315904 1.5895553 67
6.4396057 1.4781796 1.8055965 126
5.5405416 0.78253508 2.1678512 0
6.4250956 1.3682835 1.8406738 117
6.3830442 1.2065415 1.8435252 111
6.2692313 1.1063852 1.9267917 120
6.2889352 0.97924471 1.8579354 121
6.2592831 0.95178485 1.9335711 118
6.2889895 0.81015682 1.920949 114.5
6.3077679 0.65438056 1.9491669 119.5
6.3261538 0.49870229 1.9796406 117.5
6.3406315 0.34238958 2.0110145 120
6.3425875 0.18170309 2.0318732 98
6.35009 0.12317276 1.9738741 81
6.3983765 -0.34826159 2.0737152 75
6.4094853 -0.4815948 2.1296628 71.5
6.4194698 -0.64376116 2.1646137 100
6.4290462 -0.72329235 2.1088862 87
6.4383326 -0.85769677 2.1736546 96.5
6.4579539 -1.0621874 2.1776483 102.5
6.4497075 -1.2210693 2.2268076 67
1.8993688 4.3895912 2.9593287 49
1.9577501 4.3409653 2.873812 51
1.8869027 4.3227892 2.9148521 52
2.5762458 4.4528861 2.6725216 37
2.4506009 4.3742943 2.7038054 52.5
2.6817861 4.4315009 2.6487539 38
2.6093674 4.4117746 2.7301569 3
2.898854 4.4884276 2.5247622 21
6.1644316 3.8316481 1.6179271 131
5.1354504 2.980567 2.1156003 1
6.1947012 3.74085 1.6260226 88
5.1753731 2.8640251 2.1247172 1
6.1836643 3.6051979 1.6144972 98.5
5.0827823 2.7026095 2.0955122 4
6.1993561 3.4752855 1.6164467 122
5.1160278 2.5513191 2.1544189 10
6.200891 3.3877063 1.6081123 91
6.2156119 3.3008535 1.6197681 116
6.2336378 3.1288805 1.6252842 127
6.6359072 3.3946917 1.4846413 50
6.2641797 2.9612408 1.635443 126
5.3175731 2.2676167 2.1718054 0
6.6697183 3.2186389 1.4897485 33
5.3388481 2.0226889 2.1894853 0
5.3102732 1.9212278 2.2332828 1
6.6955061 3.0436406 1.4974072 33
6.2923298 2.6152425 1.7799747 102
5.3289165 1.8978531 2.1934199 1
5.3152881 1.7882154 2.2452641 1
6.7104659 2.8664765 1.5048339 34
5.3478513 1.7794788 2.2078443 1
6.3208256 2.4594681 1.7834983 101
5.3623586 1.6600902 2.2228746 0
6.7463975 2.6952267 1.5169721 40
6.3311543 2.3010015 1.7850962 122
6.3398447 2.1436477 1.7881351 122
6.3696299 1.9895927 1.7973495 101
6.3769178 1.8332158 1.8049791 119
6.3864808 1.6760389 1.8130381 129
6.4135265 1.5231369 1.8272691 115
6.4361773 1.2755635 1.9561427 111
6.3850627 0.18533874 2.0628028 68
6.4063616 0.025654316 2.1111355 113
6.4102268 -0.13502526 2.1591477 57
6.4269352 -0.29630923 2.2125182 105
6.427084 -0.78441453 2.2149541 98
6.4528723 -0.97467947 2.2465544 92
6.4664564 -1.1419282 2.2902212 75.5
6.4888525 -1.3356545 2.3313966 78.333336
2.0335617 4.388876 2.9806414 46
2.1267536 4.3959713 2.9333191 44
6.1021566 4.379859 1.6351275 100
6.1506824 4.2747388 1.6618664 97
6.1264753 4.1962881 1.6276095 112
6.165029 4.0941925 1.6476095 97
5.1082745 3.2365291 2.1194706 0
6.5403805 4.3290095 1.5009871 33
6.1571054 4.0186715 1.6233654 107
5.1332741 3.1128807 2.1198802 1
6.5684338 4.1418476 1.4949381 31
6.1828985 3.9174724 1.6357927 89
5.1856184 3.0025997 2.1889601 1
5.2016478 2.8631611 2.1865065 1
6.5919614 3.952286 1.4897604 31
5.1753173 2.7103531 2.1739616 1
5.0207286 2.6130538 2.2759666 21
6.619844 3.7696347 1.4883623 32
6.2285023 3.2560458 1.7939835 96
6.2469196 3.095722 1.7888634 98
5.3345499 2.400104 2.17275 0
5.2716637 2.3201702 2.2032294 0
5.3343196 2.199707 2.2266591 0
6.256465 2.9322765 1.7830045 104
5.3573875 2.0669086 2.2388806 0
6.2850256 2.7757008 1.7823625 100
6.3161798 2.356802 1.9241612 110
5.3712988 1.6657244 2.2745013 0
6.3382339 2.2027836 1.9231658 109
6.3494997 2.1329362 1.9545412 116
6.352469 2.0474977 1.9239728 114
6.3703737 1.9366314 1.9508595 117.5
4.7760415 0.62633467 2.6572037 28
6.3852539 1.8228425 1.9953043 118
6.3910012 1.7403816 1.9322795 111
6.4047713 1.5854486 1.9385324 109
6.41886 1.4306718 1.9457202 112
6.2531157 1.1886272 2.0489898 115
6.2748547 1.0386975 2.0805702 109
6.3025131 0.88917732 2.1164851 104
6.3115644 0.73942351 2.1480737 105
6.3260379 0.58824611 2.1855412 74
6.3445396 0.43763471 2.2236838 91
6.4533787 -0.46048117 2.2694759 110
6.4687099 -0.624789 2.3291678 95
6.4859152 -0.79034495 2.3905687 93
1.7390257 4.3493137 3.1724615 33
1.8472244 4.3239727 3.1994271 23.666666
1.7552674 4.3325858 3.1740122 22
2.1621168 4.4289036 3.0355587 43
1.9237475 4.2840576 3.1900539 15
2.2832062 4.4331751 2.9818921 42
2.181299 4.3983488 3.0074077 44
2.3205538 4.4179659 3.0444531 40
6.0734262 4.563508 1.6452026 14
6.125206 4.4540563 1.6769061 64
6.5063591 4.5176554 1.5088181 4
5.1765203 3.1472101 2.1946077 0
6.186389 3.7570257 1.8282659 95
6.1967354 3.5848517 1.8449829 101.5
6.2170334 3.4226351 1.8042483 93
6.2071056 3.4138522 1.8753986 101
5.0427752 2.5289469 2.3424208 19
5.4027591 2.6792116 2.1894979 16
6.22293 3.2480659 1.8784897 96
6.2425785 3.0851688 1.8830054 109
6.2628956 2.9844129 1.9485536 103
6.260293 2.8727021 1.912509 105
6.2878218 2.767066 1.9004922 109
6.2897139 2.6358514 1.9207211 96.5
6.3048725 2.5126939 1.9276044 107
6.3107224 2.4462135 1.9217598 122
6.3367729 2.289643 1.9390817 98
4.9826298 0.74869406 2.7129829 19
4.9863338 0.67012942 2.695987 18
6.4059882 1.6691623 2.0182285 115
6.4249864 1.5152098 2.0428581 117
6.4461946 1.361258 2.072083 121
6.3698988 0.28680921 2.267015 39
6.404881 -0.018762827 2.3575478 54
1.9969865 4.3405647 3.2182541 26
1.9493136 4.3009901 3.2352057 16
2.30266 4.4502392 3.0782948 43
2.1323183 4.3061094 3.2277114 19
2.0566995 4.2490654 3.2175217 14.25
2.4469891 4.4438114 3.0527341 41.5
2.1618586 4.1868863 3.2076569 14
2.5764084 4.463274 3.0589294 43
2.2472281 4.1586218 3.2197056 13
6.1203833 4.2675185 1.8845904 93
6.1409726 4.0936871 1.8719001 96.5
6.1593518 3.9224415 1.8605986 95
6.174284 3.7513602 1.8771775 100
6.2169409 3.4640224 1.9866467 110
6.2202969 3.2981148 1.9694028 96
6.2397733 3.1406584 1.9570258 104
6.2086558 2.2529619 2.1791513 40
5.3771367 0.73846245 2.7184594 33
5.5181909 0.81861615 2.6538687 24
5.4145308 0.68189776 2.6478252 25
6.2421756 1.2403382 2.2964478 108
6.2596169 1.0990729 2.3226936 90
5.5958242 0.54464698 2.6914566 21
5.5225296 0.41479826 2.6910467 21
6.2739844 0.95771027 2.3510699 87
6.3078413 0.67449927 2.4147193 59
6.6235962 -2.7890425 2.8127167 6
2.443929 4.4670849 3.1204655 41
2.2051206 4.2472019 3.2352569 15.5
2.5859644 4.4554076 3.1345277 30
2.4165337 4.236187 3.2614355 0
2.3034227 4.2426672 3.2346606 16
6.1043839 4.6453981 1.9225559 1
6.0765524 4.6110277 1.9174511 40
6.1149611 4.4436922 1.8981478 73
6.0888038 4.4442415 1.9026749 47
6.1562452 3.9485545 2.0374861 81
6.17237 3.7827621 2.0180185 91
6.1955233 3.6235287 2.0014796 89
5.1541052 2.6387172 2.5952587 2
5.0258389 2.5706162 2.5540285 1
5.0917578 2.4867864 2.5702209 21
5.1325021 2.3445766 2.5737271 1
6.2445321 3.03106 2.163022 91
6.2570472 2.8765948 2.167485 94
6.2795019 2.7282009 2.1771762 93
6.2911119 2.5765471 2.184685 101
6.2950001 2.4250116 2.1937313 97
6.3469315 2.133769 2.2258394 95
6.3612986 1.9872313 2.242249 98
6.3773365 1.8417673 2.2611184 101
6.4050603 1.6975527 2.2832909 97
5.6847348 1.1019481 2.6535726 32
5.5961828 0.95763755 2.6511462 34
6.411624 1.550841 2.3034537 101
6.4376273 1.4074476 2.3292816 120
5.66395 0.67687702 2.6910868 22
6.3523226 0.38967013 2.4889264 93
2.6857407 4.4472728 3.1741352 3
6.1040354 4.2728806 2.0801468 62
6.1465545 4.1176848 2.0616927 90
6.1566515 3.8132882 2.1604936 93
6.1742697 3.6520672 2.1579337 98
6.1951904 3.4959021 2.1566129 99
6.2096286 3.3382936 2.1566699 101
5.2491236 2.5099783 2.6251051 2
6.2221107 3.1816413 2.1572316 93
5.5864658 1.0071856 2.7670109 38
5.5490799 0.87499285 2.7676115 39
6.2394609 1.2712818 2.5477884 105
5.8308535 0.95135164 2.7049837 23
5.7653933 0.81258225 2.7023318 24
6.2568703 1.1391113 2.5725241 105
6.2614775 1.0046382 2.595583 113
6.1207104 0.50578094 2.7236774 24
5.9846053 0.36576414 2.7110419 21
6.1024256 4.4504242 2.1098235 1
6.1221008 4.1393218 2.1733344 46
6.1417408 3.9763441 2.1661031 98
5.0087404 2.5750611 2.8275261 1
5.0791349 2.4668555 2.8537588 34
5.7863455 1.1569892 2.8279681 35
6.4156933 1.4277368 2.5857329 102
6.2330942 1.0811237 2.6416402 116
6.2505932 0.93804431 2.6735168 109
6.2804613 0.87215567 2.6230435 105
6.2765484 0.76672411 2.6778309 100
6.2650442 0.62693405 2.7029822 58.5
6.267272 0.47020221 2.6936774 44
5.2959452 2.5899429 2.856746 1
6.2649851 2.8108139 2.4452798 28
6.266469 2.7561007 2.5031173 46
6.3129859 2.3902631 2.4714737 42
5.8361421 1.4334588 2.8278935 26
6.3972654 1.7025807 2.5481796 91
6.3759289 1.6904364 2.6013141 108
5.8183742 1.2949799 2.8292894 27
6.4069448 1.5547149 2.5974183 110.5
6.4016047 1.3922507 2.6477914 99
6.1716509 1.1156582 2.8032756 41
6.3819456 1.2417141 2.66468 116
5.2754154 2.6506317 2.9551752 2
6.2314434 2.371139 2.6884878 44
6.2688851 2.2229431 2.7122979 62
5.2806144 0.62849867 3.2926271 18
6.2795577 2.8667564 2.6865594 45
6.2350898 2.643888 2.7047329 57
6.2309551 2.5291159 2.6804163 46
6.2222033 2.4416103 2.7290399 43
6.2263365 2.2909515 2.7314396 42
6.2932801 2.1556356 2.7580318 62
6.3435826 2.0488124 2.7652025 85
5.278244 1.1362116 3.3315151 17
5.1927223 1.0554776 3.3569942 12
6.3569636 1.9282892 2.7701108 101
6.3563747 1.8678092 2.7932582 87
5.2636275 0.9172852 3.3549161 17
6.3777466 1.7492188 2.8036814 92
5.3280935 0.80248141 3.3746438 19
5.204401 0.69917715 3.3623419 5
6.3849258 1.5986323 2.8226776 94.5
5.2791386 0.68280053 3.3760188 18
5.2223234 0.56475902 3.3755155 18
6.4094748 1.4724054 2.8509426 98
6.3998089 1.4294455 2.8453727 85
6.3330545 1.3105087 2.851608 49
6.4090643 1.2834754 2.8666346 93
6.2591782 2.7587996 2.7446971 49
6.1346378 2.4831262 2.9326143 52
5.3588867 1.4562192 3.3516321 14
5.3483334 1.3638479 3.3401899 17
5.2978745 1.3052629 3.3585939 12
5.3085756 1.248458 3.3334405 17
5.2409363 1.1785544 3.3542352 11
5.463129 1.172066 3.3759899 20
5.2993078 1.0288286 3.3551397 18
5.4331884 1.0479735 3.3801901 19
5.3735352 0.92452395 3.3730006 19
5.6164417 1.021136 3.3490801 17
5.5397062 0.88775349 3.3440154 17
5.5176916 0.76028883 3.3674717 19
5.7827482 0.62953806 3.359066 22
5.6730165 0.53703403 3.3744307 11
6.161315 0.84934759 3.1464858 47
6.1404152 2.6593015 2.9578681 43
5.532567 1.426967 3.3760493 18
5.5091329 1.3003169 3.3806028 19
5.7212524 1.292154 3.3408289 18
5.6717415 1.1550636 3.3453045 17
5.8767576 1.1349561 3.3045974 16
5.9121275 1.0631992 3.3537593 11
5.9091063 1.0109848 3.3399911 20
6.2488365 1.2264261 3.1317263 65
5.8889532 0.90679562 3.3632002 19.5
6.2876959 1.1450262 3.1770368 64
6.2486258 1.0853955 3.1564515 67
6.2455144 0.99709964 3.1690671 47
5.8679433 0.79741597 3.3929152 20
5.8523736 0.75607026 3.3634176 20
5.7819281 0.66555679 3.388613 17
6.2705035 0.94522572 3.1938381 72
5.4690061 2.5914698 3.3248498 14.5
5.791091 1.433833 3.3489919 17
6.0658083 1.413653 3.3487537 17
6.3967676 1.5310761 3.1416836 89
6.004621 1.2763261 3.3401289 18
6.0344296 1.2075142 3.3799963 12
6.4013166 1.4467762 3.211982 85
6.4383535 1.3910998 3.1798201 81
6.4149895 1.3017398 3.2208908 93
6.0934587 1.5487344 3.3445649 18
6.1440353 1.4942657 3.3803158 17
6.0772128 1.3483906 3.3739679 12
5.9923944 2.74929 3.3321753 15
6.2476511 2.7406363 3.2189925 53
6.2305813 2.8163035 3.3479621 46
6.2391901 2.6734581 3.3400464 50
-11.540556 1.3614006 -0.54456615 38
-10.945939 0.50281405 -0.52788007 74
-10.990574 0.76633525 -0.52647305 75
-11.023298 1.0174675 -0.50071317 73.5
-11.701861 1.3451777 -0.49973869 73
-10.441164 1.4856265 -0.49690181 1
-10.948945 0.46911669 -0.47758615 75
-10.979229 0.73285651 -0.47616929 77
-10.639843 1.4804568 -0.45915008 1
-11.713291 1.3466434 -0.11979109 111
-11.709863 1.3834109 -0.14193553 120
-8.4186401 0.18518949 -0.42318267 1
-11.581803 0.24448919 -0.14572281 52
-10.94289 0.50498319 -0.14240009 90.5
-10.973013 0.78122878 -0.14611554 95
-10.978645 0.74762511 -0.12772918 96
-11.016488 1.025095 -0.13187104 82.5
-11.088013 0.33221722 0.10345745 47
-10.961844 0.59023666 0.10482305 77
-11.002531 0.85966372 0.10915023 76
-11.039235 1.1284249 0.11217588 76
-11.69217 1.4770522 0.12556452 43
-8.3316622 0.20337605 -0.13481271 4
-10.881701 -0.30125427 0.16133541 98
-11.57275 0.27408266 0.22566283 44
-10.90029 -0.04159236 0.16682285 77
-11.56998 0.5101254 0.19180739 89
-10.93556 0.21997452 0.17253017 77
-10.95931 0.74976373 0.18390286 75
-10.993473 1.0163074 0.18969017 78
-11.709129 1.3668993 0.27520907 121
-11.776125 1.6659842 0.28681964 12
-11.724636 1.6405294 0.25033385 67.5
-11.025107 1.2861066 0.19540405 76
-1.3600101 5.0853004 -0.31394929 1
6.0919175 3.2635028 -0.92289001 19
6.1259418 3.6693726 -0.91644949 1
6.6670923 3.7779839 -0.99786568 1
-11.367988 0.29838872 0.2382378 38
-10.957616 0.52431202 0.22831243 74.5
-10.985678 0.77667737 0.23773974 86
-11.028121 1.0195477 0.24335605 75
-11.025843 1.0480535 0.25111836 74
-1.3661987 5.0705395 -0.30997276 1
-1.1938771 4.9123974 -0.30491295 22
6.9092331 1.7795873 -0.94448817 7
6.1843939 2.5720701 -0.83183157 6
6.8354468 2.2910268 -0.92318785 5
6.1837626 2.746177 -0.82829273 2
6.094491 3.2404091 -0.80946571 49
6.1207714 3.3949668 -0.80039644 23
6.6852427 3.7567489 -0.87844765 22
6.6698318 3.9034886 -0.86772305 20
6.6567655 3.9519043 -0.87330616 22
1.4297986 6.3956051 -0.39976385 45
1.5170698 6.4069901 -0.42587844 49.666668
1.536976 6.4346681 -0.4651708 46
1.6593732 6.4360547 -0.44783106 45.25
1.7296999 6.427103 -0.42819226 43.5
1.8442923 6.4508276 -0.44846609 43
-10.877684 -0.39501572 0.35065442 92
-10.901665 -0.13844109 0.3604317 73
-10.924225 0.11641192 0.37005568 96
-10.93152 0.37108111 0.37961307 91
-10.960639 0.63101983 0.38885185 91
-10.996441 0.89063144 0.39854592 91
-11.048049 1.1539462 0.40945855 75
-11.711945 1.5030253 0.44669271 20
-11.779148 1.7929087 0.45852855 3
-11.156098 1.9658628 0.43963107 1
-3.2118683 -0.0012845993 -0.20118757 0
5.415616 0.99301887 -0.76496375 10
-1.3628885 5.0673389 -0.18794793 1
6.2907772 2.1303287 -0.75290918 17
6.2158451 2.3908849 -0.80966002 5
6.1799178 2.5445089 -0.80531156 4
6.177969 2.7137337 -0.80484384 4
6.1693354 2.8826318 -0.80392063 1
6.8117013 2.6260908 -0.76151156 21
6.1856775 3.1278825 -0.71105957 4
6.7999172 2.8051271 -0.76004845 20
6.7634249 2.9775872 -0.7570715 23
6.7601728 3.1637874 -0.75697947 19
6.6885099 3.5824718 -0.75781322 8
6.6542501 3.8818378 -0.7299208 24.5
6.7686205 3.8313267 -0.760548 2
1.5170373 6.3673863 -0.32850668 47.5
1.6304644 6.3954711 -0.37263173 47
1.7975727 6.413476 -0.38370785 43
-10.86585 -0.43642187 0.47488981 104
-11.721842 1.6428413 0.59922945 14
-11.823562 2.5153775 0.62084687 1
-0.67453718 2.7553508 -0.1434788 0
-0.6064772 2.7537339 -0.18203771 0.66666669
-0.58408582 2.9799666 -0.1567263 7
-0.35527784 2.853724 -0.16261843 150
-0.59122354 3.0279903 -0.21388407 7
0.14865112 2.7191052 -0.21377234 110.25
0.24597669 2.7296734 -0.21696109 104
-0.54705131 3.1800861 -0.17672031 23
-0.46926236 3.135849 -0.14475897 29
-0.38159418 3.0927982 -0.21942416 75
0.34490138 2.742816 -0.22118285 101.25
0.44518232 2.7515321 -0.22513752 103.5
-0.54113364 3.1917219 -0.22423671 15
-0.46717417 3.1845374 -0.20655039 26.333334
-0.33613682 3.1455879 -0.20822033 46
-0.25000203 3.1701674 -0.15594515 44
-0.17392099 3.1343651 -0.15836632 50
0.51451904 2.7651751 -0.22853534 103.5
0.58160925 2.7661443 -0.23117408 67.5
-0.31255627 3.2087998 -0.22959641 20
-0.20258594 3.1935408 -0.21500888 27.166666
0.061345577 3.0949707 -0.2311663 11
-0.071167707 3.2447865 -0.19914618 12.5
0.014261603 3.2537796 -0.20406303 9.75
0.053213835 3.2570643 -0.20140827 10
5.437479 1.0062052 -0.62566155 12
-1.2179077 4.9107661 -0.026483282 22
-1.4017493 5.0641708 -0.045933694 1
-1.377566 5.0702524 -0.051104188 1
-1.2383242 4.9208984 -0.048810557 16
6.9021692 1.7781971 -0.77253997 7
6.8103743 1.9258904 -0.7624799 7
1.3417928 4.9606457 -0.25643554 20
1.4265556 4.9570541 -0.22033292 108
1.5565437 4.9739733 -0.23688003 10
6.8031912 2.6057522 -0.70339155 26
6.1778197 3.0372872 -0.65420187 19
6.8058844 2.7860479 -0.70590639 23
6.7629495 2.9515162 -0.70370412 30
6.7593045 3.1323988 -0.67366517 26.5
6.6821637 3.4769499 -0.64336288 6
6.6583409 3.861382 -0.65162122 27
1.5101858 6.3162141 -0.22534201 46
1.6105192 6.2740402 -0.19254637 49
1.6701806 6.3395548 -0.24478015 44
1.7736082 6.3047619 -0.21397281 43
-11.086945 -0.27426767 0.5275135 96
-10.863018 -0.41476679 0.53856081 97
-11.134096 -0.015105724 0.53497565 97
-10.897308 -0.17222452 0.55162197 76
-10.904319 -0.19422412 0.49224305 77
-11.364769 0.30655694 0.54817474 30
-10.926508 0.059891939 0.53641874 78
-11.606958 0.52834654 0.57105607 109
-11.180544 0.24811816 0.54251695 99
-10.96171 0.31757355 0.57659924 50
-10.964147 0.55152702 0.5636006 75
-10.9976 0.78678298 0.56617689 75.666664
-11.032538 1.0299904 0.56141889 65
-11.026388 1.0633123 0.6096819 76
-11.397861 1.3258748 0.57566476 108
-11.209907 2.0769405 0.63844836 3
-1.00278 -0.22858706 -0.10455856 21
-0.99880576 -0.26532707 -0.10549481 21.5
-1.0016925 -0.20392287 -0.10385509 23
1.1461595 0.31757742 -0.23755372 0
1.2007113 0.39624527 -0.24338287 0.5
1.2380525 0.52296948 -0.25000465 0
1.2135388 0.61797941 -0.24529463 1
-0.68424696 2.7544956 -0.089005679 0
-0.62103963 2.757242 -0.077544212 1.8
-0.56433409 2.7954254 -0.069909103 4.25
-0.570315 2.8798399 -0.13176456 6
-0.44329113 2.8666639 -0.068487793 151.66667
-0.35751474 2.8282363 -0.094066128 153
-0.29886985 2.7970228 -0.073564462 163.5
-0.30813658 2.9137664 -0.12589544 150
-0.2008419 2.9002347 -0.1087267 150
0.087819993 2.7841852 -0.13451451 118
0.13907421 2.7199345 -0.15802547 102.28571
0.21703529 2.7267809 -0.15837057 103.6
-0.55287611 3.1153426 -0.075894624 66.75
-0.47031093 3.0936527 -0.11793724 72
-0.3086642 3.013505 -0.1477806 150
0.076514125 2.8126838 -0.13182338 120
0.28171939 2.7358124 -0.16419742 102.4
0.36729801 2.7459965 -0.16848528 99.75
0.42814803 2.7475526 -0.19148125 103.5
-0.26313281 3.1278083 -0.084826604 150
-0.18002832 3.0708785 -0.10578873 136.5
0.49123859 2.7589412 -0.17431328 99.428574
0.56998372 2.7645998 -0.17661308 66.85714
-0.11571252 3.210314 -0.15199965 16
-0.13070047 3.236587 -0.11602579 18
-0.068709135 3.2332394 -0.10657766 15.833333
0.029203176 3.2479203 -0.1080894 10.333333
5.3924184 1.0020159 -0.56548715 1
-1.2268341 4.9113503 0.073446587 25
-1.3848068 5.0620422 0.089215919 1
-1.3503417 5.0949416 0.058768883 0.5
-1.2330301 5.0846329 0.080355957 1
-1.190884 5.0146723 0.023056686 1
6.3928156 2.2819047 -0.59576607 41
6.2915907 2.4468374 -0.52733755 1
1.3913732 4.9430022 -0.1210417 117
1.4412322 4.9231739 -0.14118935 23
6.8933105 2.4980488 -0.57767975 20
1.530872 4.9342346 -0.15912156 102.66666
1.663403 4.9305458 -0.19154078 8
6.8062315 2.6043532 -0.633443 31
1.6558924 4.9748111 -0.12844054 12
6.1807299 3.0403273 -0.59613907 29
6.2473574 2.9441288 -0.51054949 3
6.6983595 2.7842388 -0.55304676 16
6.7829342 2.7753594 -0.63544309 33
6.2087984 3.1010993 -0.50290322 16
6.7615137 2.9722886 -0.59463209 22
6.8001442 3.5952854 -0.53952992 24
6.7587242 3.7753854 -0.53095347 2
1.4501996 6.2562728 -0.12777798 55
1.605651 6.2537131 -0.11060968 50
1.6805168 6.2649398 -0.14656264 50
1.7591624 6.2552962 -0.099192813 51
-10.850269 -0.57351661 0.61188775 103
-10.87524 -0.32525444 0.62748909 99
-10.900214 -0.076992512 0.64309043 97
-10.930959 0.17053986 0.65907103 95
-10.93912 0.42230773 0.6736117 75
-10.966021 0.67360735 0.68944335 91
-11.0092 0.92772746 0.70549566 76
-11.045832 1.1866071 0.72224498 75
-1.6849499 -0.074856579 0.025060609 2
-0.97796822 -0.35254309 -0.032778215 10.8
-1.2890592 -0.090160578 0.015041992 0
-1.0100201 -0.23426032 -0.032524291 17
-1.0038433 -0.28210807 -0.034700457 17.333334
-1.2850339 -0.068411887 -0.012382485 6.5
-1.1931506 -0.088036805 -0.038043074 9.333333
-1.1015025 -0.076781541 -0.041733831 8
-1.0136924 -0.15887827 -0.027899481 17.888889
-1.0128815 -0.094072402 -0.044444002 25
1.0241991 0.19652745 -0.21733403 8
1.0412029 0.17371142 -0.22124565 5
1.0139441 0.26009259 -0.21360819 4.75
1.1055481 0.24516588 -0.1728244 9.8000002
1.0785494 0.33575147 -0.18930955 1.6666666
1.1344174 0.30001077 -0.15078837 0
1.2206752 0.31195471 -0.20180415 1
1.180042 0.44032204 -0.19240966 1
-3.1332145 2.4060504 0.14920458 32
-3.0378933 2.3825018 0.16789408 28.5
-2.9746637 2.3584013 0.15319872 27
-2.8773098 2.4318314 0.13619803 6
-2.8495836 2.3845603 0.17990983 5
0.35352516 1.0328525 -0.09503179 1.5
-0.60341853 2.7600622 0.011178873 1
-0.55356258 2.77283 0.017635807 2.5
-0.49693841 2.7781506 0.014359489 4.5
-0.37023294 2.7847576 0.0097504407 7
-0.43580645 2.8840644 0.01210852 86.666664
-0.32863533 2.8379943 -0.00024190545 44.5
-0.2779507 2.80813 -0.002293691 17
-0.3922264 2.9201984 0.014559262 7
-0.28671658 2.9162407 -0.017239124 114.25
-0.21570241 2.9340608 -0.019368172 150
0.099947155 2.7585549 -0.07699693 150
0.16681319 2.7155595 -0.054216698 114.28571
0.23356867 2.7179198 -0.049481124 107.71429
-0.54069722 3.1386421 0.014155567 26.200001
-0.41378522 3.0926447 -0.013592422 101
0.10282707 2.8274956 -0.039666452 120.5
0.14505476 2.7965372 -0.039826252 150
0.28407723 2.7246301 -0.061213374 105.8
0.3671118 2.7350624 -0.064346626 97.5
0.44567949 2.7391663 -0.075224757 100
-0.45767832 3.1765351 -0.0048744828 21
-0.16712439 3.1345243 -0.012408175 150
0.50591242 2.7440903 -0.062761284 102.57143
0.59204876 2.7497919 -0.077341244 87.875
0.65827894 2.7441685 -0.076743454 26
-0.27542222 3.1845427 0.014771469 82
-0.17527115 3.1988003 -0.011815563 49.625
-0.12715507 3.2086818 0.0082108676 25
-0.055939436 3.2293036 -0.01941824 18.375
0.029145122 3.247334 -0.02703429 10.5
0.087920427 3.2514324 -0.032003514 10
0.12993491 3.2492647 -0.029483683 10
5.476254 0.90260768 -0.5062713 90
-1.2457641 4.9087634 0.096748307 16
-1.4195865 5.0937939 0.10868946 1
-1.1432624 4.9246516 0.15028279 13
-1.0760027 4.9409151 0.068884566 28
-1.2909136 5.1052332 0.15123336 1.5
-1.0309374 4.9482803 0.13618146 28
6.2333102 2.2178235 -0.48638317 14
6.8513546 2.2541702 -0.53833258 33
1.3431222 4.9500346 -0.027194079 21
1.4371145 4.9249349 -0.068636313 4
1.5017034 4.9084473 -0.10073703 101
1.4705378 4.9615216 -0.032701369 105
1.5773489 4.9334764 -0.056074433 78.5
1.6327553 4.9237967 -0.10938446 100
1.7542217 4.905117 -0.11843904 2
6.8114524 2.6085103 -0.5143277 33
1.7163869 4.9687996 -0.061638556 13.5
1.8331701 4.9631333 -0.083996549 2
6.7958021 2.7892463 -0.50251234 30
6.0883608 3.2089095 -0.41488215 51
6.7717133 2.9704297 -0.48909175 27
6.4555573 3.207396 -0.44753858 45
6.7465391 3.1542807 -0.47651428 24
6.698369 3.7352896 -0.43775141 23
1.5335097 6.2117143 -0.010628819 53
1.6648418 6.2335348 -0.06321995 49
-11.443544 2.2981155 0.80613816 4
-11.430728 2.5679469 0.81878471 1
-2.2981825 -0.15054494 0.13259837 8
-1.7966586 -0.15454715 0.080473453 3
-1.7019022 -0.10785741 0.075345442 7
-0.99052203 -0.34916139 0.046732306 15.222222
-1.0097821 -0.24067268 0.047763877 19
-1.0033857 -0.29432651 0.044045672 18.533333
-1.0163795 -0.15507549 0.050181657 18.771429
1.1062949 0.24289045 -0.10993134 9
1.1014264 0.34375936 -0.05859923 0
-3.0741975 2.3787973 0.25154367 34
-2.9458487 2.3701937 0.24533662 6
-2.9514813 2.4109528 0.23799054 21
-2.8390057 2.4290442 0.22871843 30
-0.44043726 2.8955207 0.092859849 6.5
-0.32779896 2.7954693 0.080345221 3
-0.57904351 3.0945032 0.11131264 22
-0.27412403 2.9313679 0.082904309 150
0.10358596 2.7404048 0.10169926 115
0.15557611 2.7203808 0.060001228 104
0.22760344 2.7282538 0.088661484 101
0.061397672 2.8498251 0.054941289 30
0.28314883 2.7354457 0.050584339 105
0.38397068 2.7477396 0.059325106 108.33334
0.44271821 2.753515 0.0233202 99
0.51562995 2.7599065 0.048528962 99.666664
0.5767138 2.7631903 0.014288384 80
-0.18889356 3.2211378 0.089128792 17.5
-0.041099072 3.2558746 0.079927191 11.5
5.4935527 0.9166919 -0.33452901 35
6.2369933 1.2409558 -0.43426055 11
-1.2677155 4.9161606 0.24092671 3
-1.1485682 4.9170914 0.23165041 30
-1.0338634 4.9396615 0.22537319 32
6.9159636 2.1085937 -0.47823256 34
6.8888717 2.2856386 -0.46573648 24
6.7999578 2.5675981 -0.42255038 3
6.886682 2.4751523 -0.41145608 28.5
1.4103222 4.9585443 0.049628679 75
1.5376332 4.9678936 0.041052379 68
6.8609428 2.6499944 -0.44325244 28
1.6728306 4.9901567 0.032334521 12
6.1744285 3.0527277 -0.31749853 45
6.246109 2.9297938 -0.35145068 20
6.7858543 2.7476542 -0.41487592 33
6.8691001 2.6506987 -0.36256188 33
6.1774936 3.1006072 -0.36333683 21
6.3235655 3.0951064 -0.37068087 36
6.8520145 2.8315578 -0.39477122 29.5
6.7800522 2.9316955 -0.40765405 34
6.744277 3.1071134 -0.39861599 33
6.8350077 3.0123501 -0.38636971 24.5
6.0542974 3.5114279 -0.33575478 44
6.4133968 3.3276353 -0.3675884 47
6.2979565 3.4584427 -0.3544082 43
6.7015009 3.5020494 -0.33501714 2
6.7767992 3.6065664 -0.38008791 1
1.4530344 6.1651897 0.098816134 37
1.6087009 6.1795039 0.088420711 39
-10.858281 -0.48817372 0.85183221 77
-10.886982 -0.24701548 0.87348646 78
-10.924192 -0.0053772926 0.89574885 78
-11.621953 0.53465939 0.96143448 111
-11.644871 0.80388498 0.96953154 109
-11.682647 1.0742095 0.97769594 108
-11.702597 1.3454039 0.98464549 113
-11.705528 1.6156404 0.99037898 8
-11.83572 2.4723272 1.0174913 4
-11.890673 2.7677319 1.0286479 1
-3.3687229 -0.26581931 0.29081148 7
1.1027241 0.22448966 0.036330014 5
1.2021095 0.41019031 0.0011720061 0.5
-3.0236807 2.3804314 0.3716853 12.25
1.2671283 0.44102973 0.019178346 1
-2.9195116 2.407656 0.36670718 8.666667
-2.8391259 2.4191575 0.35377979 7.3333335
-0.32011682 2.7889514 0.2262814 0.5
-0.27717626 2.7773535 0.23069531 0
0.16423827 2.6501296 0.18287772 145
-0.26344085 2.8729587 0.23075289 0
0.09498179 2.7802205 0.18178478 95
0.16498429 2.7241454 0.17881238 105.33334
0.23462141 2.6897326 0.17721844 86.5
-0.58567262 3.1476388 0.21675441 7
-0.53114045 3.1804135 0.19092259 7
0.12823242 2.802707 0.17215475 91
0.29761893 2.7275057 0.16064957 100.66666
0.38152963 2.7332699 0.16649407 101.71429
0.46434176 2.7325594 0.15219988 109
0.52937859 2.7472577 0.15648986 99.400002
0.62085181 2.7446806 0.13900197 67.800003
-0.27591002 3.214865 0.18960342 14.666667
-0.17057455 3.2306192 0.21217993 13.333333
0.11454403 3.031749 0.21444437 20
-0.11875892 3.2332203 0.22804116 10
-0.046130896 3.2496934 0.19922978 11.2
0.053495646 3.2285633 0.19282319 7
-1.2996936 5.0056129 0.38237882 0
-1.1587812 4.913846 0.36263955 25
-1.0471249 4.9399519 0.35367769 28
-0.70874155 4.9817791 0.32439843 16
-0.59551668 4.9918871 0.31381893 16
6.1945987 2.415117 -0.23474491 13
6.9179392 2.143718 -0.37797111 5
6.1642008 2.5673957 -0.23583885 127
6.8906484 2.3066437 -0.37192482 33
6.2021313 2.6326804 -0.29759774 44
1.1250908 4.9740777 0.14922674 74
1.2484413 4.9873648 0.13804209 71
6.188796 2.7702868 -0.26624495 71
1.3758099 5.0021563 0.12762785 72
1.4989743 5.0002208 0.11597521 78
1.6099656 4.9511881 0.10267992 31
6.1275339 2.8842483 -0.23731402 136
1.7575425 5.0117145 0.092302419 18
6.103879 3.046665 -0.23755464 95
6.8053932 2.7050557 -0.32330865 3
6.0872092 3.2125561 -0.23817226 62
6.0710711 3.3847718 -0.23963006 120
6.0713916 3.4524448 -0.27863413 124
6.731606 3.2307165 -0.3115882 34
6.4520326 3.473403 -0.29547071 49
6.7078032 3.4117804 -0.30721766 53
-11.536308 -0.52209139 0.93411428 115
-11.54379 -0.25968456 0.93991733 112
-11.578623 0.0049657822 0.94769728 114
-11.59735 0.26906109 0.95433748 111
-11.29731 0.24690914 0.94877589 113
-11.006115 0.48558617 0.94103938 78
-11.669243 1.0376227 1.0428017 89
-11.00332 0.73141479 0.96064639 24
-11.712558 1.3049159 1.0663002 90
-3.4926019 -0.21449137 0.45250702 10
-3.4169672 -0.26537728 0.41955271 7
-3.0592937 2.4091797 0.50520444 36
-2.9130263 2.3697333 0.45665741 52
-2.9446712 2.4328852 0.49194843 6
-0.38703161 2.8007135 0.2751939 0
0.14773297 2.6436932 0.26205257 88
0.19190496 2.6455197 0.22994736 66
0.10683697 2.7191255 0.30539668 76
0.24468374 2.6855819 0.2626375 91.5
-0.58446586 3.1481097 0.3270067 6
-0.53854418 3.1633792 0.29069117 7
0.098091245 2.8252664 0.23664764 54
0.31187648 2.7331645 0.24441463 101.66666
0.39291084 2.7398243 0.23095477 108.25
-0.4925735 3.1908367 0.29808348 5.8000002
-0.27012885 3.1502922 0.27207455 6
0.4995445 2.7530282 0.22026375 80.333336
0.60509443 2.7563267 0.20632654 65.333336
-0.24266458 3.2240758 0.28673336 10.6
-0.16658914 3.2275364 0.26955646 11
-0.11987221 3.237494 0.28391597 10.5
-0.037680864 3.2452774 0.2772643 9
0.05941081 3.2370152 0.25385633 8.25
-1.2623061 4.9278331 0.42746222 1
-1.1371084 4.9293671 0.42179498 30
-1.0165848 4.9449925 0.41689873 30
-0.77895427 4.9854031 0.40963954 10
-0.6556735 4.9801321 0.40389091 12
1.2916713 4.9496069 0.22510266 72
6.9003878 2.4618487 -0.23631705 3
1.4100459 5.006609 0.25124961 45.5
1.547215 4.97228 0.19798213 72
1.6654352 4.9473863 0.18293992 72
6.8470068 2.6264579 -0.22338478 33
1.5347016 5.0673914 0.28008708 8
1.6382554 4.9943142 0.26554751 27
1.7586119 4.9662881 0.25326619 29
1.805042 4.9731717 0.16901146 19
6.1715059 3.0593619 -0.16464102 47
1.899779 4.9946604 0.24432534 37
6.3848443 2.9793205 -0.18003054 39
6.8384452 2.8084352 -0.21202418 34
6.8249202 2.9915123 -0.2002829 28
6.4039664 3.3655236 -0.15612328 42
-11.799468 2.3916943 1.1558356 6
-11.865663 2.6833067 1.1837025 6
-11.949186 2.9825745 1.2130189 1
-8.4323082 1.931688 0.97686541 21
-8.0435381 2.0332577 0.93292451 0
-1.0189141 0.15533599 0.3750546 0
-3.0419128 2.4036222 0.58505446 35
-2.9620571 2.3672488 0.57834053 64
-2.9291849 2.423795 0.56780708 5
-2.8273284 2.4094083 0.55724591 41
-0.59838849 2.7792385 0.365466 0
0.14472169 2.6498723 0.3507148 81
0.20461816 2.6474624 0.34546185 60
-0.61108756 3.203526 0.42388451 4
-0.36435151 3.0136366 0.37862694 0
0.090604246 2.8071401 0.38051611 61
0.3052572 2.7374604 0.35232434 110.5
0.41456985 2.7515018 0.32007745 82.5
-0.53613544 3.2053962 0.41872054 6
-0.45737672 3.1771638 0.40832853 0
0.46858048 2.7658803 0.3458527 59
0.52914339 2.7639318 0.30680287 90.666664
0.59573936 2.7578053 0.33573359 38
-0.31368005 3.2131619 0.40246114 6
-0.2392112 3.2283628 0.39975786 7
-0.1651262 3.2185912 0.39328358 7
-0.091835618 3.2288475 0.38950324 7
-0.017445683 3.2582941 0.38926142 7
0.056151867 3.2257819 0.37909386 6
-1.2857178 4.9850669 0.5793345 0
-1.1960137 4.9471159 0.52173829 7
-1.1197938 4.9322829 0.53802252 28
-1.0733722 4.945972 0.49309736 32
-1.2896891 5.0977998 0.56562173 0.5
-1.0187386 4.9440303 0.53168595 28
-0.92613542 4.9557939 0.50395811 27.75
-0.66638172 4.9842529 0.48349673 15.5
-0.57794678 4.9714012 0.50099826 13.5
1.6455672 4.9494681 0.35388413 10
1.6987824 4.9062972 0.32674757 24
1.3015651 5.1474247 0.30788815 1
1.5005207 5.0802484 0.35408267 18
1.849721 4.9653306 0.32511497 2
-11.492989 -0.64964533 1.1557319 112
-11.498934 -0.37370443 1.1608527 105
-11.543635 -0.09704113 1.1707028 88
-11.56967 0.1801219 1.178265 88
-11.607825 0.46154451 1.1888123 88
-11.639701 0.74237943 1.1989033 89
-11.668203 1.0260985 1.2078476 89
-11.712478 1.3156898 1.2200822 90
-11.738013 1.6057487 1.2310257 6
-11.804141 1.9071805 1.2471632 6
-11.80169 2.1990876 1.2552121 4
-11.84206 2.5022593 1.2686067 4
-9.0094614 1.8537464 1.0557418 24
-3.0202582 2.3890591 0.67836303 34
-2.9051294 2.404892 0.66030979 39
-2.8137863 2.4438233 0.62257951 8
0.17896831 2.7136178 0.48899639 103.5
0.27427179 2.7187974 0.48026222 103
-0.54413235 3.1869998 0.49893042 5
0.09369421 2.8362803 0.51260436 13
0.33927226 2.7267051 0.47497958 97.5
0.42407763 2.7311428 0.47355604 104.33334
0.47404885 2.7316773 0.44769213 106
-0.3274616 3.1995101 0.48021519 0
0.53754133 2.746249 0.46127915 95
0.6048792 2.7471108 0.45561102 79.5
-0.25790882 3.2354674 0.47951326 7
-0.18410063 3.2301919 0.47219738 7
-0.11240315 3.2444324 0.46765104 5
-0.0028887987 3.2578173 0.46094388 5
6.2184277 2.3683248 -0.0042027235 123
6.2086749 2.5278704 0.0065321922 118
6.1877823 2.6868715 0.018026203 122
6.8730602 2.4387565 -0.008481741 5
1.578995 4.9558439 0.45500529 12
1.6531216 4.9187741 0.38347855 15
6.1706638 2.8496718 0.028374344 116
1.7175088 4.9886599 0.4564189 2
1.800597 4.9716821 0.38590547 19
6.1713905 3.1991787 0.052404016 48
6.5941868 3.2288313 0.04794839 49
1.3821464 5.9863267 0.44511625 64
1.5453284 5.9792542 0.46711937 66
1.6597296 6.0134535 0.44167367 57
1.7124716 5.9912043 0.48844445 57
1.863127 6.0285134 0.46708971 32
1.9397573 6.036231 0.42488539 41
-11.559124 -0.48606348 1.2968917 89
-11.546096 -0.45903206 1.3098758 113
-11.576069 -0.20198917 1.3110592 101
-11.5945 0.029181957 1.3116239 89
-11.610896 0.10310316 1.32814 89
-11.6146 0.28732252 1.3201774 90
-11.614855 0.38581824 1.3343391 110
-11.644802 0.54992723 1.3285731 89
-11.648993 0.6687448 1.3456569 90
-11.660955 0.80960441 1.3369 88
-11.683741 0.95522165 1.3571293 91
-11.701017 1.0743771 1.347054 89
-11.723831 1.3413703 1.3550733 90
-11.707048 1.2453895 1.3679211 91
-11.739637 1.5363765 1.3813915 14
-11.748399 1.6091378 1.3642423 10
-9.210269 1.7647169 1.1832614 1
-4.7619038 -0.2945596 0.78815663 19
-4.1045923 -0.24936998 0.79191983 117
-9.4773407 2.282815 1.2443172 1
-7.3682694 2.0179117 1.0909827 19
-5.2890954 2.2013297 0.95188987 17
-5.0417976 2.2353098 0.91065741 8
-0.27987564 2.9422307 0.6121887 1
0.12634963 2.7321742 0.54841018 92.75
0.19982857 2.7239735 0.55260855 97.800003
0.25513321 2.7151916 0.52611208 109.5
0.31889766 2.7374713 0.54811418 98.5
0.41327387 2.7355118 0.52405828 99.599998
-0.54401541 3.2086835 0.66107786 4
-0.46572495 3.2200089 0.65898883 1
0.080415606 2.9530692 0.56937152 7
0.45424592 2.7594676 0.56227744 89
0.53668433 2.7514939 0.52819896 91.25
0.61433774 2.7603664 0.5270797 38.333332
-0.34942079 3.2380433 0.65646851 3
-0.22886336 3.2425435 0.64520085 4.3333335
-0.12039769 3.2379909 0.63549274 5
-0.0083011389 3.2524245 0.62462699 5
-1.3047482 4.9835176 0.72703838 2
-1.1664321 4.9158578 0.70623583 25
1.625437 4.9450917 0.54269528 17
1.4416482 5.9173012 0.56415439 70
1.5959674 5.9464149 0.56434965 62
1.7516477 5.963995 0.56308281 40
-11.499306 -0.52348709 1.3707718 115
-10.795521 -0.74364448 1.2736529 110
-11.521067 -0.2525897 1.3838558 113
-11.557849 0.016196728 1.3989227 114
-11.590311 0.28963327 1.4148386 115
-11.602755 0.56188035 1.4273157 108
-11.656658 0.83822846 1.4468235 110
-11.683151 1.117774 1.4625163 111
-11.719838 1.3985419 1.4809639 11
-8.5331802 1.9082514 1.2579553 25
-3.705694 -0.21795094 0.84635198 0
-3.3500977 -0.21539807 0.77150655 14
-7.801044 1.9149457 1.2191827 2
-7.901185 1.9636093 1.1675231 26
-2.8232079 -0.14539993 0.80219167 20
-2.4587722 -0.13912725 0.76094735 31
-2.055438 -0.10416609 0.77105373 36
-6.2500777 2.1119833 1.1163256 15
-5.9364991 2.1593232 1.062873 13
-5.8018861 2.2616622 1.0436878 0
-5.2927485 2.1132412 1.0195659 16
-1.0428722 0.17607895 0.66070515 9.5
-5.060873 2.1529357 0.98660922 2
-4.9514852 2.2477825 1.0331322 0
-2.8704925 2.4064016 0.82392752 9
0.12351775 2.7478964 0.68057072 77.333336
0.21260989 2.7267745 0.65129632 102
-0.58075976 3.1811614 0.69486243 1
0.30950171 2.7495556 0.65378904 84
0.40629971 2.760355 0.65290093 99
-0.55394113 3.2064748 0.70482552 4.25
-0.46915698 3.2163434 0.69349819 3.1428571
-0.38068831 3.2174022 0.68005961 0
-0.27888918 3.1636906 0.66023654 5
0.47173893 2.7598665 0.65133411 86
0.55744213 2.772856 0.6242094 70.5
-0.39683676 3.2408857 0.74310517 4
-0.34062266 3.2412176 0.71211946 2
-0.23234081 3.2423754 0.6805402 4.8000002
-0.16809893 3.2568038 0.732683 4
-0.10687304 3.2552571 0.67134428 4.7142859
0.00034093857 3.2660575 0.67560464 4.25
0.090349317 3.2377892 0.64587349 5
0.060916901 3.2725949 0.72624922 4
0.072829127 3.2619162 0.66290057 4
-1.1756283 4.9143472 0.84021777 26
-1.0692465 4.9526205 0.83501661 21
-1.3365728 5.080543 0.88275993 0
-0.9548682 4.9556603 0.82313043 17
-0.73058629 4.9899511 0.80657887 12
-0.61973727 5.0185981 0.80076236 8
6.2269983 2.3517919 0.21181047 71
6.1869969 2.4989858 0.2538493 87
6.2030792 2.5072348 0.19281387 137
6.1748719 2.6623359 0.23578486 127
6.8720527 2.4270096 0.19882229 4
6.1566982 2.8234136 0.24916089 127
1.5729264 4.9758773 0.63056964 6
1.7089341 5.0087104 0.62814677 13
6.3748341 3.2654657 0.24692351 51
6.767786 3.2776854 0.25302309 54
1.3502752 5.8723078 0.67942178 54
1.4981501 5.8900595 0.67569542 57
1.6500323 5.919158 0.67305118 54
1.7958727 5.9104786 0.66662586 33
2.119092 5.9677315 0.66296083 2
-11.869772 2.5656545 1.5593766 3
-10.063949 1.7568574 1.4791917 20
-9.4508085 1.6433971 1.4388978 23
-9.2597198 1.8421806 1.3626605 27
-8.769928 1.7329127 1.3461382 29
-3.9935746 -0.3291353 0.91505212 7
-3.9152796 -0.24241424 0.96047628 11
-8.1827478 1.811344 1.2665787 27
-3.5037112 -0.15965772 0.90833473 8
-2.7470155 -0.094928384 0.85664636 42
-7.0130181 1.9307598 1.276093 32
-7.0717912 2.0343661 1.2583889 25
-2.2858386 -0.060379744 0.86571765 52
-2.165031 -0.1093865 0.86477709 33
-6.7522631 2.023289 1.2437959 3
-1.9718451 -0.068445861 0.82803684 43
-6.6378331 2.0755434 1.182312 21
-1.8352895 -0.040796459 0.8529923 42
-1.7034453 -0.074949205 0.78756499 49
-1.242089 -0.01644364 0.81643617 37
-5.738883 2.1582708 1.189478 32
-1.0419257 0.18595685 0.77277714 4.6666665
-5.4409628 2.1862967 1.1294861 42
-5.1766267 2.2138503 1.0768338 41
0.19174945 2.7348487 0.71318054 89
0.072984815 2.8266561 0.74842733 8
0.25292802 2.7351515 0.70892686 88
0.34779817 2.7489891 0.70826912 97
-0.55932105 3.2174914 0.83793426 4
-0.44913638 3.2371385 0.83238113 4
0.44317609 2.7615094 0.70753425 82
0.5409202 2.7697051 0.70549506 95.5
-0.33782256 3.2377048 0.8231377 5
-0.26348209 3.2431245 0.81812859 4
-0.19006217 3.2675319 0.81980085 4
-0.078136206 3.2667327 0.81197608 4
0.03337574 3.2792327 0.80760908 4
6.2346811 2.3258696 0.35537842 60
6.2045665 2.4652755 0.34483176 91.666664
6.1624951 2.5731459 0.34916571 114
6.1425705 2.7328165 0.35559881 119
6.1523151 2.653069 0.36242938 105
6.1345844 2.8150492 0.36978555 119
6.1306643 2.8965945 0.36411014 85.5
6.1674914 3.0137501 0.3035655 14
6.0844584 3.2045126 0.40062717 47
6.0881481 3.2477388 0.36061588 48
6.0987024 3.3217611 0.39732134 1
6.3994951 3.3168139 0.33608735 48
1.419081 5.8385482 0.77585858 61
1.5656972 5.8612304 0.77036989 69
1.7136407 5.8745794 0.76449382 60
2.1727681 5.9122419 0.74572444 15
-11.479411 -0.64505386 1.582176 116
-11.50966 -0.38462448 1.6015382 114
-11.534975 -0.12309551 1.6215944 115
-11.558606 0.14206219 1.6426506 116
-11.045025 1.6611025 1.620755 15
-3.9364083 -0.24842775 1.0149136 7
-8.115262 1.9388174 1.439409 27
-7.9769154 1.818665 1.4209576 26
-7.5539508 1.9871502 1.3406427 28
-7.4604526 1.878051 1.3437183 27
-2.6581895 -0.10691756 0.94635838 45
-2.4337082 -0.090205193 0.92673016 33
-2.365114 -0.065874577 0.95631683 14
-2.2824972 -0.035671175 0.93245834 31
-2.1919265 -0.017772853 0.96382058 4
-2.0553885 -0.0015750527 0.96384394 2
-1.7307709 -0.037815094 0.89394349 44
-6.4404063 2.0997024 1.3307881 30
-1.7067655 0.012764096 0.94000316 38
-1.6094228 -0.00098544359 0.91799223 37
-1.5335671 -0.023256898 0.86762315 34
-1.4613765 -0.017970443 0.85072452 31
-6.07586 2.1321907 1.257268 28
-1.435699 0.014378846 0.89508879 33
-1.3282002 0.0058885217 0.87496006 41.666668
-1.1981316 0.015468121 0.87716413 26.200001
-1.0890512 0.011953294 0.85753137 13.857142
-0.98838639 -0.0071994364 0.82512486 17
-1.0408458 0.063376725 0.88958102 9.8000002
-0.99496996 0.026822746 0.88131785 7
-1.0470005 0.17457861 0.85260397 3.4000001
-5.0532432 2.1712236 1.2434036 40
-4.7983279 2.1996596 1.1914358 15
0.10158658 2.7395473 0.9081614 63
0.19530004 2.7112753 0.88669688 89.5
0.32542241 2.7259426 0.87708974 89.5
0.42380023 2.7316766 0.86941254 92
-0.5264802 3.2171285 0.91787398 3
-0.41946638 3.2277937 0.90874779 4
0.49105191 2.7358553 0.86485809 89
0.5604291 2.7467456 0.86337638 87
0.6281544 2.7518077 0.85981977 7
-0.31306744 3.255671 0.9062258 4
-0.20368195 3.2570899 0.8956393 4
-0.095195174 3.2692885 0.88946772 4
0.01437664 3.2788205 0.88413918 4
6.2491231 2.4353478 0.38892153 6
6.2172294 2.6352932 0.39344943 92
6.2055173 2.8088186 0.4117831 85
1.6994984 4.9175744 0.86562347 10
1.7384162 4.9507303 0.7887398 12
6.1258874 3.13588 0.44571793 62
6.4226303 3.1261497 0.40066177 41
6.5178914 3.3584547 0.41740975 48
6.7160044 3.3430519 0.44223157 40
6.7198057 3.3840525 0.38910416 56
-11.575323 -0.4540472 1.6550698 114
-11.584202 -0.18227673 1.6602631 110
-11.612696 0.091598511 1.6688956 111
-11.618783 0.38618946 1.6721082 112.5
-11.662522 0.64055824 1.686703 107
-11.631659 0.67283654 1.6885809 114
-11.676448 0.93204117 1.7044044 110.5
-11.714043 1.2082906 1.7227726 60.5
-11.754255 1.4835255 1.721734 111
-9.2231627 1.6771438 1.6096411 20
-8.74333 1.8762417 1.5493977 27
-8.5686531 1.7553588 1.510339 27
-7.2835422 2.0227816 1.5014452 26
-6.819593 2.0583751 1.4070551 29
-1.9561425 0.0037229061 1.0212824 11
-1.8444422 0.013414085 1.0077871 13
-1.7859135 0.031270742 1.0233283 4
-1.4482193 0.052084923 0.9919287 12.5
-1.3647058 0.064911425 1.0115875 7.5
-1.1951334 0.057449341 0.95256484 32
-5.63762 2.1035457 1.3652303 34
-1.0426674 0.09284988 0.94982827 11.666667
-0.95980054 0.053795367 0.96123463 15.444445
-1.0487108 0.15165785 0.92962521 11
-5.3326921 2.1383178 1.3009514 41
-4.9665489 2.2356198 1.3236423 5
0.12578219 2.7317464 0.93932545 76.166664
0.2076121 2.7193551 0.93222868 89
0.26153737 2.7442646 0.96034843 85
0.33301342 2.7356613 0.93453586 89.125
0.41941679 2.7364857 0.92269051 86.333336
0.481058 2.7495077 0.93543828 86.25
0.57047433 2.7519054 0.93655419 62.5
0.62042451 2.7409863 0.89010417 8
-1.2042652 4.9275889 1.1292169 16.5
-1.09428 4.9345899 1.121222 26.6
-0.97642744 4.9492135 1.1106634 24.799999
-0.63174903 4.9810557 1.0651848 12
-0.52631533 4.9967866 1.062848 12
6.2515936 2.3073127 0.54416895 86
6.1857405 2.4490085 0.55524051 106
6.176198 2.6128297 0.57211339 125
6.1732378 2.7835789 0.59175539 101
1.6715723 4.8948693 0.94006556 12
6.7558122 3.2532802 0.47473231 55
1.4343207 5.7485662 0.97454399 69
1.5834655 5.7701335 0.96583509 69
1.7390183 5.8008928 0.95897603 67
1.8937044 5.8200111 0.95080662 63
2.2107179 5.8461266 0.93254924 39
-11.247811 -0.73219299 1.7177341 117
-11.502471 -0.49399137 1.7801139 109
-11.532359 -0.23919392 1.8072964 90
-11.561069 0.02054882 1.835556 90
-9.3178406 0.055015564 1.6131294 76
-9.3256731 0.26728773 1.617373 75
-9.1727886 0.4741652 1.5921938 37
-9.4620266 1.8066888 1.6745079 26
-7.7680311 1.9722091 1.599802 25
-6.368813 2.0296507 1.5211618 30
-5.9805188 2.0680525 1.43815 34
-1.3255056 0.08363986 1.0470572 3
-5.5500093 2.1150265 1.4868592 34
-1.0201494 0.10032722 1.0309858 7
-0.94617927 0.071554214 1.0382944 9.5
-5.5400476 2.1762486 1.4529967 35
-0.94862354 0.099030405 1.0461526 24.6
-5.2580814 2.147891 1.4214199 35
-5.2374878 2.2066045 1.3837287 41
-4.9911251 2.177572 1.3626349 40
-4.9192224 2.2386656 1.4407914 45
-4.6808677 2.2350478 1.4060147 37.5
1.0247847 0.24344009 0.94448918 3
1.0970113 0.2332541 0.92079496 12.642858
0.14129454 2.7415607 1.0576515 80.5
0.25430995 2.7488291 1.0683091 85.333336
0.36634976 2.7607341 1.0613791 83.25
0.48102349 2.7713075 1.036171 87.5
0.58480853 2.7850251 1.044416 42
-0.29186559 3.2307987 1.1534396 2.5
-0.17898297 3.23505 1.136932 2.5
0.6153143 2.806571 0.9938277 6
-0.066350818 3.2588108 1.1290818 3.25
0.046632171 3.2512746 1.1006613 1
0.048452616 3.2723126 1.1292809 4
6.3306322 0.96586871 0.61763304 138
-1.1154523 4.568192 1.25133 13
-1.0156493 4.6126466 1.2528003 12
-1.1961681 4.9285893 1.2141832 30
-1.0786235 4.9477186 1.2075995 29
-0.95955527 4.9628949 1.2007848 25
1.6262348 4.9334292 1.0136449 15.5
1.7726039 4.9851751 1.0286487 10
6.1236954 3.1115584 0.62663114 36
1.3756481 5.6781693 1.1168177 70
1.4003665 5.70994 1.0479002 71
1.5471566 5.7303581 1.0433308 68
1.6957703 5.74997 1.0386088 66
1.8492799 5.7728834 1.0356559 64
2.1596568 5.7997375 1.0259078 5
-11.59099 0.27754736 1.8638133 90
-11.617437 0.53519773 1.8908463 88
-11.650198 0.80000758 1.922557 89
-11.689679 1.0623214 1.9526513 90
-11.720823 1.3307898 1.984365 11
-8.1119022 0.5782342 1.6398987 36
-10.319713 1.7252805 1.8259785 18
-8.3271122 1.918505 1.71429 26
-6.7921352 1.9848542 1.6124299 31
-6.2778516 2.1194758 1.622968 30
-5.8771892 2.1141438 1.5452347 35
-5.4765997 2.1863749 1.5812813 37
-5.1740379 2.1554787 1.5471859 39
-5.1814427 2.2134469 1.5064077 38
-4.9249778 2.1843204 1.4886185 40
-4.6562147 2.2525065 1.4971172 46
-4.4226279 2.255368 1.4628774 21.5
-4.2756128 2.3117301 1.5005479 9
1.0690653 0.27520961 1.0045882 25
1.1042414 0.28480428 1.0139738 9
-1.0596563 2.6270099 1.2783808 7
-0.99056107 2.6205454 1.2603236 76
-0.89716625 2.6312199 1.2456279 71
-0.9221682 2.725934 1.2067354 16
-0.75445455 2.6867833 1.2426202 70
-0.87344879 2.7929466 1.225516 21
-0.82145154 2.8508618 1.2397691 16
-0.60969973 2.737071 1.2394707 77.5
-0.76181483 2.8879154 1.2458103 16
-0.69846165 2.9189558 1.2493967 16
-0.48758531 2.7492666 1.2258303 93
-0.39672828 2.7637892 1.2194563 94
-0.89394176 3.0446992 1.2369038 7
-0.82684624 3.0861094 1.2435658 13
-0.60241687 2.9585106 1.2514755 15
-0.33647251 2.7743385 1.2155907 113
-0.2459023 2.7982759 1.2150502 78
-0.75481296 3.1056662 1.2411699 13
-0.68335497 3.1353121 1.2441475 13
-0.50339448 2.9901917 1.252095 15
-0.43615246 3.0085845 1.2509991 15
-0.12446177 2.8446441 1.2225949 35
0.091580749 2.7896686 1.1792256 48
0.14966738 2.7377858 1.1514742 82
0.21033895 2.7437763 1.1504444 89
-0.90490329 3.3239276 1.2695569 0
-0.83446074 3.2635126 1.2563207 13.4
-0.60929036 3.1495986 1.2414434 15
-0.53786659 3.1814458 1.2454958 13
-0.36877155 3.0269146 1.2518973 15
-0.30196679 3.0509639 1.2550223 14
0.27199227 2.7493322 1.1503354 90
0.36531502 2.7594795 1.1506717 89
-0.77297747 3.3500328 1.2722205 5.8000002
-0.69146276 3.3389578 1.2513469 7.1999998
-0.51174998 3.215744 1.1930532 3.8888888
-0.40097642 3.2220247 1.1864908 5
0.4894768 2.7738707 1.1346179 85
0.56982845 2.7811909 1.1280799 56
-0.66406131 3.379863 1.2645704 6
-0.54122436 3.3797281 1.2329388 9
-0.28597963 3.2394629 1.1933365 6.6666665
-0.18094206 3.2348084 1.1541106 3
-0.41712117 3.3981433 1.2298871 9
-0.33470905 3.40874 1.2284907 8
-0.17456627 3.2505722 1.1601819 4
-0.065042138 3.2508354 1.150803 3.75
-0.20920694 3.4019446 1.218026 7.5
-0.085122466 3.4056094 1.2140081 6
0.048022985 3.2653813 1.147646 2.5
-0.0026400089 3.4205449 1.2167555 7
0.08076334 3.4164932 1.2128215 8
-1.0202556 4.1872101 1.2557266 13
-0.9302094 4.227231 1.2557309 13
-0.83951688 4.2615008 1.2545054 13
-0.91558015 4.6624489 1.2554237 12
6.2425718 2.3100514 0.73644233 6
6.1844187 2.4494383 0.74690437 116
6.1707311 2.6063447 0.76384771 118
1.7054386 5.0819864 1.1562371 12
1.2595298 5.3598742 1.2131395 13
6.7496996 3.2339559 0.67412943 56
1.4377775 5.6594234 1.1655524 70
1.5317717 5.6791325 1.1430768 68.5
1.6616042 5.6928172 1.1548545 69
1.7909706 5.712193 1.1441115 67.5
2.1257546 5.7796574 1.1199048 47
2.2782464 5.7778754 1.1172454 53
2.439203 5.7920289 1.1185114 33
-11.579555 -0.46230698 2.0151529 110
-11.603315 -0.19707966 2.0211766 105
-11.707464 0.87112236 2.0551627 88
-11.740102 1.1424527 2.0670125 91
-8.8249645 0.041536331 1.7829536 29
-11.741821 1.4154332 2.0727482 11
-8.84058 0.23866248 1.787261 26
-8.822773 0.43305039 1.786144 17
-8.959734 1.8568335 1.8436803 24
-7.8128543 1.8759396 1.8345679 25
-7.2811017 1.9351609 1.7181469 26
-6.6901932 2.0763836 1.7185394 32
-6.6357126 2.0031009 1.7344918 31
-6.23248 2.0447485 1.6425184 35
-5.7598763 2.0960855 1.686426 35
-5.8017278 2.15942 1.6642646 36
-5.4473305 2.1253135 1.6114118 41
-5.1090546 2.1851778 1.6428852 34.5
-4.8654218 2.2115028 1.578599 44.5
-4.6649747 2.2595603 1.6172982 52
-4.6038861 2.2096739 1.5362459 52
-4.435638 2.2708888 1.546514 50
-0.031922102 2.903228 1.23956 21
-0.23323536 3.0676045 1.2547702 14
-0.16335011 3.0771775 1.2532115 15
0.032553554 2.9425113 1.252355 18
-0.094686031 3.1025901 1.2582558 14
-0.025101304 3.1090155 1.2566186 14
0.046237946 3.1146669 1.2538317 14
-0.16381788 3.2818251 1.2546951 13
-0.08698082 3.3014417 1.2569809 13
-0.0097298622 3.3077593 1.2558089 12
0.067994833 3.31496 1.2556348 12
6.3304205 1.0128269 0.7996574 16
1.1077704 4.7578154 1.2548397 21
1.2278929 4.7856359 1.259383 17
1.3470089 4.801878 1.2606218 18
1.4640799 4.8015337 1.2594732 18
1.2069629 4.935955 1.2114327 23
1.330478 4.9469719 1.2142059 22
1.594398 4.8368716 1.2675552 19
1.4615114 4.9765286 1.2220554 18
1.574687 4.9440193 1.2131416 24
1.716769 4.840744 1.2681764 19
1.7111245 4.9755602 1.222683 18
1.8424788 4.9842057 1.2268406 19
1.9740751 4.986186 1.229768 19
6.1309395 3.0939903 0.81913555 2
6.5367985 2.9354167 0.83298051 48
1.3880297 5.3457341 1.2117617 13
2.1217582 5.0204082 1.2416193 24
1.5250529 5.3573413 1.2156179 13
1.6506295 5.3248158 1.2108542 20
1.9283807 5.3288999 1.2197099 12
2.0741909 5.3399019 1.2269464 12
2.2118814 5.3260698 1.2289494 11
2.4542665 5.2146072 1.2155576 7
2.5653603 5.1403813 1.2054709 3
2.6858313 5.0816879 1.1992333 4
2.3545372 5.3155093 1.2337186 11
3.0653186 5.2748036 1.1768841 14
2.1689966 5.7364264 1.2098005 40
2.2262473 5.7483172 1.1891369 58
2.3265712 5.7389488 1.218958 36
2.3797224 5.7548409 1.1936917 52
2.4906926 5.7462306 1.2288125 25
2.5402527 5.7648067 1.1988668 60
2.6720011 5.751399 1.2193502 9.5
-7.5723033 0.05758357 1.8355749 3
-7.5353785 0.24134064 1.8307841 2
-7.5214739 0.42651844 1.8316538 1
-7.4939928 0.60788488 1.8314574 0
-9.7051878 1.7859614 1.9966893 21
-8.4482574 1.8133011 1.9751537 23
-5.7408834 0.75059497 1.7188148 33
-5.6274462 0.86667287 1.6885015 0
-7.1656151 2.0338197 1.8305582 32
-7.0958152 1.9614246 1.8414595 25
-6.5501385 2.088728 1.8596082 31
-6.1177011 2.0912387 1.7598498 35.5
-5.7359476 2.1532025 1.8018991 34
-5.6238122 2.1113157 1.7907559 26
-5.4358158 2.1835511 1.7167532 39
-5.334866 2.1389444 1.7173355 35
-5.13202 2.2099895 1.7616085 34
-4.8986182 2.2381077 1.6900685 45
-0.62243593 2.6392074 1.4599152 79
-0.55995196 2.6498656 1.4558978 81
-0.51295012 2.6613517 1.4524838 82
-0.40119171 2.6686463 1.4414161 78.666664
-0.27889967 2.6700149 1.4259169 78
-0.16363955 2.6808529 1.4292597 85
-0.088887334 2.6890068 1.4234722 81.666664
0.023340583 2.6981418 1.415397 83.375
0.14486879 2.7077284 1.4003363 80.75
0.24126136 2.7178907 1.3946922 78.5
0.30564439 2.7227898 1.3913635 81.5
0.37115616 2.7250125 1.3763376 79
0.43793625 2.7370486 1.377079 82
0.50620478 2.7429624 1.3755174 81
0.57575428 2.7472191 1.3718082 32
1.0241208 4.0632825 1.3736187 73.5
1.1375257 4.0984612 1.3572999 42
1.2492437 4.1288996 1.3655202 31
1.0869348 4.2541933 1.358725 21
1.361272 4.1482706 1.3703605 26
1.205327 4.2948022 1.3668017 20
1.3249416 4.3239408 1.3714221 20
6.1913223 2.2953873 0.90904438 118
6.1721373 2.4426975 0.92406178 127
6.1981907 2.6115575 0.94663668 91
6.144599 2.74893 0.95671725 121
1.8401896 4.8397794 1.2675687 18
6.1327696 2.9071999 0.97558004 122
1.9633099 4.8356681 1.2668825 18
2.0900788 4.8299451 1.2658913 19
6.1177311 3.0657947 0.99367362 43
2.2228527 4.8368697 1.2698954 19
2.352797 4.8330226 1.2707481 19
2.4869666 4.8262134 1.2722155 18
2.6152694 4.8066931 1.2706813 17
2.2597396 5.0239377 1.2471595 27
2.40413 5.0366602 1.2545491 27
2.7591615 4.8065195 1.2746897 17
2.8972564 4.7936029 1.2766935 15
2.5505517 5.0441122 1.2616309 29
6.7381382 3.2104712 0.88280106 50
2.701973 5.0526338 1.2704039 27
2.8433812 5.0371585 1.2730987 22
2.985574 5.0158701 1.2765584 16
2.8530841 5.1072598 1.2154651 10
3.0526597 5.178669 1.2449335 24
3.2001636 5.1517529 1.249851 16
3.3605545 5.1431904 1.259465 16
2.7645297 5.6372609 1.22434 9
2.9086022 5.5932779 1.2259486 8
3.9976389 5.1176133 1.1330248 1
3.0616477 5.5639129 1.2314055 13
3.3420548 5.4487562 1.2333001 17
3.4814851 5.3893318 1.2347445 17
3.6189284 5.3231335 1.2351102 18
3.7535086 5.2527342 1.2365458 37
3.6070633 5.8728085 1.2573152 31
-9.1617603 -0.27559638 2.0531521 1
-8.7722969 -0.052946091 1.9678566 99
-8.7891693 0.15785027 1.9766951 78
-8.7356615 0.36926508 1.9716227 25
-10.556242 1.7026973 2.1717093 22
-7.7891512 0.4485352 1.8971372 20
-6.82798 0.16818643 1.8393531 5
-7.2596197 0.5425241 1.9113464 35
-6.8310604 0.32916164 1.8436506 4
-6.2842455 0.097361088 1.8714356 5
-6.8181739 0.48964405 1.8448141 3
-6.2760372 0.24023342 1.8703628 4
-9.1121206 1.724969 2.1209223 19
-6.8456588 0.65593052 1.8569976 1
-6.7557597 0.62601447 1.8969253 14
-6.2492981 0.38366771 1.8650079 6
-6.2855363 0.52976787 1.8791695 2
-7.9601321 1.436896 1.986413 4
-6.2661862 0.67318404 1.8773375 1
-4.3792095 0.30852747 1.7323164 54
-7.5785117 1.902396 1.9534652 26
-4.388978 0.41888463 1.7404954 62
-7.6872983 1.9810755 1.9545057 28
-4.3603377 0.52430654 1.7358127 100
-4.342226 0.63000464 1.7348814 76
-4.3201656 0.73723817 1.7337233 54
-7.003438 2.0527823 1.9783177 26
-6.8647761 1.9762247 1.956207 30
-4.2842984 0.83946806 1.7274332 44
-4.3404613 0.96155852 1.7612802 39
-4.0383325 0.80730021 1.744379 70
-6.4595013 2.021349 1.8571807 31
-6.0769134 2.1223011 1.8999025 28
-5.927907 2.0761657 1.8669999 28
-5.4073396 2.1883547 1.8483095 36
-4.043426 2.2996702 1.7577847 58
-3.7375045 2.349268 1.7450539 59
-3.627141 2.3453238 1.7482708 40
-3.5626137 2.3616853 1.6861216 6
-3.4665463 2.3705888 1.725843 7
-1.373904 2.5699012 1.611387 18
-1.3056276 2.5900426 1.587207 75.5
-1.2301638 2.5955236 1.5690835 75.5
-1.1593404 2.6057842 1.555446 75.5
-1.0864418 2.6087387 1.5571455 71
-1.0158017 2.613616 1.5413446 72.333336
-0.94644338 2.6186945 1.5266428 75.333336
-0.85789853 2.6262133 1.5299274 77
-0.78055161 2.6302691 1.5699406 77
-0.80220282 2.6508322 1.4908621 92
-0.73166722 2.6396294 1.5244203 78
-0.64639378 2.6448355 1.5075207 79.375
-0.56742644 2.6449409 1.4908636 75.5
-0.58403361 2.6730351 1.5109613 80
-0.49976128 2.6619415 1.493004 78.400002
-0.41982639 2.6627405 1.4807823 78.714287
-0.37608099 2.6931872 1.5377251 83
-0.29061341 2.6806254 1.4657813 82.400002
-0.201038 2.6866179 1.4410741 82
-0.14660156 2.7149932 1.5006928 82
-0.061684012 2.718847 1.484032 83.5
-8.4877014e-05 2.7250028 1.4473389 76
0.067479968 2.731225 1.4488448 69
0.15875036 2.7244372 1.4310708 77
0.2480725 2.7203293 1.4173619 81.5
0.30764556 2.7423627 1.4429914 79.25
0.40078938 2.7392128 1.4240317 76.666664
0.44206804 2.7428396 1.4221057 87
0.49752116 2.7500319 1.4342645 80.75
0.57050002 2.7484081 1.4206865 33.666668
1.0069482 4.0729895 1.4578631 99.5
1.1122733 4.0587354 1.4159739 104.5
1.2151455 4.0684862 1.4211483 101
1.3192699 4.0760427 1.4266678 95
1.4281355 4.0924349 1.4356461 96
1.545151 4.0965023 1.4170896 93
1.4743502 4.1628056 1.3739722 22
1.5906042 4.1792159 1.3794274 22
1.6602283 4.1167068 1.4277613 96
1.7743 4.1253343 1.4351287 85
1.4480319 4.3581009 1.3779644 21
1.7070994 4.1889601 1.3836522 23
1.825789 4.2010145 1.3888003 23
1.57268 4.3861079 1.3832012 19
1.9464757 4.2099991 1.3947148 26
2.0669305 4.2114353 1.3984015 28
1.7018888 4.4121003 1.3880565 16
2.189683 4.2129488 1.4029332 33
2.3204374 4.2196703 1.4100806 35
1.8329908 4.4372549 1.3937563 17
1.9678798 4.4607348 1.4011451 17
2.1003079 4.472188 1.4033108 17
2.2437067 4.499558 1.4132384 17
6.1177158 3.2352414 1.0160781 82
3.0376828 4.7785621 1.2784675 16
6.0936604 3.3956332 1.0348567 101
3.1843214 4.7673349 1.2819353 15
3.3290775 4.7471023 1.2842467 14
3.477551 4.7252254 1.28725 15
3.6209319 4.6946678 1.2883283 15
6.0761871 3.5629549 1.0564047 114
3.1278009 4.9923806 1.2789431 15
3.2655473 4.9566607 1.2792479 15
3.4141941 4.9325204 1.2831706 16
3.7806511 4.6754727 1.2936413 16
3.9404747 4.6540461 1.2988766 16
6.0492582 3.7289884 1.0765649 93
3.5591335 4.9001794 1.2860897 16
3.7001004 4.85429 1.2868515 16
3.8510554 4.8203831 1.2913078 16
4.0026565 4.780725 1.2945342 15
4.1449156 4.727704 1.2959837 16
6.0350537 3.9057965 1.1001904 119
3.5322266 5.1394796 1.2734607 25
3.7001224 5.1275992 1.2854557 18
3.8468733 5.0769653 1.2886735 15
4.2666292 4.8892989 1.2946134 16
6.0150762 4.0818753 1.1241956 91
3.9863033 5.0175419 1.2901177 14
4.1320152 4.9618993 1.2942526 16
3.9074187 5.2076797 1.2434525 11
4.1100941 5.2175937 1.2677536 16
4.4322891 5.116756 1.2872469 13
4.3017058 5.2083468 1.2872053 18
3.7904415 5.8693967 1.2654901 98
3.9902511 5.8849583 1.2781339 85
4.1991129 5.9008923 1.2921647 81
4.4190826 5.9239416 1.3096579 60
-11.203507 -0.44500875 2.2773333 21
-11.243582 -0.19772243 2.2879388 10
-11.274994 1.0548172 2.3096423 34
-8.5426435 -0.11076188 2.0563364 4
-11.300695 1.3099654 2.3194945 36
-8.5393114 0.091106892 2.0654907 3
-7.9745522 -0.13656187 2.0500331 16
-11.319375 1.5663857 2.3278944 36
-8.4660759 0.28834128 2.0565896 3
-7.967042 0.047060013 2.0613286 16
-7.5977836 0.022737503 2.0689278 6
-7.9360733 0.22797465 2.0658894 15
-7.3272252 0.0049362183 1.976298 4
-7.9831347 0.41164517 2.0930243 3
-5.7842841 0.17490149 1.8811682 6
-5.7765956 0.30160439 1.8806239 3
-5.7919626 0.43192911 1.8868151 4
-5.7930827 0.56033456 1.8899472 2
-5.810977 0.69177341 1.8993584 1
-8.1347504 1.8397704 2.0835202 27
-7.4132338 1.4269646 2.0492835 9
-8.3027716 1.9227456 2.1008589 27
-4.5095601 0.25123429 1.8529199 10
-4.4625869 0.35183907 1.843799 30
-6.7188244 1.5115186 2.0527081 7
-4.4439206 0.45291507 1.8476974 66
-4.0948892 0.32064414 1.7379594 57
-4.4357824 0.55426717 1.855347 8
-4.0979271 0.41928279 1.7442963 44
-4.0064573 0.42143416 1.8302591 43
-7.4832449 2.0001187 2.1043644 27
-7.3285718 1.9296143 2.0712996 27
-4.900033 0.87200379 1.8626347 26
-4.6100769 0.79855645 1.8501377 22
-4.1005621 0.51883638 1.7506337 104
-4.5943184 0.90747517 1.8564925 33
-4.1639547 0.72387791 1.8497866 52
-4.0834208 0.61512494 1.7484698 95
-4.3464303 0.85041875 1.8574743 18
-4.1200643 0.81162852 1.845489 53
-4.0657368 0.71226537 1.7483008 93
-6.6486111 2.0030787 2.0523136 32
-4.3354516 0.95269966 1.867964 45
-4.0905018 0.91888124 1.7766128 13
-4.0432529 1.0106198 1.7651865 13
-3.9272656 0.87732649 1.8241 8
-6.4493275 2.0877948 2.0080066 31
-6.2814121 2.0453434 1.958859 31
-3.8586843 0.95527643 1.7997196 16
-3.6752617 0.90263784 1.8193741 11
-3.7878406 1.0311342 1.7741122 8
-3.6477783 0.98342723 1.8129908 12
-3.5669041 1.0461125 1.7802508 10
-5.7070541 2.1621878 1.9425846 26
-4.4589 2.2546518 1.8916247 52
-4.2395377 2.2758546 1.8198416 53
-4.0987048 2.3054235 1.8661225 58
-3.9443483 2.3197873 1.8332542 55.5
-3.7989271 2.3304427 1.804903 53
-3.7804513 2.3408155 1.8661246 57
-3.6121535 2.3561482 1.8047351 58
-3.5638943 2.3511813 1.8573787 55
-3.4203234 2.3697753 1.8108534 6
-3.3940423 2.3822043 1.8234556 4
-1.3634338 2.5619557 1.6605523 12
-1.2948304 2.5931256 1.6770656 59
-1.2156295 2.5870194 1.6654198 72
-1.1668122 2.6008196 1.6387179 73.666664
-1.0714407 2.6076946 1.6371367 74.666664
-0.97765744 2.6079915 1.6250948 79
-0.96642047 2.6260009 1.6053238 72.5
-0.87193143 2.6320882 1.5951704 73.25
-0.7183373 2.6584949 1.6206546 71.5
-0.61068434 2.6732144 1.6567435 71
-0.51708162 2.6816094 1.6434655 74.5
-0.42465615 2.6894295 1.6322573 75
-0.36382282 2.6986299 1.6293117 71
-0.27142572 2.7059135 1.6205957 72
-0.14913118 2.7174792 1.612439 72.5
-0.057789087 2.727411 1.609898 70
0.0055238008 2.7333598 1.5685657 79
0.088333607 2.742311 1.5828019 71
0.13569796 2.7458394 1.5318071 76
0.20110506 2.7562916 1.5376085 76
0.29887813 2.7579134 1.5378671 74.5
0.39942545 2.7736058 1.5494087 74
0.51693738 2.7829142 1.5375023 70.666664
0.60802716 2.8104126 1.5811666 1
0.96690577 4.0960579 1.5717039 92
1.07277 4.1126809 1.5829046 104
1.1175256 4.1104636 1.5004847 94
1.2302488 4.1295195 1.5152961 97
1.3397715 4.1346869 1.5258799 89
1.4593195 4.1583767 1.5453764 92
1.5243099 4.094739 1.4656236 98
1.63612 4.109828 1.4773643 94
1.7532653 4.1313024 1.4929466 95
1.8778427 4.1353083 1.4733598 85.5
1.9825413 4.1469541 1.5165781 97
2.0106533 4.1477013 1.4554702 91
2.1325643 4.1539564 1.4642223 86
2.2649727 4.1752462 1.479738 89
2.3946202 4.1857319 1.4930991 96
2.446203 4.2154789 1.4152253 47
2.5859056 4.2248049 1.4238373 56
2.7263589 4.2305183 1.4342887 62
2.8726897 4.239099 1.4474299 71
2.3908577 4.5230856 1.4227829 18
2.5344031 4.5274386 1.4249526 18
2.6846359 4.5408587 1.4329602 19
2.837338 4.5477223 1.4395857 19
2.9842772 4.5396428 1.4431318 18
3.1456273 4.5459638 1.4511434 19
4.0949392 4.6185899 1.3010336 14
4.2427635 4.5707636 1.3022594 16
4.3893404 4.5180235 1.3014109 17
4.5695419 4.4897742 1.3110284 58
4.2995987 4.6823101 1.3008201 17
4.4474001 4.6268406 1.3028088 17
4.5810671 4.5524726 1.3011739 17
4.782023 4.5128565 1.3240298 66
4.4060354 4.8222322 1.2968208 16
4.5483518 4.7516928 1.2997186 16
4.6807141 4.67134 1.3009944 16
4.8267832 4.6013265 1.3066561 17
4.9839935 4.5362272 1.3147054 47
4.9686079 4.7649727 1.2989345 11
5.1238098 4.6898265 1.3098152 15
5.2370262 4.5763907 1.309374 32
4.5680346 5.033814 1.2902107 12
4.7016897 4.9463296 1.292174 12
4.839098 4.8593717 1.2969009 10
4.8950806 5.9814358 1.3485088 22
-10.216084 0.67655849 2.3251963 16
-7.5734758 0.19237804 2.0796139 3
-7.5310082 0.3594656 2.0849423 1
-9.9698925 1.6380992 2.3133464 20
-7.6261764 0.53485894 2.1312149 0
-8.9753027 1.849164 2.2617388 23
-8.7851133 1.7706127 2.2369771 27
-4.8678255 0.22252786 1.9291309 11
-4.5827503 0.24851215 1.9492003 10
-4.3204455 0.26060247 1.8490639 21
-8.0404711 1.9466611 2.25283 28
-7.8270831 1.8699119 2.1944153 29
-4.3364582 0.35949647 1.8693509 38
-4.3025646 0.45384872 1.8679641 61
-4.0608158 0.33392179 1.8523433 21
-6.4195037 1.4961749 2.1336634 4
-4.2550378 0.54546094 1.8605261 10
-4.0232568 0.5174017 1.843488 4
-7.0663648 1.9579957 2.1592312 26
-6.2105131 1.5941099 2.0700419 0
-4.0230174 0.61131334 1.8484442 43
-4.0302 0.70740765 1.8579983 40
-6.8731027 2.0530114 2.132719 28
-4.1605034 0.91693056 1.8807187 19
-4.0531406 0.80827063 1.8768245 19
-4.0821185 0.99601001 1.862711 9
-6.0276175 2.1321077 2.0442066 29
-3.2847993 0.98479676 1.8719854 34
-3.2519698 1.0621277 1.869132 29
-3.0855846 0.98096097 1.8619936 24.5
-3.0336812 1.0640758 1.8599997 28
-2.9932535 1.0560875 1.8153088 24
-2.8369224 1.0165181 1.8287392 23
-2.9824171 1.125617 1.8463366 0
-2.7963259 1.0783985 1.816833 33
-2.6823409 1.0274597 1.8494035 19
-2.77931 1.1266145 1.8442495 11
-2.7525551 1.1377838 1.8036242 5
-2.6226952 1.1284738 1.8454298 13.5
-2.5549436 1.1521466 1.7963247 1
-2.4717395 1.1317482 1.8370197 16
-2.4111297 1.170588 1.8059412 1
-4.7033014 2.2346666 1.9722114 56
-4.5520988 2.2738597 2.0260973 52
-4.3592749 2.2652149 1.9913259 56
-4.3056102 2.2852764 1.937071 55
-4.1495843 2.292845 1.9600352 55
-3.9262602 2.3209927 1.9513798 57
-3.702843 2.3370895 1.9222784 51.5
-3.5406361 2.3649387 1.8792601 6
-3.4850349 2.3665504 1.9521599 59
-3.3411717 2.3801029 1.8964283 30.5
-2.2795749 2.5052438 1.8610054 55
-2.1779118 2.5161073 1.8261824 38
-2.1164536 2.5250239 1.8322105 8
-1.2805513 2.5879421 1.7495382 38.333332
-1.1606809 2.618237 1.7620333 75.5
-1.0589123 2.6263132 1.7366427 75
-0.96075034 2.6376185 1.71662 73
-0.86153829 2.644088 1.6953683 74
-0.79845536 2.6523001 1.6852144 67
-0.71900785 2.6636288 1.7231616 77
-0.64131689 2.6669912 1.7559651 84
-0.58258581 2.6771235 1.7491837 80
-0.49303579 2.6840303 1.7346367 76.5
-0.37577021 2.6989157 1.7209179 75
-0.25806081 2.707593 1.705969 76.5
-0.14080024 2.7202897 1.6971958 77
-0.052299976 2.7249222 1.6886677 70
0.0064097643 2.7361517 1.688943 74
0.095557451 2.7415886 1.6839054 77
0.18609291 2.7562461 1.686083 74
0.218216 2.7579346 1.648294 70.5
0.29253966 2.7617278 1.6363814 72.333336
0.3748554 2.7718077 1.6518579 73
0.4383046 2.7782063 1.6556619 68
0.52744889 2.7861967 1.6502038 55
6.946991 1.2632394 1.1462153 11
6.9402003 1.3925369 1.1161729 117
0.9158355 4.1010642 1.6556547 98
1.0162946 4.1113329 1.6620167 91
1.118579 4.1251664 1.6713728 93
1.2022309 4.1336021 1.6372267 92.5
1.2888275 4.1407342 1.6058429 96
1.4012501 4.1566429 1.6205757 96
1.5124593 4.1654382 1.6321596 86
1.6012732 4.1732278 1.6041523 87
1.6947169 4.1789708 1.5767608 82
1.8195754 4.1970329 1.5977154 86
1.9468354 4.2129397 1.6194375 80
2.1045582 4.1597176 1.5315459 93
2.2275908 4.1698451 1.5463594 84
2.3568707 4.185955 1.5649384 89
2.4890244 4.1964235 1.582136 90
2.5253181 4.1913805 1.5052314 86
2.6683717 4.2090592 1.5229 91
2.8178105 4.2282863 1.5431814 89
2.9743736 4.2509241 1.56508 94
6.1863222 2.7728853 1.2634671 2
3.0283387 4.2533989 1.4631114 70
3.190742 4.2679939 1.4793342 82
6.1428876 2.9117913 1.2623574 15.5
3.3591261 4.2832246 1.4981692 87
6.1254663 3.0643461 1.2642123 18.666666
6.1717253 3.0155246 1.2099689 3
3.5409856 4.3056154 1.5223089 80
6.0923181 3.2036302 1.2595564 37
6.1353512 3.1747983 1.2315764 29
3.3029699 4.5409369 1.4580728 17
6.0918131 3.2333503 1.2866066 31.5
3.4719629 4.5395074 1.4673126 15
6.0713139 3.3918157 1.2947133 25
6.1173716 3.3478069 1.2563481 14
3.6471682 4.5418906 1.478246 15
3.8162398 4.5262151 1.4850243 16
6.0560293 3.5241175 1.2892604 24
3.991293 4.5111742 1.494415 16
6.0664892 3.5932682 1.3177953 32
6.0375605 3.6771262 1.3024021 26
5.0167327 4.5446939 1.3467909 60
5.0745459 4.5497427 1.3689976 64
5.2501268 4.5607281 1.3520947 55
5.2821836 4.5684066 1.3801911 54
5.3473511 4.5756736 1.3999497 55
5.5187354 4.6027503 1.352757 50
5.537909 4.5909643 1.395177 53
6.5637026 4.669138 1.264986 46
5.8846297 5.2556081 1.295734 38
6.5425854 4.8741422 1.2929928 75
6.5191374 5.08564 1.3243762 81
6.2179937 5.3083458 1.3323393 45
5.1444006 6.0079112 1.3710855 20
5.3668709 5.9905024 1.3831143 17
5.646915 6.0263577 1.408861 19
-8.6078758 -0.35983849 2.3167815 30
-8.4271679 -0.16306281 2.2843297 8
-9.5980721 0.77953434 2.3666201 2
-7.3915486 -0.22484231 2.2112136 25
-7.4252224 -0.054726124 2.2209404 29
-9.5154152 1.6831911 2.4094689 22
-5.5083122 0.16980565 2.0483198 11
-5.4844608 0.3013947 2.0447974 12
-5.2949142 0.15749145 2.0691652 11
-5.0958185 0.16461492 2.0916214 6
-5.4775448 0.43280756 2.0494704 11
-5.2276211 0.27864385 2.050251 1
-4.8756933 0.18324423 2.0818851 6
-8.4118233 1.8067484 2.3404803 28
-5.2009182 0.40131807 2.049257 1
-4.37604 0.25771523 1.9992735 10
-7.5265341 1.9065002 2.2779286 27
-4.0009217 0.38882637 1.9506981 56.5
-7.3234901 2.0037427 2.2648458 28
-4.013279 0.52492332 1.962378 9
-4.0173225 0.61635351 1.9685572 6
-3.4188609 0.35737932 1.9708234 10
-3.981885 0.70128542 1.9567362 2
-3.3782644 0.43785053 1.9524841 6
-3.1961684 0.41313481 1.9660927 1
-3.9722254 0.78994447 1.9578611 2
-3.3611143 0.56310332 1.9547449 3.5
-3.9665136 0.88143837 1.9623597 9
-3.6079066 0.79946887 2.016017 1
-3.3282416 0.68578839 1.9488084 2
-3.1631258 0.56362385 1.9595184 9
-6.3889456 2.1014435 2.1596832 30
-3.3171844 0.76945382 1.9536899 4
-3.1303926 0.67489159 1.9532309 12
-3.3169899 0.85681939 1.9664658 4
-3.1223507 0.79158962 1.9638795 9
-3.3067062 0.94082487 1.9734178 7
-3.105315 0.86714983 1.9650795 5
-2.9332008 0.78453648 1.9685283 5
-3.0921226 0.94331247 1.9695754 9
-2.9180822 0.85329086 1.969647 5
-2.9459026 0.97716361 1.8872421 4
-2.8805666 1.0160885 1.8728869 36
-5.2390575 2.1837208 2.1543627 35
-2.8565574 1.0820051 1.8773079 31
-2.711237 1.0429356 1.8809909 31
-2.6847577 1.1022958 1.8840297 31
-2.5263343 1.0552746 1.856962 27
-4.9547114 2.2079349 2.057085 38
-2.2708912 1.0768837 1.8473661 17
-2.205981 1.05418 1.8912686 69
-4.7909818 2.2481525 2.1111333 47
-2.2317276 1.1612505 1.8503113 25
-2.157171 1.1133517 1.8673382 28.333334
-2.0475829 1.0858723 1.8807305 19.5
-1.9506328 1.0687326 1.8719285 16
-4.6063414 2.2551472 2.079432 46
-2.0943763 1.1628754 1.8518234 29
-2.0298729 1.1726233 1.8702021 20
-1.8947854 1.1358742 1.8922224 27.666666
-1.7363102 1.0795412 1.8603439 12
-4.3679347 2.2897375 2.0859759 48
-4.251636 2.275512 2.0964775 54
-1.9106314 1.1948314 1.8610899 12
-1.8035533 1.1990927 1.849417 7.6666665
-1.7086906 1.1771863 1.8910904 42.5
-1.5345428 1.0991563 1.8749852 13
-4.0479302 2.300878 2.0514917 56
-1.6699405 1.2158327 1.8762722 14.8
-1.5775712 1.2280552 1.8594903 6
-3.8632383 2.3302722 2.0069549 53
-3.8058555 2.3343859 2.0682762 59
-1.4122794 1.2342784 1.8627108 11
-3.6399827 2.3442307 2.0068824 59
-3.6175032 2.350698 2.0055201 57
-1.3565943 1.2566864 1.8595383 4
-1.2618296 1.2476107 1.8606714 0
-2.6050658 2.4685826 1.9778067 72
-2.4865379 2.4752841 1.9306449 67
-2.4406021 2.4724469 1.9704797 82
-2.3829582 2.4929533 1.8959031 81
-2.3348994 2.4837172 1.9293706 91
-2.2186654 2.4903026 1.9274963 81
-2.1557438 2.5149667 1.9399377 80
-2.0673037 2.5152683 1.9120543 54.666668
-1.9707049 2.5338366 1.8764904 1
-1.1377406 2.6216817 1.8673549 68
-1.0719008 2.6232178 1.8467686 70
-1.0081837 2.6311529 1.8325499 74
-0.9457829 2.6385763 1.8184068 77
-0.8535611 2.6486793 1.7992617 78.5
-0.76170903 2.6556668 1.7790407 72
0.55714536 2.7879808 1.6943252 88
6.9238038 1.2356617 1.2768383 15
0.97231126 4.1088405 1.7392192 98
1.0707731 4.1221795 1.7448143 104
1.1721447 4.1320457 1.7510999 95
1.2760456 4.1495376 1.7604591 91
1.3555355 4.1543446 1.7284942 93
1.4404998 4.1654735 1.702365 89
1.5494453 4.1719894 1.7120289 87
1.7051975 4.1900969 1.6957299 86.5
1.7811486 4.2018709 1.7419581 86
1.8670686 4.2044053 1.6808901 79
1.9864295 4.2085018 1.6967719 83
2.0729172 4.2239017 1.6400825 83
2.1604488 4.2300076 1.6908408 86
2.3441329 4.252707 1.6892887 82
2.6239498 4.2078524 1.6011765 88
2.7682285 4.2271705 1.6248292 93
2.9179111 4.2484722 1.650174 83
3.1308436 4.2659502 1.5867448 90
6.1796865 2.9101884 1.3896209 31
3.2918396 4.2811627 1.6091027 85
6.1142397 3.0615392 1.4069867 30
6.7948217 2.7521911 1.2545091 31
3.4627652 4.2985444 1.6338463 82
6.8056693 2.8151333 1.3139112 33
3.7296338 4.3261008 1.5459154 80
6.7405152 2.9832897 1.3443242 21.5
6.7724771 2.9282236 1.2766715 30
3.9186273 4.3376884 1.5682138 80
6.7541165 3.1079607 1.3006793 30
6.7468233 3.1592491 1.3489425 23
4.1656404 4.4877019 1.5005794 17
6.1126409 3.6001937 1.3348565 34
4.3263617 4.4440145 1.5030431 25
4.5192184 4.4265714 1.5151287 28
4.7481012 4.4314651 1.5384476 45
6.2396803 3.8690886 1.380968 69.666664
6.2281723 3.9918828 1.3813033 75
6.2366228 4.0657501 1.4067841 105.33334
6.2291899 4.1980314 1.4188361 111
5.6139965 4.6103401 1.4290996 52
6.2221284 4.263093 1.4320816 98.333336
5.8165975 4.6252489 1.3999071 52
5.8578362 4.6332302 1.444423 54
5.9003067 4.6483383 1.4660108 55
6.2019243 4.4822874 1.4397463 113
6.1390753 4.6554532 1.4516027 83
6.5025024 5.3072448 1.3576099 81
6.1911941 5.7793016 1.4082588 63
5.9170504 6.0403557 1.4315985 17
6.1668844 6.019599 1.4476323 70
-11.494829 -0.6248374 2.5888178 86
-9.0767784 1.7341872 2.507885 27
-7.8811569 1.3983878 2.3999176 27
-8.6147861 1.8712332 2.4048014 24
-7.8983994 1.5874785 2.4141138 27
-8.0551414 1.8502445 2.4162884 28
-4.2348819 0.26963317 2.0640297 9
-7.8500843 1.9564239 2.4193945 34
-3.7376397 0.3626163 2.0383344 7
-3.5452018 0.35521245 2.0317109 10
-3.3780925 0.36006802 2.0573273 11.5
-3.2398186 0.38862747 2.0455852 1
-6.766829 2.0595045 2.2809715 25
-5.7363472 1.6052873 2.2529812 17
-3.6532035 0.7167055 2.0295968 1
-3.0808434 0.37853265 2.0201473 1
-2.99666 0.43977034 1.9690783 7
-5.6905117 1.7435577 2.2541556 25
-3.4614019 0.68224782 2.0271776 4
-3.2890849 0.66841584 2.0367968 6
-3.1313722 0.59436917 2.0194554 6
-2.8884377 0.40066069 2.0144591 1
-3.62445 0.8964076 2.0402911 6
-3.4161296 0.80054635 2.0222442 5
-3.2453249 0.73764521 2.0238996 5
-3.1128349 0.66270334 2.0243342 9
-2.9715631 0.61289597 1.9707932 5
-2.8162336 0.5524556 1.9776167 5
-2.7166054 0.4761492 2.0184093 7
-5.7076607 1.9030783 2.2814519 26
-3.3869486 0.92266738 2.0275791 7
-3.2270987 0.81267637 2.0290117 5
-3.0811331 0.76567113 2.0298915 8
-2.9504092 0.71561027 1.9695556 5
-2.8010955 0.64744067 1.9780583 5
-2.6817844 0.57173812 2.0084722 5
-2.5422125 0.53558463 1.9979382 7
-2.400579 0.47043931 2.0122533 8
-3.1900573 0.92203307 2.0318913 7.5
-3.0207224 0.86034214 2.0161362 4
-2.7822282 0.74241877 1.977237 4.5
-2.6552854 0.66880924 2.009191 5.5
-2.5222232 0.61603081 2.0042686 6.5
-2.3765457 0.53927302 2.001554 8
-2.2270613 0.49982172 2.0046003 8
-2.9993796 0.92743605 2.0217834 5
-2.912071 0.92497092 1.9775102 11
-2.7645726 0.83902299 1.9795601 5
-2.6205208 0.76332581 2.0042386 6
-2.4996586 0.71594667 1.9888031 7
-2.4844263 0.69607663 2.0136917 7
-2.3554988 0.65442604 1.9988781 7
-2.2085655 0.57801896 2.0027733 8
-2.1070638 0.56815338 2.0034118 9
-5.5343261 2.1490242 2.255079 34
-3.0015161 1.0027044 2.0443687 9
-2.7428126 0.93381393 1.9815402 6.5
-2.5911119 0.85910934 2.007221 6
-2.476778 0.81024015 1.9936982 7
-2.4390614 0.81050652 2.0106351 7
-2.3149216 0.74636269 2.0082321 7.75
-2.1770525 0.70731175 2.004662 8
-2.129328 0.66217506 2.0009131 8
-2.0090473 0.66150469 2.0005336 10
-2.5551231 0.95308149 2.0066793 7
-2.4271369 0.89836049 1.9950289 8
-2.2754066 0.85353446 2.0096169 6
-2.1521544 0.78377301 2.0033369 7.5
-1.9739064 0.76077026 2.0012212 10
-5.0605941 2.2075777 2.2219112 34
-2.542011 1.0205287 2.0169227 8
-2.4013529 0.97478426 2.0066788 8
-2.3559811 1.0083026 2.0115964 9
-2.2440913 0.9339906 2.0114808 6.5
-2.1219249 0.88739252 2.007513 8
-2.0046272 0.84485972 2.0025084 8
-1.9556258 0.80954266 2.0014882 15
-4.8324685 2.2249026 2.1574183 41
-2.3450162 1.0701358 2.0258238 5
-2.2111022 1.0120674 2.0131531 8.5
-2.1023297 0.96618938 2.0156574 7
-1.9749889 0.91867572 2.0062854 11
-1.9617716 0.9019047 2.0038316 11
-1.946651 1.0658399 1.921706 12
-4.5931125 2.2699993 2.1722512 43
-4.4735236 2.2641637 2.1777742 46
-1.9688594 1.137973 1.9175091 39
-1.7714529 1.074814 1.8977456 7
-4.2246995 2.2887101 2.152184 52
-1.7894973 1.1603876 1.9247738 37
-1.7236736 1.1289109 1.9079598 28.4
-1.5165044 1.0988219 1.895782 50
-4.1354918 2.2908106 2.185148 53
-1.653795 1.1682234 1.9065387 31
-1.5845766 1.1868287 1.9148395 28.5
-1.4960632 1.1743233 1.9117866 30.666666
-1.3923954 1.1235642 1.9065694 22.4
-3.9584465 2.3252125 2.1538389 50
-3.9581194 2.3097885 2.1212354 58
-1.4348688 1.221643 1.8909646 24.333334
-1.344449 1.1963906 1.9181662 28.9
-1.2322979 1.1578408 1.9292414 21.625
-1.1596991 1.1281055 1.9039365 14
-3.7848403 2.3403983 2.0780339 51
-1.2432249 1.2284207 1.9059058 5
-1.1467724 1.1661091 1.9232919 15
-0.59665066 1.3013313 1.887223 8
-0.56858361 1.3162658 1.8817275 133
-2.9792614 2.4304609 2.123029 60
-2.8448138 2.4399736 2.067826 63
-2.7515097 2.4446666 2.0639796 66
-2.6578374 2.4437346 2.0549154 73
-2.5591795 2.4673781 2.0543034 70.5
-2.4346094 2.4779325 2.0524755 79.5
-2.307605 2.4971087 2.0014393 74.666664
-2.2143838 2.4894009 2.0555437 79
-2.0623381 2.5148997 2.0214331 33
6.9338722 1.3820403 1.3319106 11
1.4871014 4.1677814 1.7754127 84
1.5958052 4.1809635 1.7863067 89
1.7063677 4.1911387 1.7959734 87
1.8219295 4.2023835 1.8073312 79
1.9181519 4.2129064 1.7879205 83.5
2.0187047 4.2226052 1.7721936 81
6.8830814 2.0265453 1.3447803 33
2.1479161 4.2431169 1.7929223 81
2.2476697 4.2428112 1.7418326 85
6.1811666 2.4196746 1.4813331 20
6.8212438 2.1752257 1.3407489 9
2.2721372 4.2483449 1.8085011 83
2.3802049 4.2509212 1.7629406 81
2.5069284 4.2736492 1.7553295 82
2.6380503 4.291151 1.7492524 88
3.0731351 4.2673254 1.6760582 86
6.7983599 2.6214752 1.4366763 33
3.226881 4.2780867 1.7007866 86
6.8524756 2.692734 1.3664564 1
3.3926125 4.2977605 1.7299759 83
6.7615719 2.8351259 1.3627474 13
3.6392679 4.3156476 1.661201 81
6.1365128 3.2582941 1.4467533 23
3.8283329 4.3359432 1.6907899 82
4.1263609 4.3584838 1.5955145 80
4.3383894 4.376286 1.6244276 78
6.0653515 3.6001811 1.5036336 19
4.5666981 4.3956394 1.6562666 64
6.0332656 3.779417 1.5366054 23
4.994442 4.4428544 1.5657698 56
5.2699261 4.4665046 1.6014776 61
6.2021942 4.4300385 1.4611441 95.666664
5.963069 4.64465 1.4755616 51
6.1706581 4.62361 1.4905186 96
-11.070221 -0.40691996 2.6734266 36
-8.6556969 1.7864074 2.5734634 27
-3.9871149 0.28907442 2.1707375 8
-3.8132956 0.29097748 2.1807497 1
-7.2027254 2.0191312 2.4213958 26
-3.4565041 0.33558547 2.1733425 6
-3.0930543 0.3597663 2.1568027 1
-2.2707117 0.45458066 2.0363002 8
-5.7167749 2.0612364 2.3071423 26
-2.3709044 0.59615797 2.0307057 6
-2.2530551 0.51948726 2.0290973 7
-2.1147792 0.47278544 2.0260093 10
-2.3451436 0.64818984 2.0245368 6
-2.2173185 0.61848807 2.0317407 6
-2.0727615 0.53921747 2.00793 10
-1.969215 0.49701744 2.0303378 17.666666
-1.8699433 0.49396718 2.0316815 10
-2.1874156 0.69109684 2.031951 6
-2.0983989 0.62116909 2.0105004 8
-2.0377431 0.63445783 2.0056903 7.6666665
-1.9426007 0.59660506 2.010401 17
-1.8424565 0.5404582 2.0197012 16.5
-1.733719 0.51831645 2.037333 10.333333
-5.3501401 2.181282 2.3270075 36
-2.2857511 0.80670655 2.028415 6
-2.1562774 0.76261222 2.0330434 6
-2.0559583 0.7489121 2.0135846 8
-2.0103877 0.7309683 2.0064991 8
-1.8885494 0.69170296 2.0144866 11
-1.8043746 0.63154805 2.0175295 13.444445
-1.7099113 0.59928203 2.0188422 15
-1.6378354 0.55989701 2.0260589 14.444445
-1.5058967 0.54410112 2.0424976 9.5
-5.0833654 2.2186193 2.3632531 34
-2.118963 0.83140153 2.0306106 6
-2.0460434 0.84346759 2.0193911 6.5
-1.9838254 0.85807341 2.011004 6
-1.8442532 0.77098143 2.0128179 9.75
-1.7524401 0.72667187 2.0194788 15
-1.6886996 0.68173766 2.0269897 16
-1.6039498 0.65194583 2.023051 16.200001
-1.470896 0.60145783 2.0295348 16.799999
-1.3303113 0.57475239 2.0397551 15
-4.9106522 2.2079229 2.3348329 38
-2.1594472 1.0559226 2.0254815 13
-2.0789824 0.97007787 2.0251853 7.5
-1.9822574 0.96087343 2.01548 9.333333
-1.9318577 0.88430983 2.008713 11
-1.8025274 0.85668093 2.0098598 10.75
-1.7152432 0.80990523 2.020185 13.833333
-1.6488026 0.77999765 2.0243051 13.333333
-1.5565875 0.73924983 2.025919 15.3
-1.4406483 0.68604642 2.0335093 15.4
-1.2943234 0.62632221 2.0384467 18.285715
-4.8285418 2.2460413 2.2631195 39
-4.6709051 2.2435999 2.2926757 40.5
-1.9634356 1.0268195 2.0241413 8.6000004
-1.8864124 0.97956872 2.0095587 10
-1.766854 0.94695854 2.0185003 9.5
-1.6748288 0.89299083 2.0230024 13.833333
-1.608032 0.88005215 2.0291383 15.5
-1.5183803 0.82902026 2.0283549 15.111111
-1.3932841 0.7782346 2.0341911 15.166667
-1.2506331 0.72284901 2.0418906 18.333334
-4.4355597 2.2713914 2.2395442 42
-1.9391288 1.0821129 2.023994 13.5
-1.859936 1.0547761 2.0206206 15
-1.727437 1.0361276 2.0286 11.75
-1.6370239 0.97486168 2.0246263 14.4
-1.5782143 0.97319841 2.0279975 11
-1.4723191 0.91798311 2.0290396 13.454545
-1.343438 0.86961579 2.037349 15.2
-1.2033818 0.80856389 2.0426431 18.666666
-4.3365874 2.2779322 2.2609358 56
-1.6945692 1.101409 2.0341389 20.5
-1.5964067 1.069515 2.0325592 18.75
-1.5347689 1.062607 2.0417354 15
-1.4203044 1.0065187 2.0361545 14.111111
-1.2976069 0.94863212 2.0394597 14.6
-1.1651802 0.87076283 2.0441189 19
-4.1229682 2.2994583 2.2236624 50
-1.5158343 1.1257339 2.0500326 18
-1.367619 1.0905311 2.0443087 16.4
-1.2389269 1.035635 2.0437691 15.666667
-1.100246 0.96506143 2.0470865 18
-1.1963271 1.0993483 2.0505028 17.5
-1.1161392 1.180904 2.0409727 120
-3.2651496 2.4058163 2.2434676 58
-3.0771232 2.4129648 2.1989989 64
-2.9049246 2.4205434 2.1596582 68
-2.7719922 2.4454122 2.1953089 67
-2.65552 2.456851 2.1444283 71
-2.5184495 2.4630108 2.0989659 84
-2.415441 2.4732118 2.1492767 76
-2.4199588 2.4893956 2.1801906 72
-2.3210487 2.4943867 2.123811 74.5
-2.2265086 2.5001712 2.1224203 69.5
-2.1365707 2.512392 2.0844455 82.5
-1.0280213 2.6074727 2.0743871 22.5
-0.9703933 2.6098919 2.0689435 66
-0.91294056 2.6326208 2.0546257 70
-0.8072229 2.6343937 2.0332739 73.666664
-0.69267559 2.6481957 2.0277333 70.25
-0.60267639 2.6497128 2.0109792 70.25
-0.53996468 2.6766758 1.9989362 69
-0.4841888 2.661648 2.0031996 70
-0.39744163 2.672379 1.9908746 67.666664
-0.33803988 2.6762805 1.9998962 66.75
-0.24334502 2.6859655 1.9912217 68.5
-0.16119409 2.6820412 2.0071447 66.666664
-0.10916507 2.700429 1.9880531 68.166664
-0.022033691 2.7016103 1.981935 67.875
0.038850307 2.7030113 1.9634451 69.5
0.092855811 2.7188561 1.9814107 67
0.18834996 2.7196679 1.9747261 67.222221
0.31567276 2.7292352 1.972062 65.5
0.41268015 2.7376168 1.9733394 68
0.47859484 2.7445664 1.9774905 66.5
0.54384112 2.745255 1.977228 26
6.2211342 0.97967076 1.477181 104
2.0582614 4.2258482 1.8347296 90
2.181664 4.2390919 1.8506186 90
2.3126297 4.2588286 1.8701978 81
2.4105055 4.2713675 1.8336856 89
6.1655636 2.5785151 1.5044885 27
2.447787 4.2778058 1.8914664 85
2.5499237 4.2895532 1.8576413 79
6.1530681 2.7436333 1.5316374 31
2.6847174 4.303792 1.8537126 79
2.800679 4.3220282 1.7870355 83
2.8252611 4.3154869 1.8533146 87
2.9561925 4.3352823 1.8197428 80
3.1206903 4.3533092 1.8559868 81
6.2294459 2.9514556 1.5830274 48
6.770752 2.7998309 1.4622877 34
3.5577772 4.3089399 1.7579336 84
3.7421212 4.3324103 1.7929665 81
6.7492857 2.9820318 1.4885956 26
4.0132513 4.3449545 1.7173024 75
4.2201214 4.3672185 1.7527335 76
4.8103056 4.4213471 1.6932579 61
6.195096 4.0893912 1.6243815 53
5.5665512 4.492837 1.6398088 51
-11.119573 -0.46277285 2.7192297 13
-11.14384 -0.19185829 2.728477 12
-7.7391958 -0.11085057 2.5389147 27
-7.7511997 0.059533596 2.5441313 27
-9.8327084 1.6449564 2.6981521 19
-5.6474957 0.036410809 2.4128509 5
-5.6684947 0.17031312 2.424562 20
-7.9000258 1.4743272 2.6252778 29
-7.9122696 1.6601173 2.6380181 27
-5.5123658 1.517095 2.447206 16
-2.9225004 0.40247458 2.1613107 8
-5.8215604 1.7477479 2.4349201 1
-5.4783416 1.6485586 2.4479861 17
-5.4602485 1.787055 2.457118 20
-2.4087427 0.44660258 2.1519771 5.5
-5.8025351 2.057457 2.4684522 17
-5.4694905 1.9354321 2.4805026 24
-2.1807933 0.46340537 2.1536727 6.5
-5.6699777 2.1388326 2.4567714 36
-5.645957 2.159951 2.4226682 28
-1.9735382 0.48005748 2.157809 10
-1.8859489 0.4883917 2.125391 6.5
-1.7971287 0.51524943 2.1737068 4
-1.7150496 0.5107637 2.0775819 7
-5.3798995 2.1975873 2.4815392 35
-1.6090235 0.52455813 2.1187696 6
-1.5628531 0.52768505 2.0905778 7
-5.178349 2.1883748 2.4361124 36
-1.3900962 0.5438959 2.1128168 5.3333335
-1.334903 0.55489677 2.0635178 6
-4.8880367 2.2240937 2.4280427 34
-4.7550225 2.2342036 2.4180901 46
-4.5355682 2.2619047 2.3720803 46.5
-4.3248448 2.2869132 2.314559 42
-1.1500018 0.90668714 2.0522199 17.75
-1.0993685 0.98041242 2.052525 17.4
-1.4202691 1.1971296 2.146924 150
-1.1777917 1.1332414 2.0603113 22.5
-1.0413445 1.0601985 2.0565183 18.333334
-0.99691814 1.1340313 2.0709662 26.333334
-0.95784867 1.1495726 2.062717 20
-3.4200997 2.3922336 2.3110027 59
-3.1852694 2.4021902 2.2869298 67
-3.0515232 2.4228947 2.2953136 59
-2.9590006 2.4268494 2.2794635 65
-2.8690541 2.4308524 2.2587795 73
-2.7329938 2.4308298 2.2994437 68
-2.629674 2.4590051 2.2585328 65
-2.5225992 2.4654622 2.2374015 69.333336
-2.4287672 2.4746504 2.2445254 70
-2.3015387 2.4944301 2.225754 75
-2.1924422 2.5232964 2.230597 70
-2.1002021 2.5263021 2.1901648 74
1.2162465 1.5027208 1.9959201 12
1.2573794 1.4834602 1.9864278 16
-1.0392889 2.599807 2.1636889 16
-0.97105956 2.6046619 2.1410351 70
-0.90357637 2.6316817 2.1562414 78.5
-0.82030404 2.6290102 2.139523 71.800003
-0.76625866 2.6584678 2.1555424 72
-0.68760544 2.6477866 2.1298323 69.333336
-0.59080267 2.6432836 2.122443 66.333336
-0.55440366 2.6660247 2.1054142 70.5
-0.46780109 2.6694181 2.0977814 68.400002
-0.38773644 2.6640236 2.0636487 68.5
-0.34467256 2.7012696 2.0999358 66
-0.26148117 2.6851296 2.063374 65.666664
-0.1846993 2.7164125 2.0907712 67
-0.12132573 2.7233949 2.0905871 72
-0.057479501 2.7268901 2.088254 66
0.0069108009 2.7356074 2.091063 63
0.10336208 2.7416391 2.091553 61.5
0.20002317 2.7519469 2.0981808 67
0.26431757 2.7574613 2.0577691 64.5
0.33006603 2.7590542 2.0161297 63
0.400047 2.7707584 2.0306783 65
0.47097456 2.7798581 2.044076 63
0.54102308 2.7827904 2.053328 75
6.2937994 1.5717506 1.5650398 6
0.95976806 4.0671158 2.0587072 91
1.0638626 4.0768766 2.0587823 90
6.3423681 1.7350264 1.5979043 76
1.1712366 4.0862808 2.0606236 86
1.2795923 4.0952501 2.0633855 77
1.3941267 4.1146045 2.0720623 79
6.4332552 1.9145772 1.6443813 3
2.5839944 4.2919478 1.9115065 85
2.7314146 4.3153419 1.9380779 94
2.8630574 4.3304234 1.9379057 84.5
2.9955039 4.3462591 1.9171413 80
3.1505623 4.360827 1.9243474 79
3.2947488 4.3747606 1.8966872 81
6.2787361 3.1537609 1.6281067 77
3.9275851 4.3510141 1.8277676 81
6.2864962 3.3427169 1.6666325 111
4.1177821 4.3653393 1.8631066 79
6.2812881 3.5275655 1.7029233 114
4.4356384 4.3889399 1.7895504 69
4.6546412 4.4014692 1.8248312 58
5.0776873 4.4551315 1.735868 57
6.6775756 3.7504792 1.6191664 26
5.3478842 4.4734621 1.7757878 54
6.2126288 4.317749 1.6765093 103
5.8898249 4.5259733 1.685524 51
6.1866775 4.5237842 1.7199292 117
-11.056157 -0.44607544 2.8517358 35
-10.082177 -0.23351073 2.742439 6
-9.3092556 1.7066209 2.7448602 22
-5.3443236 0.067502856 2.451879 17
-5.3291092 0.18979061 2.4466588 22
-5.7823129 1.6942085 2.5839407 1
-5.978785 1.9559951 2.5226603 16
-5.745101 1.8264438 2.592546 18
-4.1541128 1.134557 2.3675492 60
-6.0072784 2.1041055 2.5794716 30
-5.6876054 1.9540968 2.5925725 16
-3.9071987 1.1642978 2.370338 59
-5.6228833 2.078558 2.5909915 15
-5.4827838 2.0888762 2.5073388 23
-3.6667595 1.1979878 2.3797204 53
-3.3845911 1.161906 2.3258212 35
-1.9724414 0.46472237 2.2715809 3
-5.4543347 2.1593673 2.5406795 40
-3.4541211 1.2406819 2.3893187 44
-3.1876545 1.2060709 2.33656 44
-5.1450753 2.1998296 2.5374568 34
-2.9287031 1.2589004 2.3613043 41
-2.783411 1.2275187 2.3371501 53
-4.978539 2.2060797 2.5029821 36
-4.7549334 2.2472115 2.507755 34
-2.5710301 1.2462809 2.3389895 128
-2.370477 1.2276391 2.3314455 101
-1.474144 1.244928 2.2203872 150
-1.4260683 1.2706592 2.2659905 24
-3.7424693 2.3508954 2.4505062 59
-3.586756 2.3783522 2.3843594 61
-3.4862447 2.3699858 2.424228 61
-0.96205115 1.2646694 2.182317 16
-3.3356166 2.3936517 2.3894062 59
-3.1965551 2.4169557 2.3623991 62
-3.1281564 2.4042094 2.3823032 63
-2.9798908 2.4217515 2.4236746 60.5
-2.8544383 2.4319644 2.3621004 61.5
-2.7399158 2.4546492 2.3137167 65
-2.6343489 2.4484243 2.350292 65
-2.5655632 2.4737608 2.3834074 66
-2.4706662 2.4898033 2.3452079 67
-2.3738768 2.5006385 2.3047056 63
1.250056 1.5194752 2.0101402 16
1.2718058 1.491277 2.0127482 17
-1.019821 2.5958757 2.2467883 36.333332
-0.94412267 2.6014123 2.2574 72
1.2453384 1.5357603 2.0250244 13
1.3235638 1.4946049 2.0634048 17
-0.96788162 2.6360109 2.196965 77
-0.90129757 2.6098566 2.2135627 76.5
-0.8127439 2.6199281 2.2097161 76
-0.70444739 2.6458576 2.2270586 70
-0.56788135 2.6707733 2.2469125 70
-0.4454726 2.6866682 2.2303598 71
-0.32371581 2.701755 2.216836 68
-0.23214996 2.7110472 2.2072382 66
-0.17121315 2.7180152 2.204215 66
-0.080264211 2.7264836 2.1981449 66
0.012209058 2.7353694 2.1949902 66
0.10348713 2.7404106 2.1912963 67.5
0.19622058 2.7459006 2.1895206 65
0.25936425 2.7540748 2.1934021 66
0.35014307 2.7621098 2.139524 64
0.46553075 2.7767313 2.1265965 70
0.53182542 2.7747669 2.1299379 70
1.2820935 2.4815211 2.1225481 11
1.3198696 2.5380766 2.1247115 11
1.418869 2.5828903 2.1212342 6
1.7044605 3.273401 2.0850377 12
1.7809693 3.2461567 2.0818541 3
1.9323353 3.1858401 2.0734124 2
1.8027077 3.3327498 2.0941074 7
1.8774018 3.2735064 2.0940511 6.5
1.9528706 3.2554746 2.0822048 2
2.0630884 3.177804 2.0798426 3
2.1802244 3.1145627 2.0839741 7
1.8186895 3.3956652 2.0839493 3
1.8984884 3.3582199 2.0822201 7
1.9690707 3.3040819 2.0715797 3
2.1074216 3.2735457 2.0910616 5
0.87446207 3.9090517 2.1358802 63
1.9241401 3.4627695 2.0857415 6
2.0458813 3.393672 2.0841012 4
2.1695509 3.3259065 2.0853777 6
2.2469354 3.273129 2.0833318 7
0.94925541 4.0706043 2.137444 89.333336
1.0507196 4.0818849 2.1461082 89.666664
1.1566535 4.0888386 2.1349339 91.5
1.262823 4.1015019 2.1444838 86
1.3505802 4.0692739 2.1579101 29
1.3733327 4.1095371 2.1255031 86
1.4965668 4.1261606 2.1084144 82.5
1.6101995 4.1338882 2.1152825 82
1.7410285 4.1438804 2.092942 81
1.8632753 4.1554518 2.1038442 86
1.9856248 4.1604204 2.111522 85
2.1129403 4.1730294 2.1251128 79
6.3975277 2.3774605 1.7086327 1
6.3569021 2.5233114 1.7240949 115
3.8761129 3.8587275 1.951196 17
3.9538088 3.772481 1.9330273 18
6.3436327 2.6843987 1.7501675 109
3.8921845 3.8882587 1.9414811 20.5
4.0191689 3.8316007 1.9433786 12
6.3271523 2.8458116 1.7754713 111
3.0338621 4.3522096 1.9903769 85
3.1698325 4.3741331 1.9795886 76
3.1933472 4.3702712 2.0189478 85
3.962904 3.9625206 1.9293714 13
4.1065774 3.9208832 1.9531465 8
3.3329835 4.3789172 2.0041413 72
3.4862592 4.3972211 1.9703027 78
3.6683369 4.4238944 1.9875423 75
4.3276668 4.3906379 1.9054439 75
4.5326309 4.4006224 1.9436281 61
6.2577806 3.7062902 1.7362841 111
4.9097748 4.4384732 1.8744141 57
6.2363629 3.8895564 1.7706455 110
5.1692371 4.4659142 1.9213877 57
6.229496 4.0915313 1.8146133 94
5.6401005 4.5006423 1.8224765 52
-5.2935715 0.10071945 2.5948155 22
-5.3147569 0.21939862 2.6060588 23
-5.5684834 1.489298 2.5916507 15
-5.4734306 1.6101956 2.5913539 19.5
-6.37396 2.0626721 2.714036 32
-5.4455066 1.7192149 2.5853305 17
-5.4590964 1.7590846 2.6186275 25
-5.4831157 1.9074256 2.6490588 25
-5.41432 1.8442695 2.599143 23
-5.4860778 2.0508442 2.6688399 25
-5.424542 1.9832302 2.6343338 22
-5.4405394 2.1537149 2.6699197 31.5
-1.9408617 0.53054279 2.3145857 8
-5.2421136 2.1858029 2.6049542 36
-4.9799008 2.2175283 2.6097481 34
-2.4786 1.2841333 2.3658381 63
-2.2449062 1.3175349 2.3616402 62
-2.2069728 1.2701651 2.3575003 33
-2.1517394 1.2834826 2.3510633 72.5
-1.9384919 1.3209969 2.3494234 150
-1.8161761 1.2953832 2.3390882 114.33334
-1.6725868 1.2811508 2.3176 111
-3.9329054 2.337671 2.5375752 60
-1.6989832 1.3266894 2.3382621 123
-1.492332 1.313 2.3381386 41
-3.6510103 2.3607051 2.5352075 59
-1.4686245 1.3331466 2.3250883 116
-3.4894385 2.3844609 2.4931068 53
-3.421221 2.3783422 2.5282764 62
-3.2589309 2.4001305 2.4986005 56
-1.0004086 1.3787928 2.3400369 17
-3.114399 2.4133482 2.4919548 55
-2.8639746 2.4262481 2.4749117 64
-2.7884154 2.4606328 2.4887853 64
-2.7108681 2.4526591 2.4224524 63
1.589228 1.3503542 2.1606851 8.5
1.6362327 1.3017012 2.1669044 9
1.4589437 1.5205255 2.1653619 15.75
1.5252523 1.460536 2.1659019 9.5714283
1.6080034 1.4075398 2.1670005 8
1.7125964 1.3878583 2.1616309 8.333333
-0.88335407 2.6417477 2.3186269 69.5
1.2973771 1.6824404 2.1634328 10
1.3887656 1.6204265 2.1455774 10.5
1.459232 1.5818981 2.160887 13.875
1.5656712 1.5370505 2.164464 14.25
1.6524436 1.4902357 2.1645103 9
1.73792 1.5246217 2.1658583 8
-0.78567368 2.6461668 2.2898955 75
-0.72495675 2.6587033 2.2810457 75
1.2666707 1.7813029 2.1847427 10.666667
1.3178611 1.7482266 2.1598213 8
1.4079586 1.7070491 2.1600144 8.75
1.496979 1.6611555 2.1591311 9.5
1.5876136 1.6142709 2.1631184 10.5
1.6853344 1.580384 2.1635118 15.25
1.7791193 1.5829456 2.1668358 19
1.2802862 1.8563819 2.1716235 9
1.3739369 1.8111836 2.1601596 7.5
1.4798911 1.8130132 2.1653705 6.5
1.5607004 1.7792616 2.1608934 7.7142859
1.647422 1.7239578 2.1611621 9
1.7335821 1.6664785 2.1643384 7.8571429
1.8221309 1.6459372 2.1648259 11
-0.38550377 2.6901426 2.3456388 72
-0.29892683 2.6978164 2.3308215 76.5
-0.21177149 2.7085114 2.3200717 76
1.24587 2.0180802 2.1808856 13
1.3047169 1.9646271 2.1590495 6.875
1.3996333 1.918038 2.16187 6.125
1.4990438 1.8839355 2.1632118 6.5555553
1.5998006 1.8504429 2.165117 6.8000002
1.6970737 1.7968581 2.1632648 8.25
1.7758615 1.7450957 2.1671712 7
1.8141816 1.7150471 2.1635516 7
-0.12493396 2.71716 2.3097801 74
-0.037957072 2.7257457 2.3014832 72
1.2346418 2.1810155 2.1855624 10
1.2691962 2.1151052 2.1690366 8
1.3553264 2.0801454 2.1687002 5.75
1.4503733 2.0296745 2.1690071 6
1.5512936 2.0110462 2.1696599 5
1.6480864 1.9557033 2.1706944 5
1.7170894 1.9088163 2.168416 5
1.7704871 1.884122 2.1769528 5
0.02071619 2.7304358 2.2965398 75
0.10828733 2.7365713 2.2886252 76
0.19748801 2.7452624 2.2866957 69
1.2489781 2.2736192 2.1889932 8
1.2964597 2.2018204 2.1658649 7
1.4060106 2.1599758 2.1629264 5
1.4934258 2.1322784 2.167995 5
1.5743212 2.0938029 2.1651537 5
1.6816084 2.0403848 2.1635118 5
1.7566831 1.9908191 2.1562128 6
1.8427991 1.9522144 2.1640358 6
1.9198954 1.9022965 2.1631041 10
3.6216307 1.2335813 1.9993203 8
0.25691408 2.7550797 2.2898853 72
0.35941935 2.7593751 2.2561333 68.666664
1.3233254 2.2610102 2.1678691 7
1.416738 2.2377729 2.168649 5
1.5409473 2.2009273 2.1703625 5
1.633626 2.1687217 2.1704087 5
1.725704 2.1324077 2.1718712 5
1.8141322 2.0889649 2.1673453 5
1.8757949 2.0617161 2.1702106 5
2.2890298 1.9217837 2.141005 6
3.5879698 1.3118671 1.9961159 23
3.7255256 1.2969887 2.0151453 17
0.47563297 2.7724411 2.2503698 68.5
2.0409524 2.1494789 2.1343956 5
2.1250098 2.096662 2.1402416 4.6666665
2.2191117 2.0139034 2.1385581 5.4000001
2.2789156 1.9903917 2.1405344 6.3333335
3.5133851 1.4650915 1.9860961 5
3.6392217 1.4510179 2.0049641 1
3.8059287 1.3533103 1.9972811 82
3.8587446 1.2753034 2.0051768 56
3.9244561 1.3042396 1.9694183 13
1.3028994 2.5925746 2.138648 13
1.3478593 2.4934521 2.1313801 7
1.4346199 2.4871507 2.1283445 5.8000002
1.510994 2.4380453 2.1262851 5
1.6142197 2.3989031 2.1252098 5
1.7047918 2.3614297 2.1300838 4.6666665
1.7940325 2.3233647 2.1292651 4.75
1.875999 2.2688358 2.1273465 5.5
1.9632246 2.2186732 2.1324706 6.875
2.0482044 2.1674106 2.1351252 4.6666665
2.1404898 2.1290019 2.134836 5
2.2274761 2.0768967 2.1391628 6
3.4071848 1.6038715 1.962779 55
3.4990821 1.564889 1.9827237 58.5
3.5729299 1.5174943 1.9886169 48
3.9496646 1.4089583 2.0060723 59
1.3618048 2.623404 2.1294994 9
1.4857055 2.5588169 2.1298571 5
1.5448033 2.5217729 2.1275773 5
1.6393182 2.4761777 2.1350956 5
1.7208977 2.4111629 2.129864 4
3.4552877 1.6525831 1.9659805 39
3.5988932 1.6525285 1.979039 46
3.6580827 1.5815445 1.9867123 46
3.7401819 1.5201052 2.0081353 13
1.3530372 2.7605865 2.2176874 10
3.5339994 1.7183814 1.9695948 6
3.699667 1.7063925 1.9817415 14
3.7901714 1.6467062 2.0026338 55
3.8671651 1.5776895 2.0161493 4
1.4018401 2.828691 2.192368 8
1.4445026 2.8213308 2.177629 5.5
1.5468513 2.7400334 2.1724415 5.5
1.6433923 2.7033846 2.1765909 6
1.738553 2.6613343 2.1796634 5
1.8293257 2.6146646 2.1808898 6
1.9200171 2.5642045 2.1815007 7.5
2.0058467 2.5082424 2.1792674 2
1.5039521 2.8934498 2.1862953 5.5
1.5807363 2.8272684 2.1888828 5
1.6806467 2.7847641 2.1855924 5
1.7893467 2.7547646 2.1951225 6
1.8453931 2.7081461 2.1807177 13
1.9210399 2.6911104 2.1919575 14
1.4687471 3.0172236 2.2061987 5.5
1.5566379 2.9877117 2.1675494 25
1.6219103 2.9318919 2.1809616 15
1.7148594 2.8609455 2.1725771 30
1.7846472 2.8268354 2.1646304 25
1.8988297 2.7916846 2.1686008 19
2.0113947 2.7485054 2.1694217 7
2.0865307 2.719677 2.1712987 2
1.7244387 2.9594798 2.1730168 7
1.8622711 2.9494004 2.189671 5
1.981288 2.903924 2.1814449 1
3.1874733 2.4092987 2.0817645 2
3.2251556 2.373513 2.0855298 2
3.0720301 2.5499566 2.0822182 7
3.1537578 2.4772186 2.0835016 2
3.264884 2.439044 2.0898464 3.5
2.7175386 2.8399751 2.0799785 4
2.8028622 2.7940705 2.0841157 3.5
2.8901577 2.7554855 2.0993793 8.5
2.9746563 2.709945 2.1048396 1.5
3.0266283 2.6356058 2.0931025 36.5
3.1055181 2.6018426 2.0905499 1
3.1800747 2.5470326 2.091646 1
2.1998692 3.1649127 2.0922191 5
2.2702854 3.1075616 2.090013 6.5
2.3445222 3.066752 2.0766973 3.3333333
2.4223049 3.0258219 2.0780075 2.6666667
2.5058427 2.9910908 2.0847952 4.6666665
2.6086597 2.934546 2.0833659 4.1666665
2.6806641 2.9207685 2.0840979 2.5
2.7871938 2.8389812 2.0888834 4
2.9009492 2.7742195 2.103231 8
2.9254031 2.7743442 2.1065454 6
2.2236209 3.2068973 2.0888817 7
2.3152964 3.1948144 2.0886307 6.5
2.4046156 3.172842 2.086225 7
2.4683967 3.1031225 2.0765691 3
2.535862 3.0383313 2.0718267 3
6.4577246 1.3821809 1.7602471 12
6.4410095 1.5229349 1.7738824 122
1.0161949 4.0737424 2.2395225 150
6.427032 1.6668503 1.7904353 120
1.1431477 4.1198654 2.2421622 86
1.2475379 4.1027412 2.2042594 84
1.3348153 4.0598154 2.1898005 43
1.4194598 4.0158658 2.1754932 58
1.5067731 3.9794788 2.1662531 69
1.6024618 3.9645264 2.1701448 63
6.4126501 1.8098509 1.8069879 119
1.4694853 4.111824 2.1880767 83
1.7560256 3.9600675 2.1878862 69
6.418232 1.9593296 1.83138 22
1.5816084 4.1289568 2.2058775 85
1.7021978 4.1385498 2.1877482 83
1.7897271 4.1069589 2.2147498 112
1.8957677 4.0076337 2.2047243 79
1.9638526 4.0081787 2.1834488 72
2.0686967 3.9913657 2.1886494 62
1.8293329 4.1485329 2.1671691 78
2.1816144 3.9884706 2.2037563 67
1.9536144 4.1679444 2.1872036 84
2.075434 4.1753278 2.2020154 78
2.2493443 4.1925502 2.145309 87
2.388149 4.2055459 2.163126 77
2.5340786 4.2263212 2.1857064 78
4.6268349 3.5122058 2.0077829 1
4.7388325 3.4304605 2.0154481 0.5
4.1539087 3.7949948 1.9779643 0
4.3125353 3.7642393 2.0050526 0
4.403089 3.6750348 1.9989327 1
4.4309154 3.6824141 2.0042474 1
4.5421591 3.6070194 2.0053959 1.25
4.7021923 3.5483181 2.0232296 0
4.2403955 3.8617129 2.004133 0
4.3367348 3.7721331 2.0036154 0
4.3921909 3.8186936 2.0012219 1
4.4863482 3.7213311 2.0026169 1
4.2844658 3.901284 1.9942887 1
6.3165503 3.0100918 1.8034647 110
3.516499 4.4023705 2.0621316 77
3.6602252 4.3618016 2.087441 65
3.7457814 4.2791967 2.0588107 56
3.8993387 4.2566981 2.0799942 64.5
6.2916312 3.1719532 1.8303734 110
3.6884427 4.4247866 2.0659018 76
3.9221444 4.2909203 2.0539117 42
4.0871873 4.2742896 2.063448 46
6.2733974 3.3385105 1.8599735 108
3.8753715 4.447144 2.0656171 74.5
4.0699825 4.464994 2.089226 71
6.2652569 3.5148182 1.8931901 106
4.7591414 4.4229441 1.99073 63
5.4336395 4.4846115 1.9687431 50
6.2137156 4.2887001 1.8560418 92
5.9549823 4.5309224 1.8747041 53
6.1872315 4.4840393 1.8971553 114
-7.6681004 -0.13596797 2.8661375 28
-7.6804829 0.049884796 2.8768837 28
-6.9238777 1.7118901 2.8686461 18
-6.8826351 1.8817071 2.8711374 18
-6.8072882 2.026614 2.8754795 26
-5.2412429 2.19625 2.7305889 35
-4.1357174 2.3222558 2.6324577 58
-4.0134535 2.3173928 2.677942 56
-3.8289046 2.3375933 2.588495 60
-3.8174963 2.3499982 2.6462617 57
-3.5727406 2.358865 2.602407 59
-3.3962936 2.3885608 2.6346765 55
-3.2444167 2.3843708 2.5652895 57
-3.12007 2.4070036 2.6215265 59
-3.0186808 2.4354737 2.5953021 58
-2.9420948 2.4306493 2.540168 59
-0.68521106 1.6942635 2.4102793 4
-2.4105439 2.4936569 2.5848498 67
-2.3036425 2.5044048 2.5346146 69
1.9919807 0.65361297 2.1878314 6
1.9082994 0.87535334 2.1856241 6
1.9955127 0.83790356 2.1939092 5.5
2.2338901 0.71397889 2.2049742 6
1.8111849 1.0461873 2.1737189 8
1.8665326 0.98045522 2.1798205 6
1.9602239 0.94468266 2.1845975 7.8000002
2.0373731 0.8828212 2.1883991 5.5
2.1395984 0.88465708 2.1948733 5
2.2101722 0.8676939 2.1844049 5
2.2980142 0.73593903 2.2001967 5
1.72779 1.1759682 2.1690886 8.5
1.8175023 1.11555 2.1756372 8.833333
1.8999264 1.0678284 2.1809225 7.6666665
1.9893548 1.0325048 2.180428 8.5
2.0973387 0.99225211 2.1918569 7.3333335
2.1767569 0.94192219 2.1977036 5.1999998
2.3331738 0.91172338 2.2033005 4
1.6876119 1.286211 2.1708581 8.6000004
1.7579508 1.2391657 2.1749003 8.6000004
1.8448993 1.2040255 2.1756878 8.333333
1.951283 1.169315 2.1791294 7.25
2.0275159 1.1096644 2.1799557 7.25
2.1182952 1.0730093 2.1862619 7.3333335
2.2302804 1.0515816 2.1941621 6.5
2.3027949 0.9795965 2.1973317 5.1999998
2.4118288 1.0043355 2.2022498 5
1.639991 1.3612592 2.1725359 9
1.7190003 1.406157 2.1721261 8.666667
1.8086488 1.3386641 2.1748624 7.25
1.8725452 1.2800009 2.1748245 6
1.9975324 1.2634016 2.176121 5.75
2.0850358 1.2134343 2.1829872 6.1666665
2.167089 1.164053 2.1904185 6.3333335
2.255053 1.1186212 2.1952224 5.6666665
2.3574612 1.1017206 2.1979825 5
2.4288957 1.0366983 2.202584 2.5
-0.86091328 2.6464746 2.4636393 66
1.2760606 1.7242824 2.222404 8
1.7717047 1.4976637 2.1703415 7.3333335
1.849352 1.4433992 2.1738303 6.75
1.9319881 1.3841987 2.1756456 6.5
2.0135667 1.3310202 2.1799817 5.6666665
2.1040511 1.2748164 2.1866097 5
2.2189035 1.288021 2.1900558 5.6666665
2.2813065 1.2094979 2.1942585 5.8000002
2.3942652 1.1831944 2.2011013 5.5
-0.77025688 2.6567278 2.4380889 73.5
-0.64985013 2.6653223 2.4033921 70
1.2635301 1.7939351 2.250885 9.166667
1.8168296 1.5820243 2.168993 13
1.882957 1.5095078 2.1733265 6.1999998
1.9786551 1.4823804 2.1756625 5.6666665
2.0602903 1.4446672 2.1776416 5.1666665
2.1404977 1.3678598 2.1833324 5.1666665
2.2784257 1.3732328 2.1916089 5
2.3523564 1.3241606 2.1986132 5
2.4212954 1.2703701 2.2058163 5
-0.53134131 2.6747508 2.3743703 80
-0.44453239 2.6899736 2.3617816 78
1.2549371 1.9566109 2.2633092 7
1.2554936 1.8735363 2.2794509 11.25
1.8618641 1.664181 2.1699047 9.25
1.9267888 1.6130273 2.1689293 14
1.9976916 1.5609773 2.172724 7.75
2.1196957 1.5062423 2.1802948 6
2.1962643 1.4838852 2.1847835 5
2.2612643 1.4445871 2.1950591 5
2.3405919 1.3993218 2.2071567 5
2.6069491 1.3242747 2.1962538 6
2.7170753 1.3095219 2.1750753 5
2.7639904 1.2210045 2.1810446 3
1.9013453 1.7792939 2.1715426 7
1.9715154 1.7286048 2.1770861 6
2.0550404 1.6523412 2.1758766 11.5
2.1484458 1.580994 2.188175 9
2.3879504 1.5664506 2.1920869 7
2.4268303 1.5164771 2.1867957 6
2.5020571 1.4493389 2.1954794 5
2.6191871 1.4063331 2.190973 5
2.6907687 1.3714361 2.1758561 5
2.7975459 1.3373678 2.1838868 5.5
2.9257951 1.3124089 2.1776714 15
1.2376207 2.1069407 2.2552249 8.75
1.8137443 1.8486114 2.1738193 5
1.8616675 1.8175942 2.1765203 5
2.0257745 1.8358299 2.1676664 11
2.1058736 1.7829411 2.1724489 9.5
2.1800599 1.7250154 2.1724696 12
2.2573647 1.6657076 2.1777451 14.5
2.3315635 1.6044934 2.1821742 11
2.5623326 1.5697771 2.1619878 5.5
2.6391163 1.5250845 2.1799634 5.3333335
2.7199216 1.4498425 2.1758003 5
2.8186049 1.4538015 2.1680455 9
2.888716 1.3725244 2.1771398 13
1.23506 2.20593 2.2424839 10
1.9843434 1.8792748 2.1769409 5
2.2764235 1.8081688 2.1643698 13
2.3507776 1.7796736 2.1813555 12
2.4296179 1.734284 2.1620579 7.3333335
2.4989529 1.6838183 2.1678009 9.6000004
2.5889871 1.6080987 2.1733761 6
2.6935754 1.6200147 2.1679688 6.5
2.7574904 1.538749 2.168469 5
2.8920321 1.5437958 2.1773055 16
2.9457269 1.4905472 2.1829138 15
3.5299835 1.2040516 2.0689611 38
1.2466539 2.3467293 2.2797227 9
1.936106 2.0317864 2.1710799 6
2.0002055 2.0045519 2.176785 7
2.0937383 1.9572062 2.1818092 5
2.1773393 1.8989501 2.1781547 6
2.2302589 1.8558917 2.1731064 8
2.3681931 1.85313 2.1431479 10.4
2.4511383 1.811883 2.1493034 5
2.5455666 1.7674193 2.1563623 8
2.6434503 1.7159684 2.1564407 11.5
2.7339039 1.6967647 2.1660788 10
2.8211265 1.6265101 2.1773379 10
3.4212937 1.4313611 2.0857224 49
3.4788899 1.3643613 2.0926301 2
3.7899356 1.2258757 2.033483 0
0.56926411 2.8061757 2.3198793 0
2.3408928 2.000541 2.1418853 6
2.3857093 1.9468411 2.1485991 6
2.4870701 1.9025977 2.1521733 5.5
2.5683274 1.8355328 2.1539195 5
2.6288011 1.7945925 2.1624527 5
3.3927627 1.5106466 2.0992422 37
3.7381577 1.3952473 2.0404365 1
3.8596647 1.2562319 2.1037993 103
2.7553782 1.8960673 2.1959522 3
3.6177049 1.5654135 2.0873032 53
3.6932435 1.4959487 2.0989001 51
0.92231619 2.8070471 2.3349199 43.5
1.3217599 2.6923485 2.295939 10
2.5225406 2.1541877 2.2042859 5
2.5733829 2.1054838 2.2042189 5
2.6355405 2.0233622 2.1947856 3
3.5112884 1.6179249 2.0582666 10
0.88073969 2.9057655 2.3454494 58
0.94673091 2.8875439 2.339272 14
1.3408014 2.7812092 2.3295128 5
2.1574454 2.4226632 2.1890666 1
2.2338924 2.353905 2.1815672 2
2.3219521 2.2974963 2.1886923 3
2.4037294 2.2329361 2.1899803 1
2.4658198 2.1956542 2.1985166 2
2.7392476 2.1546464 2.1972227 23
0.90853316 3.0022602 2.3515759 36
2.0697153 2.4778292 2.1858909 0
2.2019236 2.515626 2.177371 24.5
2.29725 2.4581978 2.1784413 20
2.3666945 2.4231353 2.1845293 21
2.4603231 2.3582582 2.1849813 18
2.5564234 2.2955651 2.1903448 18
2.6456876 2.2244165 2.1914043 19.5
0.8507207 3.1376715 2.3608854 57
0.92198527 3.1029129 2.347801 46
1.9886476 2.6579571 2.1922166 17
2.0507808 2.6184809 2.1866395 22
2.1049464 2.5715959 2.1773722 29
2.8295827 2.3311956 2.2005169 7
2.9027205 2.2824764 2.2049131 8
2.165859 2.6944587 2.1780121 2
2.2744336 2.6388314 2.1772134 2.5
2.3841286 2.5827065 2.1793294 3
2.4720137 2.5580742 2.1934881 5
2.5486848 2.5198193 2.1979692 6
2.6045461 2.4623473 2.1862431 3
2.694602 2.4323819 2.2020879 6
2.7647946 2.3849654 2.2037218 6
3.0204513 2.3726006 2.1794982 18
3.1058505 2.3239279 2.1860507 2
3.1728082 2.2604542 2.1813846 3
2.0724287 2.8898826 2.1916997 1
2.1483355 2.851974 2.1852124 1
2.2333663 2.8231468 2.1874027 2
2.3059008 2.7779837 2.1789153 4
2.3874896 2.7419333 2.1781082 4
2.476042 2.7104533 2.1839809 3
2.6034198 2.6552584 2.1894078 5
2.7206345 2.5859754 2.1870737 4
2.7974772 2.536716 2.1861804 5
2.9061809 2.5127168 2.2099407 7
3.2663951 2.3372443 2.0950494 2
3.3775377 2.468498 2.1275566 3
4.0665455 2.2132661 2.1045756 21
4.0238829 2.3009856 2.114332 22
0.84930193 3.7953796 2.3306153 66
3.743448 2.7003801 2.1444867 17
3.7776566 2.6054718 2.1240604 10
3.8742566 2.5529349 2.1407418 1
4.050766 2.6684783 2.1070192 18
4.1448002 2.6017761 2.1154089 3
1.0024879 4.1354551 2.365787 77
3.9793649 2.7492213 2.1115372 22
5.3094339 2.2250347 1.9711992 0
1.1089764 4.1474242 2.3828146 75
3.7634528 2.9845507 2.1280005 9
3.9047277 2.9581783 2.1604483 3
3.9580219 2.8635802 2.1437168 11
1.3113005 4.167943 2.3272409 78
2.6107483 3.6206629 2.1852984 1
2.7058241 3.5862992 2.1926315 0
2.8139379 3.5647531 2.2094901 12
2.9674909 3.4433436 2.1959565 4
3.0718975 3.4135964 2.2118111 2
3.1584733 3.3611288 2.2131469 3
3.2384665 3.3017313 2.2117136 4
3.7296512 3.0934837 2.1578679 12
1.4839833 4.1861811 2.3619184 79
2.0333552 3.980701 2.241924 70
2.9172239 3.5355029 2.2224295 16
3.960659 3.1543477 2.1075878 20
4.0328312 3.0645247 2.0947058 14
5.2863836 2.5019526 2.0026157 8
5.3367949 2.5408976 2.0063508 6
2.1838574 4.0519037 2.3018847 68
2.3065543 4.0010266 2.228543 67
3.0852761 3.6514812 2.2163889 2
3.2811489 3.5507169 2.2196145 0
3.7936592 3.3166804 2.1243539 7
3.9176333 3.2695429 2.1382954 7
5.288352 2.6508424 2.0262382 1
5.5671401 2.5025525 1.974044 27
2.4356511 4.0150242 2.2560945 75
3.7052522 3.3929093 2.1329229 13
5.1891699 2.7493429 2.0111887 5
5.2413154 2.7929811 2.0239775 1
5.3544827 2.7079921 2.0234356 2.5
5.471159 2.6214547 2.0205944 4
5.5856695 2.665977 2.0140214 6
2.2030976 4.1877799 2.2205913 84
2.3168535 4.1670318 2.222038 103
2.4082961 4.1069622 2.2037385 101
2.5113583 4.0658007 2.1982651 72
2.6330595 4.0491886 2.2073121 66
3.6838799 3.5313187 2.181911 17
5.0849028 2.9976611 2.0222883 1
5.1274981 2.8755357 2.0099454 5.5
5.3188829 2.8516338 2.0254402 1
5.5355072 2.7974553 2.0306971 2
6.3589478 2.3954582 1.8863983 7
2.7694507 4.0512228 2.2279596 66
3.6612782 3.7184587 2.1292229 8
3.8960681 3.5972211 2.1290896 15
3.9744496 3.4981012 2.1084609 2
4.9970379 3.1075525 2.0168393 1
5.081439 3.0101264 2.0199149 1
5.1312275 3.0580955 2.0209694 1
5.2158003 2.9496653 2.0186703 1
5.3210421 2.9982729 2.0239048 1
5.4301972 2.8997478 2.0272264 1
6.345953 2.5476794 1.9101658 117
2.6834254 4.2423081 2.2089007 80
2.9197917 4.0656705 2.2580566 72
3.8262675 3.7045708 2.1564012 2
4.8418255 3.3204513 2.0123172 0
4.9315243 3.2334356 2.0193644 0.66666669
5.0181217 3.1463451 2.0115807 1
5.1026392 3.187711 2.0170274 1
5.2106051 3.0940847 2.0195837 1
2.8329442 4.2516594 2.2298679 80
2.9818969 4.2525167 2.2496028 76
3.0982692 4.2021947 2.241909 68
3.2032664 4.1350412 2.2264533 67
3.3119483 4.0728145 2.2159107 20
4.7865238 3.4465537 2.022161 0
4.8680854 3.3587646 2.0233989 0.66666669
4.9912324 3.2784841 2.0146208 1
6.3315382 2.7016215 1.9340864 119
6.3166862 2.8568482 1.9590814 121
6.3107829 3.0190516 1.9886876 120
4.0624862 4.2403469 2.1047153 35
6.2473598 3.691062 1.9280875 106
6.2288518 3.8708556 1.9631393 107
5.0111475 4.4591384 2.0465231 55
5.2605653 4.4778948 2.0979338 51
6.2215562 4.0599022 2.0047231 100
5.7241492 4.5136323 2.0246351 52
-7.1139379 -0.02878046 2.8429418 14
-7.1394701 0.14648104 2.8572793 16
-7.8176579 1.5841053 3.0301931 23
-7.7379594 1.7642734 3.018296 19
-7.6482968 1.9400407 3.0045631 10
-5.4714866 1.7370952 2.7832756 25
-2.0796394 0.31650239 2.5899546 25.333334
-2.0206187 0.30591369 2.5868447 24.5
-5.4817691 1.8760943 2.8044307 24
-2.1845338 0.42588717 2.6020577 10
-2.0491278 0.43057904 2.5772245 24
-1.9812993 0.39048725 2.5872779 24.25
-5.4947524 2.0184715 2.8278861 23
-2.1447766 0.54259425 2.5762968 22.4
-2.0390153 0.52558851 2.5895512 25.5
-1.9607806 0.49175024 2.5872087 24.333334
-5.4954529 2.1597981 2.8464415 43
-2.0026186 0.58933598 2.5634544 15
-1.91427 0.57617337 2.5618963 22.333334
-4.33636 2.2971373 2.7258801 52
-4.2258339 2.3029165 2.7845535 55
-3.9547968 2.3263974 2.7548742 54.5
-3.7138186 2.3516824 2.7233353 56.5
-2.2386217 1.7480537 2.5944443 25
-3.5346193 2.3654459 2.7022567 57.5
-2.2055845 1.8045143 2.599442 28
-2.1291375 1.7450519 2.588726 28
-3.2633424 2.401365 2.7080562 59.5
-2.2906253 1.980389 2.6003945 23
-2.1626101 1.8926643 2.6017399 25.5
-2.1137595 1.8571439 2.5967121 29
-2.0368092 1.809211 2.5868261 28
-1.9201797 1.7631173 2.6188641 24
-3.1467302 2.4264066 2.6590998 59
-2.2582693 2.0404313 2.6045496 21.5
-2.10726 1.9780803 2.6025872 26
-2.0482905 1.9312553 2.5980015 28
-1.9534407 1.9144924 2.5948737 15
-2.3249755 2.227339 2.6025667 19
-2.1985462 2.1109781 2.605124 23.333334
-2.0730095 2.0394702 2.6091604 29
-2.0169644 2.041312 2.6053133 10.666667
-1.9651588 2.008209 2.6151993 14
-2.6404607 2.4727101 2.6994991 65
-2.2778988 2.2885299 2.6062341 20
-2.1451113 2.1779237 2.60853 2
-2.5005267 2.4759617 2.6577575 65
-2.3452792 2.4538801 2.5920835 5
-2.3483329 2.3633454 2.6536229 29
-2.2486596 2.3729153 2.6018479 20
2.3146498 0.69086158 2.211153 3
2.4946737 0.61951041 2.2169135 6
2.5794859 0.59569615 2.2227871 5.5
2.4356854 0.72100782 2.2208877 2.3333333
2.5233264 0.72164369 2.216639 1
2.5994458 0.63716727 2.2227066 6.5
2.7243714 0.59890902 2.227335 6
2.7964334 0.57582384 2.2145634 1
2.8327885 0.52148432 2.2283659 0
2.4772737 0.76495612 2.2106862 7
2.5399716 0.76130259 2.2127206 4.5
2.6587815 0.74213815 2.2269027 6.5
2.8040147 0.62876618 2.2287459 0.5
2.7400577 0.78293437 2.2293818 5
2.4315333 1.0781634 2.2117338 5
2.6766443 0.90534204 2.2273042 1
-0.89802331 2.6291847 2.5504262 43
-0.80055463 2.6257501 2.5475371 67
2.5117605 1.1422012 2.2121785 5
2.5674903 1.0804007 2.2173743 5.6666665
2.8624213 1.0063906 2.2105303 4.5
2.9336452 0.95793682 2.2561884 1
-0.73467171 2.6354589 2.5367339 68
-0.65298569 2.6438334 2.5252888 70
-0.57017708 2.649713 2.5076685 71.5
2.4805083 1.2117696 2.2095335 5
2.7440197 1.1718578 2.214983 6
2.9341707 1.0638065 2.1882892 13
-0.51804996 2.6611238 2.500385 71
-0.44034159 2.6628714 2.4927685 71
-0.36805451 2.6637359 2.4839973 70
0.94702107 2.0544438 2.3828847 41.75
1.0069016 2.0296094 2.3677475 65.400002
1.2464032 1.9332348 2.3732364 9.5
1.2544751 1.8740362 2.3312719 10.333333
2.6639946 1.2793773 2.2109182 5
2.7025867 1.2251534 2.2115304 5
2.8469017 1.2488678 2.1861765 12
3.0439739 1.1333604 2.1898553 7
3.0921826 1.061744 2.2203383 9.5
-0.31242287 2.6714094 2.4793603 65.5
-0.21718168 2.6804388 2.4757667 64.25
0.94279128 2.1164401 2.3866427 43.25
1.0097671 2.0681336 2.3741808 98
1.242452 1.9994336 2.36763 9.3999996
2.8774638 1.3178785 2.219825 12.5
2.9565105 1.2331992 2.2291923 10
3.2315927 1.1346238 2.2109203 11
3.3521066 1.0944703 2.2383616 13
-0.090076208 2.6936975 2.476856 68.25
0.025047183 2.7003167 2.4768157 66.333336
0.92920971 2.2980485 2.3858049 49.75
0.976484 2.2544885 2.3683469 52
1.2303218 2.1740534 2.3410962 8
2.6957049 1.5080745 2.2079105 5
2.7529099 1.4576473 2.2143662 5
2.8106923 1.4058712 2.2217419 7
3.0396755 1.3746883 2.1877501 22
0.073554635 2.7156751 2.4949818 71
0.13341641 2.7132809 2.4892302 68
0.21515971 2.7179732 2.4935443 66.333336
0.89519477 2.3993468 2.3966408 51.666668
0.9594599 2.3673294 2.3684182 92
1.233166 2.2190773 2.3426552 9.333333
2.9917543 1.4330364 2.1849096 17
3.1867561 1.41461 2.2409434 9
0.31445354 2.7283912 2.5026665 69
0.90971339 2.5094664 2.3845661 60.75
1.2448857 2.3381562 2.3562987 8
3.1066165 1.5342062 2.2372687 11
3.1487651 1.4751284 2.2404883 14
3.4078782 1.3868964 2.2126236 23
3.9251804 1.176985 2.112777 18
0.86590767 2.6039524 2.4252045 44
1.2545677 2.4300883 2.3535137 11
2.9987397 1.6365538 2.2159259 0
3.0825868 1.6016643 2.2490976 12
3.3775463 1.5467665 2.2508788 41
3.3945887 1.4670945 2.2331333 35
3.3248224 1.6094248 2.2465036 12
2.7312574 1.9646542 2.213841 6
0.87096727 2.9657464 2.4623587 39
2.8797359 2.1646719 2.2639716 8
2.9878564 2.2415662 2.2197523 7
3.0785351 2.2025766 2.2382774 8
0.81623697 3.3117552 2.4142544 56.333332
0.88461518 3.2735333 2.4024312 27.5
0.83815193 3.361846 2.4029436 60
0.90479177 3.3323934 2.4114101 11
2.9881616 2.4644642 2.2127323 8
3.8260188 2.3074181 2.2316244 10
3.7851243 2.3976297 2.2493589 5
4.0075717 2.4054728 2.1408339 12
3.9885585 2.5089684 2.1664901 1
4.5482335 2.32617 2.1678481 10
3.7408223 2.8206737 2.1855783 17
4.5055962 2.4302728 2.1831346 4
0.96065515 4.1374655 2.4580257 81
3.7205992 2.9301651 2.2175257 53
4.3609123 2.6057134 2.1877279 0
4.4431324 2.5234644 2.1894286 1
4.9873219 2.3704901 2.1627207 9
1.0610578 4.1466627 2.4693725 79
1.1655489 4.1617022 2.4856334 82
3.5996661 3.0918183 2.2380807 4
3.7021666 3.0454216 2.2535424 18
1.2168162 4.162075 2.4018388 76
1.3231411 4.1620941 2.4144883 73
1.434364 4.1741557 2.4352007 82
3.3328142 3.2556634 2.2197301 2
3.4170339 3.1976755 2.2220585 4
3.5219946 3.158936 2.2395964 2
5.5403318 2.3383317 2.0359135 0
1.550519 4.1960583 2.4629006 78
1.6028498 4.1948609 2.3870058 80
3.712503 3.2201931 2.2011771 18
4.5921888 2.8664889 2.1858675 2
4.693933 2.7832632 2.1901891 1
1.7244194 4.2089028 2.4160862 75
3.6899505 3.3449185 2.2427943 28
4.2958937 3.1100216 2.181113 1
4.3900285 3.0279765 2.1799843 1
4.487916 2.9464583 2.1816196 2
5.564353 2.4971547 2.0609875 17.666666
3.6614866 3.4689772 2.2827969 7
3.6700385 3.682795 2.2388103 12
4.355823 3.4803948 2.1866322 1
4.4681878 3.4001346 2.1842897 2
4.5965004 3.3292193 2.1921632 1
4.7487602 3.2684863 2.2097218 0
3.5161562 4.1181064 2.2683012 67
6.2887383 3.1752703 2.014215 114
6.2697649 3.3355961 2.0416639 110
6.2593021 3.5041842 2.0747981 111
6.2410698 3.6751118 2.1075449 111
5.5245781 4.4989443 2.154417 50
6.2051048 4.2508082 2.044997 88
6.0382361 4.5453496 2.0859897 55
6.1828809 4.4409857 2.0856507 92
-7.669179 -0.13560605 3.0086389 27
-7.6818843 0.04382658 3.0232167 27
-7.425396 -0.10342169 3.0528431 17
-5.2411547 0.12435544 2.8606927 23
-5.2557917 0.25216413 2.8757801 24
-7.3127627 1.6223122 3.0182807 16
-7.291698 1.7988492 3.0324197 18
-6.9170532 1.6857712 3.0488741 19
-7.2206116 1.9631382 3.0276418 25
-6.851048 1.8359056 3.045006 18
-2.197073 0.48388165 2.6308398 22
-1.783703 0.34606788 2.6117208 21
-1.9525275 0.45129144 2.593713 24
-1.8019954 0.43778747 2.6098754 22
-1.7914132 0.39757302 2.6188996 20.333334
-1.9290942 0.54151797 2.5939279 24
-1.7897328 0.50577295 2.6442657 18.666666
-1.7964494 0.58997989 2.6784847 16
-4.5639572 2.275171 2.8343182 47
-4.4413085 2.2810595 2.8931532 45
-4.2038741 2.3183181 2.8346589 46
-4.111073 2.307884 2.8850291 45
-3.8534198 2.3438513 2.8391259 53
-3.6946535 2.3338511 2.8106966 55
-3.5545118 2.3812156 2.8595939 53
-3.528826 2.3556564 2.8559933 52
-3.3941922 2.3815062 2.7757192 58
-1.9249492 1.8744595 2.7340388 14
-1.9215791 1.8522401 2.6819527 18
-2.7674239 2.4653466 2.7672865 57
-2.7029152 2.4422865 2.7951591 66
-2.5857763 2.4539881 2.7312024 73
-0.81049669 2.6207459 2.6779501 65
-0.74702239 2.6309762 2.6618152 68
-0.65030539 2.6390994 2.6347721 68
-0.55480075 2.6444783 2.6077271 69
3.0755153 1.0395455 2.2759595 1
-0.51226759 2.6580939 2.6379554 67
-0.42806327 2.6633615 2.6140339 68
-0.36546528 2.6690543 2.6048374 68.5
3.2552187 1.0191345 2.3299875 37
-0.30760181 2.6722708 2.6111031 66
-0.21483552 2.6813986 2.5992439 64.5
0.90579224 2.1981974 2.4497225 11
1.2365394 2.0290902 2.4535923 10.833333
3.3008852 1.0678321 2.3303497 32
-0.090117455 2.692625 2.5868957 66.833336
0.015681028 2.697803 2.5922234 64
1.2302566 2.131897 2.4581141 9.5
3.3613207 1.1745584 2.2663262 12
0.063956738 2.7034836 2.5363851 66
0.14914644 2.7093639 2.5690801 64.5
0.24396604 2.7204921 2.5668356 65.333336
1.2314514 2.2871656 2.4519043 9
3.2516184 1.3640684 2.2609026 7
0.29451007 2.7255003 2.55478 63.666668
0.3649767 2.7296185 2.5421672 64.14286
0.43862224 2.7366209 2.5541987 64.5
1.2457683 2.3989017 2.4654689 10
1.2354503 2.3263924 2.4563749 10
0.49913198 2.7444808 2.5597079 73.800003
1.2552739 2.4706919 2.4555409 11
1.2866174 2.5907717 2.4516344 11
0.87478065 3.1290965 2.5234175 39
3.0785189 2.2112193 2.3759525 7
0.87792367 3.3047748 2.5768893 36
1.0467443 3.5264707 2.5590911 6
3.8122721 2.3494806 2.3432295 10
3.8566647 2.3003757 2.3074939 8.5
3.778744 2.4736185 2.3484852 4
3.7937653 2.3790064 2.3068397 6.5
4.0624232 2.3275137 2.3301184 9
6.4980097 1.2777927 2.0329545 120
3.7943852 2.5186629 2.3172264 6.5
4.3813887 2.2653642 2.2377291 18
3.7708704 2.6246901 2.3477893 3
4.7866287 2.3169746 2.2482281 11
5.3574138 2.1107078 2.2179832 1
6.4696631 1.582196 2.0656083 9
6.4562178 1.7368066 2.0844681 124
1.0251584 4.148243 2.5561695 91
1.1248798 4.1610217 2.5666738 96
5.2585869 2.3533287 2.2455733 22
1.2459222 4.1665988 2.5358493 84.5
1.3489106 4.1730132 2.5469279 60.5
4.9218898 2.6202042 2.2112751 1
5.0056429 2.5197883 2.2092862 1
5.6125984 2.3041 2.176223 16
6.2760763 2.0186057 2.1520591 80
6.4373341 1.8916343 2.1027107 117
1.4880166 4.2017498 2.5376406 83
1.5960629 4.2075658 2.5533624 77
4.8138175 2.7073219 2.2025027 1
5.5371375 2.4270859 2.1843643 18
6.4131861 2.044415 2.1212559 42
1.6660368 4.2051268 2.4852252 78
1.785713 4.2200065 2.5134609 76
5.4963984 2.5664225 2.2066491 8
1.8518672 4.2301831 2.4510026 81
1.9813468 4.2461925 2.4856114 81
5.4486737 2.7022858 2.2293112 3
6.4229856 2.209517 2.152868 33
2.1149495 4.2658429 2.5240598 83
3.6505191 3.6148114 2.3383148 3
5.0904036 2.9939849 2.2123444 2
5.1985416 2.8937252 2.2126729 3
5.3293815 2.8031044 2.2237594 3
2.3837674 4.1985369 2.4099286 75
2.5277634 4.235455 2.4552186 79
3.6033149 3.7296624 2.3733144 4
4.8836651 3.1946559 2.2200527 1
4.9757528 3.0872846 2.2102432 1
2.6773148 4.2327952 2.4417043 71.5
2.8441174 4.2454638 2.4354956 76
3.169646 4.2044506 2.3623717 68
3.8028278 4.2460852 2.371716 76
6.2278028 3.849309 2.1430578 114
6.2237854 4.0336285 2.1832604 110
6.2009597 4.2131414 2.2206101 107
5.8111515 4.5253258 2.2165177 52
-7.4204035 0.067100763 3.0639002 18
-7.1470432 -0.055861712 3.0489898 14
-7.1081562 0.10406518 3.0493269 16
-5.2476211 0.14896059 3.0073447 23
-5.0488834 0.14757895 2.9262562 20
-5.0380206 0.27178681 2.9244089 19
-4.7627831 0.15234375 2.9395661 19
-5.0193658 0.39692736 2.9190392 19
-4.7523146 0.2657932 2.9374063 19
-4.4856334 0.13154328 2.9546981 18
-4.7383704 0.3798945 2.9340219 19
-4.486455 0.23576462 2.9580481 18
-4.475975 0.33937001 2.9555767 19
-4.4705863 0.44303477 2.957473 18
-5.1294308 1.8142589 3.0176227 18
-5.0823951 1.9377863 3.0192509 17
-4.7185044 1.8623313 2.9443719 20
-1.7912714 0.53957176 2.6985955 15
-5.0181475 2.056994 3.013525 17
-4.7546315 1.9252456 3.0190816 16
-1.8063307 0.64786208 2.746192 11
-1.7977399 0.60799444 2.7383163 15
-4.956533 2.1751783 3.0079513 17
-4.7052536 2.0368059 3.0201683 18
-4.669034 1.9771329 2.9425457 21
-4.6486492 2.1451738 3.0196476 16
-4.6339355 2.0971832 2.9509132 21
-4.405508 1.944858 2.9602702 20
-4.808825 2.2520821 2.9519472 37
-4.582099 2.2120306 2.9509294 22
-4.364027 2.0533473 2.9618101 20
-4.1321969 1.9793217 2.9784184 19
-4.599906 2.2570107 3.0247991 22
-4.3285136 2.1644685 2.9698668 20
-4.0965471 2.0816395 2.9821756 19
-4.4085903 2.2949934 2.9354417 45
-4.2762976 2.2682176 2.9675 32
-4.0538092 2.1808286 2.9823313 19
-4.0110016 2.2799861 2.9834838 30
-4.0427222 2.3333964 2.9382386 48
-3.8672383 2.3192902 2.9085147 52
-3.6909304 2.3490489 2.9387898 53
-3.026396 2.4386334 2.9058428 60
-2.8985314 2.4554381 2.8382909 59
-2.8295312 2.4347653 2.8679323 69
-2.5798259 2.4742198 2.8527803 79
-0.94121897 2.605226 2.7176602 29
-0.86042285 2.632926 2.7289512 69
-0.74736083 2.6332831 2.6980166 60
-0.65742064 2.644093 2.7134035 62.75
-0.56818378 2.644845 2.7079606 62
-0.50555301 2.6510766 2.6897521 65
-0.41815233 2.6616421 2.7055583 62.25
0.14608914 2.389642 2.7017739 26.5
0.21758807 2.3690736 2.7006547 26
-0.29820395 2.6704152 2.7004857 62
-0.17307568 2.6802049 2.663492 65.5
0.12219262 2.5551693 2.7051585 26
0.16138273 2.4766307 2.7037072 26
0.25205851 2.4606199 2.6991391 26
0.35026717 2.4221652 2.6737802 26
-0.078931332 2.6921914 2.6442721 67
0.11166561 2.5805914 2.707197 26.5
0.19614214 2.5705998 2.7028997 27.200001
0.31833863 2.5608933 2.6899159 24.5
0.35432202 2.5499134 2.6898196 26
0.92691195 2.2790172 2.639755 52.400002
0.079135895 2.7185712 2.6250641 67
0.13736629 2.6977289 2.6644766 49
0.21728253 2.6939301 2.676506 37.333332
0.30819899 2.6424742 2.65885 20
0.90998793 2.3697982 2.6448054 60
0.95798516 2.3411689 2.6287887 27.333334
0.27077055 2.7311883 2.6341734 65
0.36857551 2.7393463 2.6461692 61.5
0.85662377 2.5488312 2.6577911 54
0.90881371 2.5225093 2.6342669 66
0.46855479 2.7596507 2.6724389 64
0.88579702 2.612118 2.6417108 56
0.84209847 2.7361832 2.661212 53
0.89684689 2.7377279 2.606297 23.5
0.85622072 2.810586 2.6435232 63
0.90918052 2.7754405 2.6332061 62.5
3.1818171 1.9993289 2.4623516 48
0.81036896 3.2154174 2.6279166 47
0.85081923 3.1385245 2.606622 60
0.81157398 3.3679521 2.6166053 58
5.3858929 1.4005833 2.2587528 1
0.81334907 3.4896183 2.611299 51
3.8226678 2.2125421 2.4174097 4
5.370863 1.5220034 2.2766743 1
6.4770923 0.99608374 2.2090468 76
0.80947804 3.630873 2.649128 87.333336
1.0415442 3.5232749 2.5924489 4
3.7608967 2.2966781 2.427381 5
6.4489131 1.1484644 2.2208393 122
6.5225158 1.156394 2.2199724 20
0.82899398 3.6871192 2.6465366 56
3.7904761 2.4574893 2.3642077 4
3.9432282 2.3090692 2.392 2
4.0820861 2.3286176 2.3889585 3
3.787838 2.5788867 2.3993175 3
4.2787342 2.3269799 2.4153202 3
6.5044045 1.3043685 2.1787722 107.5
3.7877698 2.6018791 2.3950341 3
4.7171183 2.3136935 2.378334 0
6.4716988 1.6008344 2.2405641 8
6.4818654 1.6095271 2.1588936 9
5.0835094 2.3234611 2.3551166 23
6.4533162 1.7587924 2.1696105 109
6.2673769 1.9955925 2.2416999 68
6.4352398 1.9110794 2.1847079 98
1.4309833 4.1919141 2.6024828 85
1.5374367 4.2017145 2.6174383 79
1.7239338 4.1455598 2.6006622 66
1.8138785 4.1058269 2.5881245 68
1.6774635 4.2136493 2.6030431 82.5
1.9188863 4.1009645 2.597703 76
2.0262268 4.0983481 2.6101985 76
1.8290521 4.239049 2.6033113 79
1.929269 4.2434316 2.585434 77.5
2.1219845 4.1347661 2.5926416 58
6.4146309 2.2240829 2.2251177 32
2.0361845 4.2514071 2.5762298 75
2.1686673 4.2759256 2.6149094 86
2.2559538 4.2887778 2.5681133 81
6.3890939 2.5447259 2.2711272 5
2.8093183 4.2706051 2.5289776 72
2.9379971 4.2618303 2.553833 24
6.3616643 2.6869814 2.2273867 53
3.0050037 4.2760124 2.4804099 70
3.1620083 4.2918835 2.5171077 72
3.3986754 4.2977877 2.4446383 64
3.5884385 4.3308787 2.4936388 75
4.1095667 4.3739409 2.4797456 73
6.1790118 4.394453 2.2589588 96
6.1310606 4.5632086 2.2886934 64
-5.2619467 0.27444279 3.0253456 23
-5.0552969 0.1929574 3.0424697 20
-4.8774085 0.13840437 3.0453999 20
-5.0305805 0.30885744 3.0403974 18
-4.8419218 0.24736297 3.0383461 17
-5.0039706 0.42392004 3.03917 16
-4.8136153 0.35620892 3.0378065 17
-4.2315326 0.20620787 2.9634202 17
-4.2162862 0.2989639 2.9572649 17
-4.0867591 0.26026654 3.0192266 17
-4.2208719 0.39391243 2.9645958 17
-4.0647011 0.35875964 3.0117748 21
-3.8289368 0.25789893 2.9680886 20
-4.0570717 0.45705914 3.016355 17
-3.8248179 0.35337722 2.9718213 21
-3.5958209 0.23687744 2.9822702 21
-3.8275113 0.45130002 2.9991732 21
-3.5913568 0.32345796 2.9846947 21
-3.8073463 0.54352033 2.9956667 2.5
-3.5808206 0.40954483 2.9836721 20
-3.5728121 0.496746 2.9858689 21
-4.4511681 1.9245241 3.0330143 20
-4.3936758 2.0204756 3.0300336 20
-4.1591825 1.9277923 3.032829 19
-4.3448877 2.1202683 3.0337982 20
-4.1131191 2.0189495 3.0365107 19
-4.2838163 2.2146399 3.0295155 20
-4.0559521 2.1041114 3.0342147 19
-3.8971031 2.0022492 2.9938512 18
-4.0056973 2.1945086 3.0395861 19
-3.8594916 2.0949583 2.9931562 18
-3.5345745 1.9524639 3.0161586 17
-4.225204 2.3100944 3.0294495 59
-3.9554086 2.2827048 3.0438828 19
-3.8306189 2.1937084 3.0002816 18
-3.4918478 2.042906 3.0230589 21
-3.347362 1.9998443 3.0116298 20
-3.8686786 2.3493545 3.0208893 60
-3.7872005 2.2849455 2.9981327 22
-3.4411204 2.1298161 3.0262816 21
-3.3075325 2.0882854 3.0206747 21
-3.2121773 2.0149875 3.0272593 20.5
-3.3865156 2.213923 3.0251336 17
-3.2546134 2.1687648 3.0185268 21
-3.3368959 2.3002269 3.0314229 17
-3.2055032 2.2520163 3.0217466 21
-3.2863297 2.3882973 3.0397081 25
-3.1592894 2.3376367 3.0302577 23
-3.1597214 2.4187727 2.9766874 59
-3.0759668 2.3948627 3.0031922 55
-2.5799837 2.2162268 2.9158483 19
-2.9546244 2.418921 2.9373267 61
-2.786334 2.4243126 3.0070066 49
-2.8261075 2.4604816 2.9958773 55
-2.694674 2.4620337 2.9401314 61.5
-0.95692486 2.6098659 2.8593104 34
-0.85927451 2.6235988 2.8203444 64.5
-0.73648739 2.634392 2.8221583 62
-0.6140846 2.6493409 2.8520448 62.333332
-0.58231831 2.6444545 2.8032079 63
0.12337321 2.2802274 2.7164481 22
0.19859546 2.2852635 2.704345 26.5
-0.50604212 2.6613789 2.8370397 66.166664
-0.40951312 2.6694698 2.8395951 67
0.10389322 2.3741057 2.7217746 17
0.2333492 2.3803289 2.7029207 26
0.30192363 2.3041081 2.706265 25.5
0.37879145 2.3062289 2.6964622 24
-0.30344474 2.6759143 2.8207064 64.833336
-0.19927895 2.688936 2.8055012 65.75
0.085122585 2.528851 2.7811265 13
0.27001274 2.4573286 2.7050552 24
0.34556592 2.3886881 2.7026365 23
0.44895375 2.3670495 2.7115471 24
0.4862017 2.3221722 2.7035217 25
-0.14633989 2.6901212 2.8324392 68
-0.07311523 2.701896 2.789263 63
0.013620615 2.7135203 2.7598503 62
0.23806572 2.5783081 2.7098498 27
0.29423642 2.5343564 2.7090604 25.5
0.41065639 2.4736204 2.7110639 27.5
0.45638174 2.4599738 2.7137146 23.75
0.8628093 2.3153994 2.6800725 56.5
0.073906541 2.7043886 2.7423227 25
0.40946478 2.5703571 2.7080185 28
0.86409301 2.4006579 2.6754894 57
0.96620685 2.3331413 2.6558769 25.5
0.37458712 2.6874466 2.7037845 23
0.43760556 2.6989498 2.7148006 30
0.80897629 2.880343 2.6966579 30
3.300015 2.2619326 2.5015259 1
3.7498441 2.4119463 2.4729128 4
4.1145287 2.3142362 2.4464188 3
3.7592664 2.5454845 2.5356479 3
4.1674409 2.3148661 2.498915 2
4.3247266 2.3415785 2.4948161 6
6.5029149 1.291816 2.2928128 116
6.4311447 1.4623973 2.2640891 13
6.4168921 1.619549 2.2860944 119
6.2715478 1.902421 2.2921219 32
6.3963933 1.7750878 2.3074806 117
6.4625635 1.7436843 2.2813177 10
6.4412355 1.8924938 2.2890098 103
5.6081624 2.3583896 2.3607793 15
6.4088669 2.1904645 2.3337758 50
6.4154878 2.2105305 2.2938313 42
2.0554647 4.2319083 2.6344452 71
6.3885508 2.5274272 2.3297908 5
6.3541393 2.6979091 2.2894349 51
3.3246591 4.3074431 2.5574143 67
3.4755297 4.3008862 2.5868104 17
3.7808094 4.3529806 2.5401039 64
3.9730175 4.3675027 2.5853381 64
-3.8727384 0.2717396 3.0267394 21
-3.8545475 0.36319232 3.0233462 21
-3.6440039 0.34668255 3.032223 20.5
-3.4807794 0.27127719 3.0355163 19
-3.6151762 0.47169793 3.0311556 2
-3.4565976 0.34915066 3.0312767 18
-3.3447301 0.34894812 2.9933872 20
-3.4256115 0.46501094 3.0322764 10.5
-3.3414669 0.42731082 2.9986444 2
-3.197485 0.5309552 3.0059264 20
-3.1124895 0.43818963 3.0045946 18.5
-3.0093026 0.39258462 3.0175259 20
-2.8356252 0.3378911 3.0167332 22.333334
-2.7926843 0.2864846 3.0151255 23
-3.178937 0.60803628 3.0040605 18
-3.1018882 0.53135175 3.0062976 18.333334
-2.9852335 0.49838477 3.0151796 20
-2.8733451 0.45167983 3.0134292 22
-2.7932785 0.40591037 3.019542 23.6
-2.6271183 0.3406837 3.0271139 22.75
-2.5574083 0.30715513 3.0184391 25
-3.0891228 0.60332686 3.0147026 8
-2.9757476 0.57071698 3.0218184 19
-2.8519609 0.55538768 3.0096993 21
-2.7715642 0.51219738 3.0257995 21
-2.6377096 0.45960879 3.0293527 21.5
-2.5664349 0.4179185 3.0202272 24.333334
-2.5541224 0.37020004 3.0262191 25
-2.8369117 0.62417358 3.0098207 22
-2.7491395 0.59795386 3.0211794 22.5
-2.6214862 0.55192703 3.0306377 20
-2.5543463 0.51789469 3.0212064 23
-3.0967774 1.9940649 3.0230701 20
-3.1375089 2.1290379 3.0291696 21
-3.0520208 2.0704963 3.0233688 21
-3.0863328 2.2048182 3.0310068 21
-3.0071948 2.1468964 3.0246646 21
-2.8433185 2.0728343 3.0384853 20
-3.0398078 2.2837417 3.0392845 21
-2.9678271 2.2289801 3.035547 21
-2.7772026 2.1775422 3.0432038 20
-2.9918973 2.3631454 3.0484834 21
-2.9184411 2.3033655 3.0364611 20
-2.7301199 2.2452915 3.0450721 19.5
-2.9029596 2.4074848 3.0451913 26.5
-0.96862376 2.6051192 2.9542503 15
-0.92448509 2.6216984 2.9486895 60
-0.85788691 2.6236792 2.9292107 61.714287
-0.77652931 2.6318014 2.8945696 61
-0.74060786 2.6375732 2.8976648 62.599998
-0.65323806 2.6447573 2.8756895 63
-0.57183146 2.6528857 2.8709421 67
-0.14309025 2.6941109 2.8829861 63.5
-0.061114788 2.7049031 2.8786178 64.25
0.044771552 2.6956635 2.8639264 47.333332
0.4893688 2.7005699 2.8466392 25.5
1.253667 2.3634281 2.812815 43.5
1.2973435 2.3736506 2.8090913 38
1.3620974 2.3220809 2.8069611 26
1.2235451 2.4833243 2.822212 79
1.3055731 2.3946278 2.7901249 49.5
1.2515635 2.6974218 2.8368859 37.333332
1.2925688 2.6588998 2.8314743 44
1.2687831 2.7563193 2.8387172 37.5
1.1840603 2.9364252 2.8407836 40
1.2471167 2.8947134 2.8427606 39.333332
1.30108 2.8136592 2.8367734 35
1.1648816 3.0181587 2.8286555 40
1.2522286 2.9952204 2.8449111 38.333332
3.4467001 2.068007 2.6316037 22
1.2223767 3.3437123 2.8058498 35
3.5694337 2.3351734 2.6615796 7
3.7907054 2.223274 2.5553708 8
1.2534356 3.4272883 2.8078303 24.5
3.7480564 2.31426 2.5742555 4
4.0757818 2.2328949 2.5307944 5
6.4648952 1.1106348 2.4151034 109
1.2090238 3.5387461 2.8089304 30
1.302258 3.542357 2.8296266 26
3.7567377 2.4371977 2.6316922 3
1.1910474 3.6713207 2.8113627 33
1.2967217 3.6945646 2.850868 21
4.4334402 2.3634233 2.6042695 11
4.6641083 2.4036336 2.5934775 4
5.016542 2.3310714 2.4974236 10
6.1958904 1.8078212 2.4378233 64
5.4955931 2.3675561 2.5133343 2
6.3493443 2.4298778 2.4287305 118
6.4234619 2.520709 2.3762891 3
3.8461423 4.3480425 2.6918511 26
4.1596923 4.3658891 2.6234279 29
-2.5892124 0.43160927 3.0426397 21
-2.5500412 0.54549527 3.0404994 29
-0.73687828 2.6327214 3.0753703 65
-0.63321733 2.6444402 3.0546768 65.400002
-0.56462467 2.6615896 3.0422146 60
-0.498106 2.6604564 3.0219986 61.833332
-0.3934747 2.6696358 2.9976966 62
0.081184506 2.4681282 2.9630175 10
-0.346524 2.6767554 3.0134544 62
-0.28314102 2.6785185 2.9727879 61.400002
-0.19162905 2.6881542 2.9731841 62.5
0.077373862 2.5714772 2.9745715 11
-0.071666002 2.6947327 2.970047 60.75
0.021595955 2.7043619 2.9691176 63
0.075690866 2.5974078 2.922353 14
1.2617338 2.3860788 2.8420529 46
1.3306363 2.3552761 2.8322666 36.333332
0.5116592 2.7458723 2.9197304 16
1.2660941 2.4429147 2.8430436 38.5
1.3551441 2.3867135 2.8412471 34.333332
1.3080633 2.5011744 2.8404551 44
1.3119881 2.8930106 2.8495526 33
0.87193584 3.1234608 2.9386475 24
3.547174 2.0301406 2.6695404 16
3.4917483 2.293993 2.7499378 2
3.7681351 2.238585 2.7158892 9
3.7456584 2.3359542 2.7456048 3
4.0241685 2.2391927 2.6669757 1
6.4597974 1.2615564 2.4352701 105
3.7521749 2.5561526 2.6829059 2
4.3845873 2.2690654 2.6759002 13
4.4518037 2.3410678 2.6403944 4
4.6793747 2.4001112 2.6635098 1
6.4234276 1.5618482 2.4723654 12
6.4044862 1.7112336 2.4924459 110
1.1333053 4.1121659 2.9516714 72
1.2382873 4.1095109 2.9492862 80
1.3492193 4.1228013 2.9600284 70
5.366044 2.3580077 2.6404049 1
6.3780947 2.0191312 2.5431268 81
-0.89262748 2.2379622 3.114872 10
-0.83184469 2.2001753 3.1104453 26
-0.8462351 2.2710338 3.1146898 25
-0.77611166 2.2662852 3.1173422 25.333334
-0.8544426 2.4233437 3.1165633 24
-0.7279712 2.3565197 3.1267004 25
-0.67333084 2.3055925 3.1247938 25.5
-0.94558579 2.5688467 3.1132202 22
-0.90135348 2.5643382 3.1087418 26
-0.77651089 2.4703507 3.1249039 24.25
-0.69356012 2.4899988 3.1280179 24
-0.61933792 2.3945198 3.1301928 26.333334
-0.52939177 2.3846588 3.1302996 24.5
-0.82668412 2.6122506 3.1038821 46.833332
-0.65958118 2.5372984 3.1314909 23
-0.56744111 2.5015037 3.1331325 23.5
-0.47599244 2.4583595 3.1369302 25
-0.40447414 2.4497144 3.1396966 26
-0.71608162 2.6391916 3.0888352 58.666668
-0.58563447 2.5909874 3.1377289 26
-0.5101918 2.5908127 3.1404893 26.666666
-0.41734409 2.5395772 3.1469433 25
-0.47053218 2.6417971 3.1443515 39
-0.38334835 2.6390853 3.1359339 37.5
-0.25847042 2.678772 3.1051672 61.5
-0.16675758 2.6836374 3.0813787 58
-0.1053257 2.6903915 3.0722966 56
-0.043824077 2.697114 3.0642118 54
0.038244724 2.679986 3.0609603 36.5
0.54479086 2.7650137 3.0574324 17
0.56048983 3.0248387 3.0525126 64
6.4310951 1.0838683 2.6111798 4
3.9576154 2.237874 2.8089724 1
0.86795777 3.725374 3.0020702 23
1.3714298 3.5149658 2.9623442 20
4.3000784 2.2669458 2.8040791 1
4.7829046 2.4144042 2.7770975 1
1.2107285 4.1161356 3.0567231 96
4.9649997 2.4203568 2.7204678 2
1.3275585 4.1257544 3.0328391 67.5
1.4455204 4.1395979 3.0263932 72
1.5677384 4.1546588 3.0185194 68.5
1.6979752 4.1665444 3.0053065 75
1.8247284 4.1881394 3.0302522 77
-0.32724142 2.4888301 3.1485887 25.5
-0.30566978 2.5957258 3.1564801 23.5
-0.22123122 2.5349097 3.1566982 24.5
-0.13872015 2.5596769 3.1537366 24
-0.27093661 2.6601906 3.1525865 37.5
-0.1873486 2.6565969 3.1571786 36.333332
-0.055351019 2.5938938 3.1635509 23
-0.11113977 2.6819637 3.152168 47.5
-0.034221292 2.6960895 3.1407351 58
0.025367498 2.6609991 3.1580398 41
0.61397386 2.8742769 3.1894524 20
0.62599623 2.9815693 3.1925058 19
0.60964495 3.0445595 3.182096 20
0.67768258 3.0472951 3.1814528 19
1.4782698 2.6761496 3.0597804 19
0.65619266 3.1453469 3.1800308 19
0.73059404 3.1507287 3.1890574 19
0.63718963 3.2718093 3.1893623 21
0.71209472 3.2583933 3.1857243 19
1.4725759 2.8869193 3.0778682 18.5
0.6974225 3.3978834 3.1955001 19.666666
0.91426939 3.2609751 3.0854661 21
1.4959587 2.9765935 3.1131711 18
0.73768783 3.4077892 3.1941772 19.5
1.4406984 3.1475337 3.0833087 19
4.0564685 2.1788688 2.8343191 7
0.81770903 3.8983386 3.1394107 21
0.85689861 3.7815254 3.150039 17
4.6687031 2.2800822 2.8028762 8
6.4192758 1.5186939 2.6768904 2
0.87326074 4.0170226 3.1242454 18
4.9009576 2.4365017 2.8788879 1
1.368762 4.1397481 3.0976055 75.5
6.356863 1.9496431 2.734972 60
1.5310915 4.1647382 3.1432469 81
1.5432522 4.1593938 3.1071279 81
1.6634399 4.1697025 3.1000817 70.5
1.7905786 4.1856856 3.0937326 69
1.9296477 4.1964025 3.0808702 72
3.7326512 0.73661399 2.9497206 16
0.63760841 2.7359176 3.1934633 20
0.70118946 2.7384355 3.1931241 19
0.62451494 2.8636019 3.1948998 19
0.67223996 2.8168235 3.1932719 19
0.76536769 2.7680197 3.1946011 19.5
0.85299122 2.7573619 3.1951787 19
0.96153957 2.7370965 3.1929917 19
0.62423086 2.9189382 3.1941605 18
0.71379972 2.9032288 3.1966162 19
0.80337334 2.8638346 3.1931412 18.833334
0.89572316 2.8410616 3.2006121 19
0.96637893 2.8032799 3.202769 19
0.74161786 2.9632752 3.1967418 19
0.83328831 2.9451771 3.2019839 19
0.94106835 2.8997359 3.2067027 19.125
0.78282344 3.0544019 3.1883917 19
0.88599807 3.0492673 3.1840484 19
0.95871437 3.055392 3.1952214 20
0.80415177 3.1521122 3.1960099 21
0.91208237 3.1366765 3.1915116 20
0.79089481 3.2585509 3.196285 20
0.86739409 3.2455206 3.1965601 20
0.94210231 3.2267253 3.1927657 20
0.71185637 3.4060771 3.2024422 20
0.8348431 3.4060311 3.2049022 20
0.92339975 3.3563347 3.2021759 19
1.549456 3.2250993 3.2135751 16
1.5462748 3.1456013 3.215297 16
1.5624528 3.3024375 3.2226346 19
1.6158345 3.3007331 3.2013099 17
1.4934585 3.3843279 3.1974349 17
1.6025052 3.4148264 3.23894 16
4.6373625 2.3123751 2.9785831 1
1.5554361 3.7450736 3.1734233 17
1.6469694 3.7374201 3.1808434 17
1.5538868 3.84196 3.1806037 17
1.6438355 3.8197069 3.1806529 22
1.7382921 3.7664845 3.1884363 17.5
1.5537319 3.9393332 3.1756673 18
1.6512916 3.9202707 3.1843133 18
1.743953 3.8891656 3.1848969 22
1.8435109 3.8714035 3.1974566 18
1.5390553 4.0660834 3.1696625 18
1.6428387 4.0453601 3.1828368 19
1.739794 4.0068927 3.1818862 19
1.8410136 3.9807444 3.1930616 19
1.641011 4.1751842 3.1700165 79
1.7598623 4.1833382 3.1780386 75.5
1.8730948 4.191226 3.2054994 66
2.0034235 4.2052402 3.2149131 70
6.2500095 2.3750863 2.7889562 43
6.3061833 2.5546558 2.8528962 106
4.4159756 2.2505274 3.0442088 7
6.373601 1.7485983 2.9089828 106
6.3219004 1.8763931 2.9136143 64
6.2076616 1.9848347 2.888896 41
1.9695082 4.1841216 3.2487025 28
4.9357986 2.3247006 3.1256645 3
6.3021498 2.4589906 3.0346928 110
6.2957964 2.6093626 3.0689712 56
4.4080009 1.027182 3.3150141 18
4.5065064 1.0404694 3.3607216 20
4.6139159 1.0170884 3.3264222 14
4.3621922 1.2168828 3.3121648 2
4.5721498 1.110989 3.3142467 13
4.436708 1.2309222 3.3685942 2
4.5739298 1.2173244 3.3375404 12
4.7161131 1.4081509 3.3216267 13
4.5471735 0.9459691 3.3629253 20
4.7397084 1.3616019 3.3776841 18
